date,temperature,precipitation,wind_speed,weather_state
2015-01-01,-2.75,0.0,8.5,partly_cloudy
2015-01-02,-0.75,4.6,24.4,cloudy
2015-01-03,3.7,18.8,34.9,rainy
2015-01-04,2.95,6.2,25.2,rainy
2015-01-05,-0.3500000000000001,0.1,18.5,cloudy
2015-01-06,0.85,0.0,7.6,partly_cloudy
2015-01-07,-1.25,1.2,13.6,cloudy
2015-01-08,2.85,2.8,34.1,cloudy
2015-01-09,6.9,7.1,37.8,rainy
2015-01-10,10.6,5.3,41.3,rainy
2015-01-11,5.6,16.2,31.4,rainy
2015-01-12,4.15,0.1,28.8,cloudy
2015-01-13,5.05,0.0,10.8,partly_cloudy
2015-01-14,3.75,5.1,24.8,rainy
2015-01-15,3.6,0.0,9.9,partly_cloudy
2015-01-16,3.8500000000000005,0.0,11.5,partly_cloudy
2015-01-17,1.8,11.5,15.1,rainy
2015-01-18,1.4500000000000002,0.0,7.2,partly_cloudy
2015-01-19,1.15,0.0,7.1,partly_cloudy
2015-01-20,0.8999999999999999,0.0,6.4,partly_cloudy
2015-01-21,1.35,0.0,14.3,partly_cloudy
2015-01-22,1.2000000000000002,0.0,9.2,partly_cloudy
2015-01-23,0.8,1.7,10.8,cloudy
2015-01-24,0.25,0.2,12.3,partly_cloudy
2015-01-25,-0.30000000000000004,2.8,16.5,cloudy
2015-01-26,0.4999999999999999,4.3,13.8,cloudy
2015-01-27,0.0,11.7,21.3,rainy
2015-01-28,0.6000000000000001,0.0,15.5,cloudy
2015-01-29,2.25,3.8,20.1,cloudy
2015-01-30,-0.45000000000000007,1.8,26.7,cloudy
2015-01-31,-0.6499999999999999,1.2,22.0,cloudy
2015-02-01,-2.1,1.6,16.2,cloudy
2015-02-02,-0.85,3.9,22.9,cloudy
2015-02-03,-3.55,0.0,10.8,partly_cloudy
2015-02-04,-3.1999999999999997,0.0,9.4,partly_cloudy
2015-02-05,-4.05,0.0,24.8,cloudy
2015-02-06,-2.4000000000000004,0.0,27.6,cloudy
2015-02-07,-4.8999999999999995,0.0,17.3,cloudy
2015-02-08,-4.4,2.1,24.5,cloudy
2015-02-09,-2.8000000000000003,1.0,25.2,cloudy
2015-02-10,0.9999999999999999,0.0,16.2,cloudy
2015-02-11,0.4500000000000002,0.0,9.1,partly_cloudy
2015-02-12,0.7000000000000002,0.0,6.9,partly_cloudy
2015-02-13,0.2999999999999998,0.0,7.3,partly_cloudy
2015-02-14,0.8999999999999999,0.0,11.2,partly_cloudy
2015-02-15,0.6000000000000001,0.0,11.8,partly_cloudy
2015-02-16,1.2999999999999998,0.0,9.2,partly_cloudy
2015-02-17,-0.3500000000000001,0.0,7.8,partly_cloudy
2015-02-18,1.0499999999999998,0.0,8.2,partly_cloudy
2015-02-19,0.5999999999999996,0.0,7.2,partly_cloudy
2015-02-20,4.1000000000000005,0.0,9.2,partly_cloudy
2015-02-21,4.05,0.0,13.6,partly_cloudy
2015-02-22,1.6500000000000001,3.2,12.3,cloudy
2015-02-23,2.75,2.4,15.2,cloudy
2015-02-24,3.0,1.4,15.3,cloudy
2015-02-25,2.6500000000000004,0.2,9.7,partly_cloudy
2015-02-26,2.1500000000000004,0.0,8.2,partly_cloudy
2015-02-27,2.8000000000000003,2.5,12.2,cloudy
2015-02-28,2.0,2.3,13.8,cloudy
2015-03-01,1.9,3.1,13.3,cloudy
2015-03-02,4.45,12.8,23.8,rainy
2015-03-03,4.15,0.0,23.0,cloudy
2015-03-04,3.65,1.3,17.2,cloudy
2015-03-05,1.95,1.5,20.6,cloudy
2015-03-06,2.35,0.0,8.2,partly_cloudy
2015-03-07,4.4,0.0,9.4,partly_cloudy
2015-03-08,5.75,0.0,12.6,partly_cloudy
2015-03-09,5.8500000000000005,0.0,7.8,partly_cloudy
2015-03-10,6.8,0.0,10.4,partly_cloudy
2015-03-11,4.5,2.5,15.2,cloudy
2015-03-12,3.2,0.6,8.9,partly_cloudy
2015-03-13,3.15,0.0,14.6,partly_cloudy
2015-03-14,3.1999999999999997,0.0,10.2,partly_cloudy
2015-03-15,5.65,0.0,17.0,cloudy
2015-03-16,7.7,0.0,14.5,partly_cloudy
2015-03-17,10.1,0.0,15.5,cloudy
2015-03-18,8.55,0.0,8.8,partly_cloudy
2015-03-19,6.9,0.0,8.4,partly_cloudy
2015-03-20,6.75,0.0,8.3,partly_cloudy
2015-03-21,6.35,3.3,15.4,cloudy
2015-03-22,4.85,2.7,18.8,cloudy
2015-03-23,6.1499999999999995,0.0,8.7,partly_cloudy
2015-03-24,7.65,0.0,9.8,partly_cloudy
2015-03-25,8.95,0.0,15.3,cloudy
2015-03-26,6.699999999999999,0.8,18.0,cloudy
2015-03-27,6.65,3.7,21.7,cloudy
2015-03-28,6.8999999999999995,0.4,13.4,partly_cloudy
2015-03-29,9.15,5.2,33.4,rainy
2015-03-30,6.65,20.2,34.2,rainy
2015-03-31,9.0,5.7,49.3,rainy
2015-04-01,4.35,5.4,30.3,rainy
2015-04-02,2.8000000000000003,9.5,35.4,rainy
2015-04-03,3.95,0.0,14.7,partly_cloudy
2015-04-04,3.55,5.2,11.5,rainy
2015-04-05,3.15,0.8,14.1,partly_cloudy
2015-04-06,2.35,2.7,15.8,cloudy
2015-04-07,2.6000000000000005,0.0,9.1,partly_cloudy
2015-04-08,6.1,0.0,12.2,partly_cloudy
2015-04-09,9.450000000000001,0.0,11.2,partly_cloudy
2015-04-10,11.35,0.0,7.7,partly_cloudy
2015-04-11,11.850000000000001,0.0,18.6,cloudy
2015-04-12,12.15,0.2,10.7,partly_cloudy
2015-04-13,12.049999999999999,0.2,24.5,cloudy
2015-04-14,12.5,0.0,21.5,cloudy
2015-04-15,14.399999999999999,0.0,12.0,partly_cloudy
2015-04-16,15.850000000000001,0.0,14.8,partly_cloudy
2015-04-17,12.100000000000001,17.9,17.3,rainy
2015-04-18,7.4,0.0,13.3,partly_cloudy
2015-04-19,7.4,0.0,15.5,cloudy
2015-04-20,8.85,0.0,10.6,partly_cloudy
2015-04-21,11.0,0.0,12.2,partly_cloudy
2015-04-22,11.850000000000001,0.4,18.3,cloudy
2015-04-23,7.35,0.4,10.7,partly_cloudy
2015-04-24,9.55,0.0,7.9,partly_cloudy
2015-04-25,12.350000000000001,1.0,12.2,cloudy
2015-04-26,15.2,2.3,10.8,cloudy
2015-04-27,15.5,0.3,12.9,partly_cloudy
2015-04-28,9.2,13.5,23.2,rainy
2015-04-29,8.9,0.0,15.5,cloudy
2015-04-30,10.6,1.9,13.5,cloudy
2015-05-01,8.85,23.9,9.1,rainy
2015-05-02,10.9,7.2,9.9,rainy
2015-05-03,11.850000000000001,17.2,11.3,rainy
2015-05-04,17.45,4.5,14.4,cloudy
2015-05-05,19.5,3.0,15.5,cloudy
2015-05-06,12.7,24.9,13.2,rainy
2015-05-07,12.95,0.4,10.5,partly_cloudy
2015-05-08,15.3,0.0,13.6,partly_cloudy
2015-05-09,15.299999999999999,6.2,18.7,rainy
2015-05-10,13.649999999999999,1.4,18.6,cloudy
2015-05-11,14.85,0.0,10.6,partly_cloudy
2015-05-12,18.35,0.0,15.8,cloudy
2015-05-13,18.25,4.9,15.5,cloudy
2015-05-14,15.5,11.2,15.3,rainy
2015-05-15,13.4,5.3,9.2,rainy
2015-05-16,14.7,0.0,16.3,cloudy
2015-05-17,14.1,0.5,12.1,partly_cloudy
2015-05-18,15.649999999999999,0.0,7.0,partly_cloudy
2015-05-19,14.049999999999999,19.8,14.9,rainy
2015-05-20,9.5,25.1,8.9,rainy
2015-05-21,9.85,9.3,10.2,rainy
2015-05-22,12.0,1.1,12.8,cloudy
2015-05-23,11.399999999999999,5.0,12.3,cloudy
2015-05-24,12.45,7.5,9.4,rainy
2015-05-25,13.35,0.3,13.6,partly_cloudy
2015-05-26,13.15,4.2,17.2,cloudy
2015-05-27,10.6,0.7,15.7,cloudy
2015-05-28,12.45,0.0,11.9,partly_cloudy
2015-05-29,15.799999999999999,0.4,9.4,partly_cloudy
2015-05-30,14.75,2.1,21.6,cloudy
2015-05-31,14.899999999999999,0.0,7.3,partly_cloudy
2015-06-01,18.8,2.3,10.0,cloudy
2015-06-02,18.85,0.0,9.7,partly_cloudy
2015-06-03,20.85,0.0,11.3,sunny
2015-06-04,19.95,0.0,10.2,partly_cloudy
2015-06-05,21.95,0.0,11.1,sunny
2015-06-06,22.05,2.2,12.0,cloudy
2015-06-07,22.05,10.7,14.6,rainy
2015-06-08,17.65,8.8,13.8,rainy
2015-06-09,13.2,0.3,14.5,partly_cloudy
2015-06-10,16.4,0.0,15.6,cloudy
2015-06-11,18.35,0.0,9.2,partly_cloudy
2015-06-12,21.05,0.0,6.7,sunny
2015-06-13,20.5,0.9,18.7,sunny
2015-06-14,19.85,5.2,13.7,rainy
2015-06-15,15.75,23.3,16.1,rainy
2015-06-16,16.15,0.4,9.3,partly_cloudy
2015-06-17,14.4,0.0,10.9,partly_cloudy
2015-06-18,15.0,6.6,19.4,rainy
2015-06-19,13.850000000000001,1.1,17.7,cloudy
2015-06-20,12.100000000000001,6.5,14.5,rainy
2015-06-21,12.850000000000001,0.9,15.5,cloudy
2015-06-22,16.0,2.9,21.6,cloudy
2015-06-23,13.600000000000001,8.8,25.3,rainy
2015-06-24,13.7,0.0,11.9,partly_cloudy
2015-06-25,15.149999999999999,0.0,7.8,partly_cloudy
2015-06-26,17.25,0.0,7.6,partly_cloudy
2015-06-27,17.9,8.4,15.5,rainy
2015-06-28,17.5,0.6,11.2,partly_cloudy
2015-06-29,19.25,0.0,10.8,partly_cloudy
2015-06-30,20.35,0.0,7.7,sunny
2015-07-01,22.200000000000003,0.0,11.4,sunny
2015-07-02,23.3,0.0,10.4,sunny
2015-07-03,24.049999999999997,0.6,10.8,sunny
2015-07-04,25.8,0.0,8.4,sunny
2015-07-05,27.5,0.0,10.0,sunny
2015-07-06,25.1,0.1,21.3,cloudy
2015-07-07,26.0,0.3,15.1,sunny
2015-07-08,20.799999999999997,3.1,19.1,cloudy
2015-07-09,17.3,0.4,24.2,cloudy
2015-07-10,17.049999999999997,0.0,8.4,partly_cloudy
2015-07-11,20.049999999999997,0.1,17.2,sunny
2015-07-12,22.15,0.0,14.6,sunny
2015-07-13,19.0,0.4,15.8,cloudy
2015-07-14,20.9,0.4,19.6,sunny
2015-07-15,21.7,0.0,8.9,sunny
2015-07-16,23.1,0.0,7.4,sunny
2015-07-17,25.950000000000003,0.0,13.4,sunny
2015-07-18,24.3,4.4,16.7,cloudy
2015-07-19,24.0,2.0,14.8,cloudy
2015-07-20,23.15,0.1,10.4,sunny
2015-07-21,24.5,0.0,7.6,sunny
2015-07-22,26.599999999999998,0.0,15.0,sunny
2015-07-23,22.25,4.2,14.0,cloudy
2015-07-24,23.85,0.0,14.6,sunny
2015-07-25,20.799999999999997,2.8,27.8,cloudy
2015-07-26,17.65,1.1,16.9,cloudy
2015-07-27,18.55,4.4,28.1,cloudy
2015-07-28,19.200000000000003,0.2,21.5,cloudy
2015-07-29,17.55,5.1,16.6,rainy
2015-07-30,15.850000000000001,0.0,13.5,partly_cloudy
2015-07-31,16.95,0.0,14.2,partly_cloudy
2015-08-01,17.65,0.9,16.2,cloudy
2015-08-02,18.9,4.6,9.0,cloudy
2015-08-03,20.4,0.0,8.3,sunny
2015-08-04,22.8,0.2,21.0,cloudy
2015-08-05,22.6,0.0,9.8,sunny
2015-08-06,25.75,0.0,7.3,sunny
2015-08-07,26.549999999999997,0.0,11.5,sunny
2015-08-08,28.0,0.3,12.6,sunny
2015-08-09,26.85,0.1,16.2,sunny
2015-08-10,24.85,0.0,13.6,sunny
2015-08-11,24.8,0.1,12.4,sunny
2015-08-12,25.5,0.0,6.1,sunny
2015-08-13,26.35,0.0,14.4,sunny
2015-08-14,25.85,1.2,17.7,cloudy
2015-08-15,21.65,8.4,18.4,rainy
2015-08-16,16.950000000000003,6.3,12.8,rainy
2015-08-17,14.9,6.9,14.9,rainy
2015-08-18,16.55,0.0,10.2,partly_cloudy
2015-08-19,16.75,1.4,12.1,cloudy
2015-08-20,16.95,6.7,9.5,rainy
2015-08-21,16.799999999999997,2.1,7.2,cloudy
2015-08-22,17.75,0.0,14.1,partly_cloudy
2015-08-23,19.65,0.8,13.0,partly_cloudy
2015-08-24,19.9,3.0,21.3,cloudy
2015-08-25,17.65,5.8,16.2,rainy
2015-08-26,18.15,0.0,9.5,partly_cloudy
2015-08-27,21.65,0.0,8.7,sunny
2015-08-28,24.549999999999997,0.0,10.6,sunny
2015-08-29,24.5,0.0,9.2,sunny
2015-08-30,25.6,0.0,10.8,sunny
2015-08-31,25.55,0.0,11.8,sunny
2015-09-01,23.4,4.6,22.5,cloudy
2015-09-02,14.8,8.4,11.2,rainy
2015-09-03,15.7,15.2,11.0,rainy
2015-09-04,15.85,3.9,7.2,cloudy
2015-09-05,13.9,0.0,15.5,cloudy
2015-09-06,12.2,3.3,19.4,cloudy
2015-09-07,11.5,0.8,17.3,cloudy
2015-09-08,13.4,0.8,7.5,partly_cloudy
2015-09-09,13.2,0.0,15.1,cloudy
2015-09-10,12.399999999999999,0.2,16.6,cloudy
2015-09-11,13.600000000000001,0.0,7.8,partly_cloudy
2015-09-12,17.05,0.0,13.9,partly_cloudy
2015-09-13,19.049999999999997,0.0,14.1,partly_cloudy
2015-09-14,15.399999999999999,6.3,15.6,rainy
2015-09-15,16.2,0.3,11.7,partly_cloudy
2015-09-16,19.25,0.0,14.2,partly_cloudy
2015-09-17,20.4,0.2,33.0,cloudy
2015-09-18,15.05,1.4,8.4,cloudy
2015-09-19,14.35,0.0,9.0,partly_cloudy
2015-09-20,13.4,0.3,14.1,partly_cloudy
2015-09-21,13.85,0.0,10.5,partly_cloudy
2015-09-22,13.55,2.7,8.2,cloudy
2015-09-23,11.05,12.1,16.3,rainy
2015-09-24,12.0,0.4,9.1,partly_cloudy
2015-09-25,12.95,0.0,8.2,partly_cloudy
2015-09-26,13.1,1.1,11.4,cloudy
2015-09-27,12.399999999999999,0.5,16.3,cloudy
2015-09-28,11.35,0.2,19.1,cloudy
2015-09-29,11.2,0.0,26.9,cloudy
2015-09-30,10.9,0.0,23.1,cloudy
2015-10-01,11.25,0.0,17.1,cloudy
2015-10-02,12.899999999999999,0.0,14.6,partly_cloudy
2015-10-03,14.6,0.0,10.8,partly_cloudy
2015-10-04,10.45,5.6,20.1,rainy
2015-10-05,12.2,0.0,10.9,partly_cloudy
2015-10-06,16.2,5.1,13.0,rainy
2015-10-07,13.0,11.9,12.2,rainy
2015-10-08,12.35,0.0,10.0,partly_cloudy
2015-10-09,12.05,0.0,7.8,partly_cloudy
2015-10-10,11.15,0.0,15.2,cloudy
2015-10-11,8.3,0.1,13.1,partly_cloudy
2015-10-12,7.15,0.0,11.2,partly_cloudy
2015-10-13,8.8,3.9,9.2,cloudy
2015-10-14,7.0,18.2,10.8,rainy
2015-10-15,5.0,5.2,11.3,rainy
2015-10-16,5.25,5.5,10.1,rainy
2015-10-17,5.6,0.7,6.2,partly_cloudy
2015-10-18,7.25,4.8,6.6,cloudy
2015-10-19,6.85,0.0,8.1,partly_cloudy
2015-10-20,6.0,0.7,9.8,partly_cloudy
2015-10-21,7.8999999999999995,0.6,7.2,partly_cloudy
2015-10-22,8.2,0.0,13.5,partly_cloudy
2015-10-23,9.5,0.9,13.8,partly_cloudy
2015-10-24,9.7,0.0,10.8,partly_cloudy
2015-10-25,11.25,0.0,9.1,partly_cloudy
2015-10-26,11.0,0.0,12.2,partly_cloudy
2015-10-27,9.6,0.0,8.4,partly_cloudy
2015-10-28,8.8,0.0,8.3,partly_cloudy
2015-10-29,8.3,0.0,12.3,partly_cloudy
2015-10-30,10.15,0.0,11.2,partly_cloudy
2015-10-31,10.95,0.0,12.1,partly_cloudy
2015-11-01,9.15,0.0,8.0,partly_cloudy
2015-11-02,6.75,0.0,8.1,partly_cloudy
2015-11-03,5.2,0.0,8.0,partly_cloudy
2015-11-04,8.4,0.0,7.9,partly_cloudy
2015-11-05,10.100000000000001,0.0,8.4,partly_cloudy
2015-11-06,10.600000000000001,0.0,12.1,partly_cloudy
2015-11-07,13.5,2.4,12.7,cloudy
2015-11-08,13.899999999999999,0.0,11.6,partly_cloudy
2015-11-09,13.05,0.0,20.2,cloudy
2015-11-10,14.25,0.0,21.0,cloudy
2015-11-11,11.75,0.0,9.5,partly_cloudy
2015-11-12,7.95,0.0,9.1,partly_cloudy
2015-11-13,8.85,0.2,16.6,cloudy
2015-11-14,8.45,1.8,23.8,cloudy
2015-11-15,11.25,0.6,31.6,cloudy
2015-11-16,13.350000000000001,0.0,19.1,cloudy
2015-11-17,10.75,1.6,23.3,cloudy
2015-11-18,12.55,0.3,33.2,cloudy
2015-11-19,12.149999999999999,0.1,32.7,cloudy
2015-11-20,8.2,34.6,34.8,rainy
2015-11-21,3.1999999999999997,6.3,23.1,rainy
2015-11-22,1.2,1.3,18.5,cloudy
2015-11-23,0.9,0.0,18.0,cloudy
2015-11-24,0.10000000000000009,0.0,7.6,partly_cloudy
2015-11-25,0.7,1.2,10.3,cloudy
2015-11-26,1.5,2.0,10.0,cloudy
2015-11-27,1.35,0.0,6.4,partly_cloudy
2015-11-28,0.25,2.0,24.5,cloudy
2015-11-29,4.3500000000000005,1.9,33.8,cloudy
2015-11-30,8.0,3.6,37.1,cloudy
2015-12-01,7.95,9.0,38.8,rainy
2015-12-02,7.15,0.0,16.8,cloudy
2015-12-03,4.15,0.0,7.9,partly_cloudy
2015-12-04,4.2,0.7,13.0,partly_cloudy
2015-12-05,6.5,0.0,9.0,partly_cloudy
2015-12-06,5.7,0.0,10.1,partly_cloudy
2015-12-07,7.2,0.0,9.7,partly_cloudy
2015-12-08,3.5999999999999996,0.0,8.6,partly_cloudy
2015-12-09,3.0,4.9,17.5,cloudy
2015-12-10,2.3499999999999996,0.0,8.3,partly_cloudy
2015-12-11,2.25,0.0,17.3,cloudy
2015-12-12,5.95,0.0,20.1,cloudy
2015-12-13,4.4,0.0,14.7,partly_cloudy
2015-12-14,3.05,0.0,7.8,partly_cloudy
2015-12-15,3.6,0.0,8.2,partly_cloudy
2015-12-16,4.75,3.9,12.0,cloudy
2015-12-17,8.45,5.4,13.3,rainy
2015-12-18,5.75,2.9,12.6,cloudy
2015-12-19,6.6000000000000005,0.0,7.6,partly_cloudy
2015-12-20,5.25,0.0,7.3,partly_cloudy
2015-12-21,4.75,0.5,18.7,cloudy
2015-12-22,8.75,0.0,20.1,cloudy
2015-12-23,7.25,0.0,14.0,partly_cloudy
2015-12-24,6.05,0.0,10.4,partly_cloudy
2015-12-25,8.95,0.0,10.7,partly_cloudy
2015-12-26,5.6499999999999995,0.0,10.5,partly_cloudy
2015-12-27,4.05,0.0,10.5,partly_cloudy
2015-12-28,3.05,0.0,9.1,partly_cloudy
2015-12-29,0.9500000000000001,0.0,9.8,partly_cloudy
2015-12-30,1.15,0.0,15.0,cloudy
2015-12-31,0.40000000000000013,4.1,8.2,cloudy
2016-01-01,3.1,0.0,12.8,partly_cloudy
2016-01-02,0.9,2.0,12.7,cloudy
2016-01-03,-0.30000000000000004,7.2,14.1,rainy
2016-01-04,1.4,5.3,15.9,rainy
2016-01-05,1.5500000000000003,0.1,10.0,partly_cloudy
2016-01-06,1.5,0.5,9.6,partly_cloudy
2016-01-07,1.9,3.1,18.9,cloudy
2016-01-08,5.25,0.2,20.5,cloudy
2016-01-09,4.75,8.1,8.2,rainy
2016-01-10,3.1,3.4,10.6,cloudy
2016-01-11,4.05,6.8,24.7,rainy
2016-01-12,3.5,4.8,25.8,cloudy
2016-01-13,2.15,4.2,33.6,cloudy
2016-01-14,1.05,1.1,16.2,cloudy
2016-01-15,0.49999999999999994,3.8,27.3,cloudy
2016-01-16,-0.75,2.6,22.7,cloudy
2016-01-17,-3.85,3.1,23.1,cloudy
2016-01-18,-6.0,0.0,12.6,partly_cloudy
2016-01-19,-5.9,0.0,6.3,partly_cloudy
2016-01-20,-5.0,0.0,10.1,partly_cloudy
2016-01-21,-4.9,0.0,11.5,partly_cloudy
2016-01-22,-5.2,0.0,8.4,partly_cloudy
2016-01-23,-0.8499999999999999,2.7,21.7,cloudy
2016-01-24,1.5499999999999998,0.5,9.2,partly_cloudy
2016-01-25,5.4,0.7,11.8,partly_cloudy
2016-01-26,6.25,0.0,11.0,partly_cloudy
2016-01-27,8.75,0.0,14.3,partly_cloudy
2016-01-28,8.9,1.8,19.8,cloudy
2016-01-29,7.3,3.1,19.2,cloudy
2016-01-30,5.7,1.5,24.7,cloudy
2016-01-31,5.1,21.3,28.0,rainy
2016-02-01,10.100000000000001,9.7,31.7,rainy
2016-02-02,9.5,0.0,24.4,cloudy
2016-02-03,4.45,7.4,24.1,rainy
2016-02-04,2.1999999999999997,5.2,28.9,rainy
2016-02-05,4.4,2.3,21.4,cloudy
2016-02-06,5.6,0.0,10.5,partly_cloudy
2016-02-07,7.05,0.4,18.8,cloudy
2016-02-08,7.35,1.8,26.8,cloudy
2016-02-09,8.0,2.7,29.1,cloudy
2016-02-10,3.0,6.6,26.3,rainy
2016-02-11,3.6,0.9,24.9,cloudy
2016-02-12,3.0,0.0,15.5,cloudy
2016-02-13,3.35,0.5,11.8,partly_cloudy
2016-02-14,5.3,2.0,14.8,cloudy
2016-02-15,4.05,1.1,11.4,cloudy
2016-02-16,2.3,0.0,19.3,cloudy
2016-02-17,1.6500000000000001,1.2,21.9,cloudy
2016-02-18,2.2,0.0,7.3,partly_cloudy
2016-02-19,1.8,1.5,15.8,cloudy
2016-02-20,2.3,9.5,29.4,rainy
2016-02-21,9.05,4.3,35.7,cloudy
2016-02-22,12.45,0.0,25.9,cloudy
2016-02-23,4.9,7.5,28.6,rainy
2016-02-24,3.0500000000000003,0.8,11.3,partly_cloudy
2016-02-25,2.0,4.4,10.0,cloudy
2016-02-26,1.2999999999999998,0.0,12.2,partly_cloudy
2016-02-27,3.25,0.0,11.5,partly_cloudy
2016-02-28,4.9,0.0,17.0,cloudy
2016-02-29,3.6,16.9,15.8,rainy
2016-03-01,0.45000000000000007,6.7,20.5,rainy
2016-03-02,4.85,9.2,20.1,rainy
2016-03-03,2.8000000000000003,0.6,15.0,cloudy
2016-03-04,3.95,0.0,17.1,cloudy
2016-03-05,4.1,6.1,14.6,rainy
2016-03-06,3.1999999999999997,3.9,22.1,cloudy
2016-03-07,1.7000000000000002,0.7,9.3,partly_cloudy
2016-03-08,2.0,0.1,8.9,partly_cloudy
2016-03-09,2.3,0.0,14.5,partly_cloudy
2016-03-10,3.7,0.0,9.3,partly_cloudy
2016-03-11,3.7,0.0,14.9,partly_cloudy
2016-03-12,4.5,0.2,13.8,partly_cloudy
2016-03-13,4.5,0.1,23.1,cloudy
2016-03-14,3.4,0.0,21.1,cloudy
2016-03-15,0.55,6.9,11.8,rainy
2016-03-16,3.65,0.0,29.2,cloudy
2016-03-17,5.15,0.0,12.4,partly_cloudy
2016-03-18,5.3500000000000005,0.0,10.2,partly_cloudy
2016-03-19,5.25,0.0,12.7,partly_cloudy
2016-03-20,6.1,0.0,10.5,partly_cloudy
2016-03-21,5.5,0.0,9.0,partly_cloudy
2016-03-22,5.1000000000000005,0.6,9.0,partly_cloudy
2016-03-23,4.1,0.2,11.6,partly_cloudy
2016-03-24,4.85,0.7,13.2,partly_cloudy
2016-03-25,4.7,6.7,18.8,rainy
2016-03-26,7.800000000000001,5.7,14.6,rainy
2016-03-27,7.6,1.0,13.8,cloudy
2016-03-28,9.5,0.8,14.4,partly_cloudy
2016-03-29,10.3,1.1,23.0,cloudy
2016-03-30,10.7,2.2,14.0,cloudy
2016-03-31,13.45,0.0,10.9,partly_cloudy
2016-04-01,9.2,0.0,14.1,partly_cloudy
2016-04-02,11.05,0.0,14.2,partly_cloudy
2016-04-03,14.4,0.0,10.7,partly_cloudy
2016-04-04,14.850000000000001,0.8,12.7,partly_cloudy
2016-04-05,14.15,0.0,17.4,cloudy
2016-04-06,11.850000000000001,2.0,13.2,cloudy
2016-04-07,9.85,0.4,13.0,partly_cloudy
2016-04-08,7.15,5.4,9.5,rainy
2016-04-09,7.1,7.0,10.7,rainy
2016-04-10,9.1,0.0,10.5,partly_cloudy
2016-04-11,9.95,0.0,11.9,partly_cloudy
2016-04-12,10.65,2.1,11.9,cloudy
2016-04-13,11.3,4.3,14.8,cloudy
2016-04-14,9.8,4.9,15.5,cloudy
2016-04-15,8.9,2.2,18.4,cloudy
2016-04-16,11.15,1.0,15.6,cloudy
2016-04-17,10.3,14.2,16.9,rainy
2016-04-18,8.35,7.8,10.9,rainy
2016-04-19,8.899999999999999,0.0,14.8,partly_cloudy
2016-04-20,9.05,0.0,8.0,partly_cloudy
2016-04-21,11.35,0.0,11.2,partly_cloudy
2016-04-22,11.35,0.0,9.1,partly_cloudy
2016-04-23,9.549999999999999,4.9,20.8,cloudy
2016-04-24,5.35,1.0,16.1,cloudy
2016-04-25,4.0,1.7,18.4,cloudy
2016-04-26,5.4,5.1,27.8,rainy
2016-04-27,4.85,1.6,23.3,cloudy
2016-04-28,4.699999999999999,0.3,11.5,partly_cloudy
2016-04-29,6.7,0.0,8.1,partly_cloudy
2016-04-30,10.600000000000001,0.0,17.0,cloudy
2016-05-01,10.45,7.3,10.8,rainy
2016-05-02,11.2,0.0,11.1,partly_cloudy
2016-05-03,11.7,5.8,19.7,rainy
2016-05-04,9.5,0.7,14.5,partly_cloudy
2016-05-05,9.1,0.0,20.3,cloudy
2016-05-06,14.200000000000001,0.0,15.1,cloudy
2016-05-07,15.45,0.0,17.1,cloudy
2016-05-08,15.8,0.0,20.4,cloudy
2016-05-09,16.05,0.0,14.8,partly_cloudy
2016-05-10,14.850000000000001,0.8,14.8,partly_cloudy
2016-05-11,15.95,0.0,19.8,cloudy
2016-05-12,13.1,4.3,19.6,cloudy
2016-05-13,12.850000000000001,27.1,15.1,rainy
2016-05-14,11.7,10.1,16.9,rainy
2016-05-15,8.7,0.4,21.5,cloudy
2016-05-16,7.6,4.2,20.2,cloudy
2016-05-17,8.6,0.0,13.5,partly_cloudy
2016-05-18,11.45,0.0,10.8,partly_cloudy
2016-05-19,10.45,11.5,17.0,rainy
2016-05-20,13.1,0.3,13.5,partly_cloudy
2016-05-21,15.100000000000001,0.0,8.9,partly_cloudy
2016-05-22,18.799999999999997,3.5,21.4,cloudy
2016-05-23,11.55,17.4,26.3,rainy
2016-05-24,9.2,18.8,22.0,rainy
2016-05-25,13.55,0.0,9.0,partly_cloudy
2016-05-26,15.899999999999999,0.1,7.1,partly_cloudy
2016-05-27,18.549999999999997,0.9,8.0,partly_cloudy
2016-05-28,18.25,1.0,9.7,cloudy
2016-05-29,18.75,10.1,13.7,rainy
2016-05-30,16.65,14.6,16.6,rainy
2016-05-31,14.649999999999999,5.7,9.2,rainy
2016-06-01,15.7,9.1,14.4,rainy
2016-06-02,14.8,2.6,6.5,cloudy
2016-06-03,15.45,4.8,8.7,cloudy
2016-06-04,16.0,7.1,9.0,rainy
2016-06-05,16.4,10.9,8.8,rainy
2016-06-06,17.95,0.0,13.8,partly_cloudy
2016-06-07,18.8,2.2,8.9,cloudy
2016-06-08,16.35,9.9,7.6,rainy
2016-06-09,15.799999999999999,8.6,12.3,rainy
2016-06-10,16.1,0.0,9.7,partly_cloudy
2016-06-11,15.05,6.9,10.4,rainy
2016-06-12,16.2,5.1,18.4,rainy
2016-06-13,16.1,5.9,18.8,rainy
2016-06-14,15.95,5.8,13.8,rainy
2016-06-15,15.65,4.8,10.9,cloudy
2016-06-16,16.85,5.5,17.6,rainy
2016-06-17,14.95,13.8,19.7,rainy
2016-06-18,15.600000000000001,2.2,10.8,cloudy
2016-06-19,14.600000000000001,8.3,11.3,rainy
2016-06-20,15.399999999999999,0.0,12.8,partly_cloudy
2016-06-21,16.85,0.1,12.0,partly_cloudy
2016-06-22,20.45,0.0,9.7,sunny
2016-06-23,23.0,0.0,11.9,sunny
2016-06-24,23.4,0.0,8.3,sunny
2016-06-25,22.549999999999997,2.2,19.6,cloudy
2016-06-26,16.05,3.0,13.4,cloudy
2016-06-27,16.9,5.6,13.1,rainy
2016-06-28,18.3,0.1,8.1,partly_cloudy
2016-06-29,19.85,0.0,11.5,partly_cloudy
2016-06-30,19.65,4.5,9.8,cloudy
2016-07-01,19.85,0.0,7.3,partly_cloudy
2016-07-02,18.1,7.1,17.6,rainy
2016-07-03,16.3,0.2,12.7,partly_cloudy
2016-07-04,17.65,0.0,8.6,partly_cloudy
2016-07-05,18.549999999999997,0.3,15.5,cloudy
2016-07-06,17.549999999999997,0.0,18.2,cloudy
2016-07-07,18.0,0.0,7.0,partly_cloudy
2016-07-08,19.8,0.0,13.1,partly_cloudy
2016-07-09,21.8,0.0,13.5,sunny
2016-07-10,22.35,0.0,9.4,sunny
2016-07-11,25.35,1.3,16.1,cloudy
2016-07-12,18.15,31.4,11.1,rainy
2016-07-13,15.600000000000001,33.3,15.9,rainy
2016-07-14,13.3,10.5,18.5,rainy
2016-07-15,13.600000000000001,1.8,15.5,cloudy
2016-07-16,15.100000000000001,0.2,13.5,partly_cloudy
2016-07-17,18.25,0.8,13.1,partly_cloudy
2016-07-18,20.2,0.0,12.1,sunny
2016-07-19,21.9,0.0,7.1,sunny
2016-07-20,22.25,0.0,8.2,sunny
2016-07-21,21.5,3.6,16.1,cloudy
2016-07-22,20.950000000000003,0.5,11.8,sunny
2016-07-23,20.85,1.2,9.8,cloudy
2016-07-24,20.85,0.0,8.6,sunny
2016-07-25,21.1,2.9,8.7,cloudy
2016-07-26,21.35,11.3,10.9,rainy
2016-07-27,20.0,4.6,10.9,cloudy
2016-07-28,19.950000000000003,0.0,9.0,partly_cloudy
2016-07-29,20.799999999999997,0.0,12.1,sunny
2016-07-30,21.299999999999997,0.3,9.4,sunny
2016-07-31,19.299999999999997,10.3,13.3,rainy
2016-08-01,17.9,0.0,12.7,partly_cloudy
2016-08-02,17.05,2.7,13.0,cloudy
2016-08-03,20.8,0.2,12.9,sunny
2016-08-04,22.05,0.0,23.7,cloudy
2016-08-05,16.35,35.9,24.6,rainy
2016-08-06,16.65,0.0,11.4,partly_cloudy
2016-08-07,17.95,0.0,7.0,partly_cloudy
2016-08-08,19.8,0.0,9.7,partly_cloudy
2016-08-09,16.3,10.7,12.8,rainy
2016-08-10,14.35,3.4,13.9,cloudy
2016-08-11,12.85,0.2,11.9,partly_cloudy
2016-08-12,13.399999999999999,4.8,15.1,cloudy
2016-08-13,18.45,0.0,7.3,partly_cloudy
2016-08-14,20.299999999999997,0.0,9.3,sunny
2016-08-15,20.55,0.0,8.1,sunny
2016-08-16,19.75,0.1,7.0,partly_cloudy
2016-08-17,18.65,0.0,8.1,partly_cloudy
2016-08-18,18.9,2.8,13.8,cloudy
2016-08-19,18.8,0.3,7.8,partly_cloudy
2016-08-20,21.15,6.4,10.4,rainy
2016-08-21,17.2,15.0,14.8,rainy
2016-08-22,16.0,0.0,12.8,partly_cloudy
2016-08-23,19.15,0.0,9.4,partly_cloudy
2016-08-24,20.700000000000003,0.0,16.3,sunny
2016-08-25,21.1,0.0,14.8,sunny
2016-08-26,21.700000000000003,0.0,9.0,sunny
2016-08-27,22.5,0.0,9.0,sunny
2016-08-28,23.15,0.0,11.4,sunny
2016-08-29,21.2,5.7,13.4,rainy
2016-08-30,18.95,0.4,12.2,partly_cloudy
2016-08-31,19.45,0.0,13.8,partly_cloudy
2016-09-01,20.95,2.2,10.8,cloudy
2016-09-02,19.75,0.0,7.0,partly_cloudy
2016-09-03,19.85,0.0,8.6,partly_cloudy
2016-09-04,19.6,3.8,21.3,cloudy
2016-09-05,16.15,5.7,20.6,rainy
2016-09-06,17.45,1.8,11.6,cloudy
2016-09-07,19.200000000000003,0.0,19.1,cloudy
2016-09-08,20.0,0.0,7.6,partly_cloudy
2016-09-09,21.55,0.0,8.2,sunny
2016-09-10,20.5,0.3,6.9,sunny
2016-09-11,20.55,2.9,7.6,cloudy
2016-09-12,21.0,0.0,8.7,sunny
2016-09-13,20.950000000000003,0.0,12.6,sunny
2016-09-14,21.25,0.0,12.4,sunny
2016-09-15,21.549999999999997,0.0,13.1,sunny
2016-09-16,18.65,2.1,16.2,cloudy
2016-09-17,14.2,33.8,21.5,rainy
2016-09-18,13.65,14.3,18.7,rainy
2016-09-19,12.75,8.4,15.8,rainy
2016-09-20,13.6,0.8,12.6,partly_cloudy
2016-09-21,12.7,0.0,9.0,partly_cloudy
2016-09-22,13.0,0.0,10.6,partly_cloudy
2016-09-23,13.45,0.0,7.1,partly_cloudy
2016-09-24,15.100000000000001,0.0,8.0,partly_cloudy
2016-09-25,14.600000000000001,0.0,6.6,partly_cloudy
2016-09-26,14.55,0.0,6.6,partly_cloudy
2016-09-27,14.8,0.0,6.6,partly_cloudy
2016-09-28,14.950000000000001,0.0,14.4,partly_cloudy
2016-09-29,17.45,0.0,13.7,partly_cloudy
2016-09-30,17.75,0.0,11.8,partly_cloudy
2016-10-01,16.5,0.3,12.6,partly_cloudy
2016-10-02,12.75,10.8,12.1,rainy
2016-10-03,11.35,3.0,22.0,cloudy
2016-10-04,9.15,4.4,15.5,cloudy
2016-10-05,7.7,0.0,15.8,cloudy
2016-10-06,7.0,4.2,13.0,cloudy
2016-10-07,8.8,1.5,8.0,cloudy
2016-10-08,7.45,1.2,9.3,cloudy
2016-10-09,6.55,0.4,7.5,partly_cloudy
2016-10-10,5.699999999999999,1.7,7.6,cloudy
2016-10-11,5.9,2.8,9.5,cloudy
2016-10-12,5.45,0.0,9.8,partly_cloudy
2016-10-13,6.9,0.0,19.9,cloudy
2016-10-14,10.8,0.0,19.2,cloudy
2016-10-15,12.899999999999999,1.0,11.8,cloudy
2016-10-16,12.55,0.0,8.0,partly_cloudy
2016-10-17,11.95,0.3,8.0,partly_cloudy
2016-10-18,11.35,8.9,10.8,rainy
2016-10-19,9.899999999999999,1.0,15.5,cloudy
2016-10-20,8.85,0.2,18.6,cloudy
2016-10-21,6.6,2.9,13.7,cloudy
2016-10-22,6.55,0.0,12.9,partly_cloudy
2016-10-23,6.6,0.2,10.4,partly_cloudy
2016-10-24,12.5,0.1,11.2,partly_cloudy
2016-10-25,12.350000000000001,2.3,11.7,cloudy
2016-10-26,11.5,0.0,8.2,partly_cloudy
2016-10-27,8.7,0.0,10.2,partly_cloudy
2016-10-28,8.200000000000001,0.0,10.0,partly_cloudy
2016-10-29,9.25,0.4,12.6,partly_cloudy
2016-10-30,7.1,0.0,6.8,partly_cloudy
2016-10-31,7.6,0.0,8.1,partly_cloudy
2016-11-01,7.75,0.0,12.0,partly_cloudy
2016-11-02,6.8,3.7,21.6,cloudy
2016-11-03,4.85,0.0,11.9,partly_cloudy
2016-11-04,3.5,0.0,6.8,partly_cloudy
2016-11-05,7.15,3.7,11.2,cloudy
2016-11-06,5.05,9.8,13.4,rainy
2016-11-07,1.6,0.9,10.8,partly_cloudy
2016-11-08,1.5000000000000002,0.0,11.2,partly_cloudy
2016-11-09,1.9999999999999998,0.7,9.7,partly_cloudy
2016-11-10,4.4,5.1,24.3,rainy
2016-11-11,3.3,10.8,16.9,rainy
2016-11-12,1.6500000000000001,0.9,15.0,cloudy
2016-11-13,0.65,0.0,13.9,partly_cloudy
2016-11-14,0.25,0.0,15.2,cloudy
2016-11-15,1.9,1.7,15.8,cloudy
2016-11-16,7.15,13.7,15.7,rainy
2016-11-17,8.399999999999999,0.7,14.5,partly_cloudy
2016-11-18,8.9,0.9,16.5,cloudy
2016-11-19,4.35,10.8,22.7,rainy
2016-11-20,6.9,0.0,12.1,partly_cloudy
2016-11-21,8.75,0.0,13.7,partly_cloudy
2016-11-22,10.850000000000001,0.0,11.5,partly_cloudy
2016-11-23,8.049999999999999,0.0,11.3,partly_cloudy
2016-11-24,7.199999999999999,0.0,14.8,partly_cloudy
2016-11-25,6.3999999999999995,0.0,18.9,cloudy
2016-11-26,6.65,0.0,10.5,partly_cloudy
2016-11-27,4.65,0.0,11.8,partly_cloudy
2016-11-28,-0.09999999999999987,0.0,14.5,partly_cloudy
2016-11-29,-1.5,0.0,14.0,partly_cloudy
2016-11-30,-0.25,0.0,16.9,cloudy
2016-12-01,2.8,0.0,18.6,cloudy
2016-12-02,2.3,1.4,22.3,cloudy
2016-12-03,-0.35,0.0,14.0,partly_cloudy
2016-12-04,-0.5499999999999999,0.0,10.5,partly_cloudy
2016-12-05,-0.85,0.0,7.6,partly_cloudy
2016-12-06,0.5499999999999998,0.0,7.6,partly_cloudy
2016-12-07,-0.30000000000000004,0.0,6.7,partly_cloudy
2016-12-08,1.75,0.0,10.0,partly_cloudy
2016-12-09,3.9,0.0,13.0,partly_cloudy
2016-12-10,3.85,0.0,9.2,partly_cloudy
2016-12-11,3.0500000000000003,0.5,23.8,cloudy
2016-12-12,3.3,0.9,18.4,cloudy
2016-12-13,0.7499999999999999,0.4,6.7,partly_cloudy
2016-12-14,2.4,0.0,7.4,partly_cloudy
2016-12-15,3.1500000000000004,0.0,11.5,partly_cloudy
2016-12-16,0.55,0.0,10.2,partly_cloudy
2016-12-17,0.25,0.0,5.8,partly_cloudy
2016-12-18,1.0499999999999998,2.4,9.7,cloudy
2016-12-19,1.55,0.0,15.1,cloudy
2016-12-20,0.5,0.0,15.5,cloudy
2016-12-21,-0.050000000000000044,0.0,5.2,partly_cloudy
2016-12-22,0.44999999999999973,0.0,7.4,partly_cloudy
2016-12-23,0.8500000000000001,0.3,8.0,partly_cloudy
2016-12-24,3.0,0.7,21.6,cloudy
2016-12-25,6.0,1.5,24.6,cloudy
2016-12-26,7.25,2.8,22.2,cloudy
2016-12-27,2.55,0.0,22.9,cloudy
2016-12-28,2.45,0.0,21.1,cloudy
2016-12-29,1.65,0.0,10.5,partly_cloudy
2016-12-30,-1.3000000000000003,0.0,10.8,partly_cloudy
2016-12-31,-1.9000000000000001,0.0,5.2,partly_cloudy
2017-01-01,-3.65,0.0,10.9,partly_cloudy
2017-01-02,-2.85,3.4,14.8,cloudy
2017-01-03,-1.25,0.2,20.6,cloudy
2017-01-04,-0.7,6.7,35.8,rainy
2017-01-05,-4.8500000000000005,1.9,24.7,cloudy
2017-01-06,-10.3,0.0,11.2,partly_cloudy
2017-01-07,-9.7,2.4,11.7,cloudy
2017-01-08,-3.4000000000000004,7.6,15.1,rainy
2017-01-09,-3.25,0.0,9.5,partly_cloudy
2017-01-10,-6.25,0.0,11.5,partly_cloudy
2017-01-11,-2.6999999999999997,2.2,29.3,cloudy
2017-01-12,2.5,4.6,23.0,cloudy
2017-01-13,1.0999999999999999,3.1,35.0,cloudy
2017-01-14,-0.95,3.5,24.7,cloudy
2017-01-15,-2.75,3.5,20.9,cloudy
2017-01-16,-5.7,2.4,9.6,cloudy
2017-01-17,-6.15,0.1,16.9,cloudy
2017-01-18,-6.0,0.0,20.1,cloudy
2017-01-19,-5.5,0.0,13.3,partly_cloudy
2017-01-20,-8.4,0.0,13.4,partly_cloudy
2017-01-21,-8.4,0.0,11.7,partly_cloudy
2017-01-22,-8.4,0.0,9.7,partly_cloudy
2017-01-23,-11.55,0.0,11.6,partly_cloudy
2017-01-24,-11.85,0.0,6.7,partly_cloudy
2017-01-25,-7.05,0.0,17.3,cloudy
2017-01-26,-5.8500000000000005,0.0,14.1,partly_cloudy
2017-01-27,-5.3,0.0,12.1,partly_cloudy
2017-01-28,-6.6000000000000005,0.0,12.4,partly_cloudy
2017-01-29,-4.45,0.0,11.4,partly_cloudy
2017-01-30,-2.8999999999999995,2.1,12.7,cloudy
2017-01-31,2.65,15.3,19.5,rainy
2017-02-01,1.1,0.3,8.0,partly_cloudy
2017-02-02,4.1499999999999995,0.4,10.3,partly_cloudy
2017-02-03,2.0,0.5,9.3,partly_cloudy
2017-02-04,3.3500000000000005,1.0,22.1,cloudy
2017-02-05,4.15,0.1,24.0,cloudy
2017-02-06,1.7,0.2,9.7,partly_cloudy
2017-02-07,2.3,0.0,9.1,partly_cloudy
2017-02-08,0.5,0.0,15.6,cloudy
2017-02-09,-1.45,0.0,16.1,cloudy
2017-02-10,-0.95,0.0,8.1,partly_cloudy
2017-02-11,0.25,0.0,11.0,partly_cloudy
2017-02-12,-0.7500000000000002,0.0,11.7,partly_cloudy
2017-02-13,1.1500000000000001,0.0,20.2,cloudy
2017-02-14,2.0,0.0,14.4,partly_cloudy
2017-02-15,1.6500000000000004,0.0,10.0,partly_cloudy
2017-02-16,4.699999999999999,0.0,10.5,partly_cloudy
2017-02-17,2.6,7.4,16.3,rainy
2017-02-18,1.5500000000000003,1.5,11.8,cloudy
2017-02-19,1.9000000000000004,0.0,12.6,partly_cloudy
2017-02-20,4.45,5.2,24.5,rainy
2017-02-21,6.95,14.7,26.5,rainy
2017-02-22,9.55,0.4,35.7,cloudy
2017-02-23,12.55,0.1,31.6,cloudy
2017-02-24,5.25,0.7,31.8,cloudy
2017-02-25,2.15,0.0,10.2,partly_cloudy
2017-02-26,5.05,0.0,12.4,partly_cloudy
2017-02-27,5.65,0.3,12.2,partly_cloudy
2017-02-28,3.0,7.9,22.8,rainy
2017-03-01,4.6000000000000005,0.6,34.2,cloudy
2017-03-02,6.25,6.6,29.9,rainy
2017-03-03,5.699999999999999,0.0,15.0,cloudy
2017-03-04,10.8,0.0,20.6,cloudy
2017-03-05,6.95,2.1,19.2,cloudy
2017-03-06,5.75,3.7,27.9,cloudy
2017-03-07,3.55,4.0,23.3,cloudy
2017-03-08,4.25,3.8,23.2,cloudy
2017-03-09,8.05,21.4,26.0,rainy
2017-03-10,4.2,2.3,24.1,cloudy
2017-03-11,4.199999999999999,0.0,10.6,partly_cloudy
2017-03-12,4.8500000000000005,0.0,15.5,cloudy
2017-03-13,4.2,0.0,13.0,partly_cloudy
2017-03-14,5.65,0.0,10.9,partly_cloudy
2017-03-15,7.8,0.0,12.5,partly_cloudy
2017-03-16,6.45,0.0,7.9,partly_cloudy
2017-03-17,9.6,0.9,23.5,cloudy
2017-03-18,7.1,10.0,35.9,rainy
2017-03-19,10.55,4.5,28.9,cloudy
2017-03-20,11.1,0.1,18.9,cloudy
2017-03-21,9.75,1.7,14.7,cloudy
2017-03-22,7.65,7.5,13.7,rainy
2017-03-23,10.350000000000001,0.1,14.1,partly_cloudy
2017-03-24,8.55,0.0,17.8,cloudy
2017-03-25,8.3,0.0,17.0,cloudy
2017-03-26,7.25,0.0,16.8,cloudy
2017-03-27,7.8999999999999995,0.0,16.2,cloudy
2017-03-28,8.700000000000001,0.0,10.4,partly_cloudy
2017-03-29,12.1,0.0,17.7,cloudy
2017-03-30,11.8,0.0,11.7,partly_cloudy
2017-03-31,13.2,0.0,10.2,partly_cloudy
2017-04-01,13.5,0.2,12.2,partly_cloudy
2017-04-02,12.85,1.2,12.7,cloudy
2017-04-03,10.55,10.2,12.8,rainy
2017-04-04,8.8,1.6,8.0,cloudy
2017-04-05,8.25,0.2,9.6,partly_cloudy
2017-04-06,6.5,0.3,16.6,cloudy
2017-04-07,8.45,1.5,18.4,cloudy
2017-04-08,10.200000000000001,0.0,10.9,partly_cloudy
2017-04-09,12.3,0.0,12.8,partly_cloudy
2017-04-10,14.2,0.2,18.2,cloudy
2017-04-11,8.75,0.7,15.1,cloudy
2017-04-12,10.15,0.1,14.7,partly_cloudy
2017-04-13,10.100000000000001,0.9,21.7,cloudy
2017-04-14,9.3,0.1,15.1,cloudy
2017-04-15,9.95,1.0,23.2,cloudy
2017-04-16,6.6,3.8,17.3,cloudy
2017-04-17,6.0,9.1,26.3,rainy
2017-04-18,3.2,6.5,19.1,rainy
2017-04-19,1.7,1.0,18.4,cloudy
2017-04-20,1.2,0.3,13.3,partly_cloudy
2017-04-21,4.5,0.0,13.3,partly_cloudy
2017-04-22,7.95,2.4,25.7,cloudy
2017-04-23,5.300000000000001,0.1,17.6,cloudy
2017-04-24,6.6499999999999995,0.0,11.4,partly_cloudy
2017-04-25,10.3,14.7,21.1,rainy
2017-04-26,4.05,16.0,13.3,rainy
2017-04-27,3.7,12.2,9.3,rainy
2017-04-28,3.4000000000000004,15.8,15.6,rainy
2017-04-29,6.1000000000000005,0.2,13.2,partly_cloudy
2017-04-30,8.4,0.0,18.0,cloudy
2017-05-01,8.75,14.2,23.0,rainy
2017-05-02,9.0,9.1,22.7,rainy
2017-05-03,9.1,0.6,10.1,partly_cloudy
2017-05-04,9.7,3.4,10.0,cloudy
2017-05-05,10.350000000000001,3.3,12.9,cloudy
2017-05-06,12.8,0.1,19.5,cloudy
2017-05-07,11.05,6.4,21.5,rainy
2017-05-08,9.5,14.3,21.3,rainy
2017-05-09,7.949999999999999,1.0,12.8,cloudy
2017-05-10,10.25,0.0,8.4,partly_cloudy
2017-05-11,13.5,0.7,17.2,cloudy
2017-05-12,14.799999999999999,1.4,18.6,cloudy
2017-05-13,15.55,0.6,14.8,partly_cloudy
2017-05-14,15.200000000000001,8.5,12.8,rainy
2017-05-15,14.2,4.9,11.4,cloudy
2017-05-16,14.45,0.0,11.7,partly_cloudy
2017-05-17,16.75,0.0,17.0,cloudy
2017-05-18,17.8,0.0,9.5,partly_cloudy
2017-05-19,16.55,11.3,24.5,rainy
2017-05-20,11.0,0.0,14.5,partly_cloudy
2017-05-21,13.35,1.0,12.5,cloudy
2017-05-22,15.600000000000001,0.1,11.6,partly_cloudy
2017-05-23,16.45,0.8,16.6,cloudy
2017-05-24,15.2,1.0,20.6,cloudy
2017-05-25,13.9,0.1,10.5,partly_cloudy
2017-05-26,15.2,0.0,11.3,partly_cloudy
2017-05-27,18.05,0.0,13.5,partly_cloudy
2017-05-28,19.7,0.0,10.6,partly_cloudy
2017-05-29,20.8,0.0,9.7,sunny
2017-05-30,21.2,0.1,12.2,sunny
2017-05-31,20.2,1.2,11.2,cloudy
2017-06-01,19.7,0.1,8.9,partly_cloudy
2017-06-02,18.55,1.1,7.2,cloudy
2017-06-03,20.4,0.0,7.9,sunny
2017-06-04,16.05,3.3,26.5,cloudy
2017-06-05,16.35,7.1,12.9,rainy
2017-06-06,14.8,13.4,23.9,rainy
2017-06-07,12.55,1.6,23.2,cloudy
2017-06-08,14.2,0.0,11.0,partly_cloudy
2017-06-09,17.950000000000003,1.7,20.1,cloudy
2017-06-10,16.9,0.4,10.5,partly_cloudy
2017-06-11,18.65,0.0,10.4,partly_cloudy
2017-06-12,20.65,0.8,18.6,sunny
2017-06-13,17.65,0.0,10.4,partly_cloudy
2017-06-14,17.95,0.0,9.2,partly_cloudy
2017-06-15,20.25,0.0,14.0,sunny
2017-06-16,19.55,6.7,24.5,rainy
2017-06-17,16.700000000000003,0.0,20.6,cloudy
2017-06-18,16.85,0.0,15.1,cloudy
2017-06-19,19.85,0.0,13.0,partly_cloudy
2017-06-20,22.4,0.6,13.3,sunny
2017-06-21,22.95,1.6,13.9,cloudy
2017-06-22,23.65,0.1,12.8,sunny
2017-06-23,24.45,4.8,21.7,cloudy
2017-06-24,21.7,0.2,17.3,sunny
2017-06-25,19.75,2.4,13.2,cloudy
2017-06-26,22.299999999999997,0.0,10.1,sunny
2017-06-27,21.299999999999997,6.6,15.0,rainy
2017-06-28,21.3,3.7,18.7,cloudy
2017-06-29,17.75,14.8,26.7,rainy
2017-06-30,16.85,0.9,16.0,cloudy
2017-07-01,17.1,0.1,23.8,cloudy
2017-07-02,16.75,5.1,18.1,rainy
2017-07-03,17.6,0.7,12.7,partly_cloudy
2017-07-04,18.65,0.4,13.7,partly_cloudy
2017-07-05,21.15,0.4,16.5,sunny
2017-07-06,23.0,0.0,16.8,sunny
2017-07-07,22.9,1.9,13.0,cloudy
2017-07-08,23.35,1.5,15.9,cloudy
2017-07-09,22.5,6.4,11.8,rainy
2017-07-10,21.65,4.3,16.1,cloudy
2017-07-11,19.75,2.4,21.3,cloudy
2017-07-12,20.65,5.0,26.8,cloudy
2017-07-13,16.25,0.0,14.7,partly_cloudy
2017-07-14,16.35,7.0,15.5,rainy
2017-07-15,15.049999999999999,2.4,18.3,cloudy
2017-07-16,16.299999999999997,0.0,8.0,partly_cloudy
2017-07-17,19.55,0.0,8.8,partly_cloudy
2017-07-18,21.75,0.0,10.5,sunny
2017-07-19,23.549999999999997,0.7,8.1,sunny
2017-07-20,21.75,0.8,19.6,sunny
2017-07-21,20.85,0.0,15.2,sunny
2017-07-22,21.85,0.1,10.1,sunny
2017-07-23,19.299999999999997,9.7,15.6,rainy
2017-07-24,15.85,10.7,19.9,rainy
2017-07-25,14.45,16.2,30.0,rainy
2017-07-26,12.899999999999999,48.2,30.9,rainy
2017-07-27,15.549999999999999,5.6,15.0,rainy
2017-07-28,17.35,3.0,18.6,cloudy
2017-07-29,19.65,0.0,11.9,partly_cloudy
2017-07-30,22.6,0.6,15.1,sunny
2017-07-31,23.5,1.0,14.8,cloudy
2017-08-01,25.5,4.2,29.8,cloudy
2017-08-02,23.799999999999997,6.2,9.5,rainy
2017-08-03,25.3,0.4,10.4,sunny
2017-08-04,23.299999999999997,2.1,11.9,cloudy
2017-08-05,22.65,1.2,14.3,cloudy
2017-08-06,17.25,5.5,14.8,rainy
2017-08-07,16.85,0.0,17.6,cloudy
2017-08-08,20.3,2.4,18.9,cloudy
2017-08-09,18.9,2.8,16.8,cloudy
2017-08-10,15.95,4.0,19.4,cloudy
2017-08-11,13.85,5.7,15.6,rainy
2017-08-12,15.5,0.4,18.3,cloudy
2017-08-13,17.5,0.6,10.3,partly_cloudy
2017-08-14,19.9,0.0,15.5,cloudy
2017-08-15,21.45,0.1,8.7,sunny
2017-08-16,20.2,11.6,14.8,rainy
2017-08-17,21.25,0.1,8.4,sunny
2017-08-18,23.1,2.7,20.8,cloudy
2017-08-19,17.200000000000003,5.6,10.9,rainy
2017-08-20,15.5,0.6,12.8,partly_cloudy
2017-08-21,15.399999999999999,0.0,8.9,partly_cloudy
2017-08-22,15.899999999999999,0.0,9.0,partly_cloudy
2017-08-23,17.4,0.0,9.6,partly_cloudy
2017-08-24,20.8,0.0,13.7,sunny
2017-08-25,21.35,0.0,8.4,sunny
2017-08-26,23.3,1.7,14.8,cloudy
2017-08-27,21.45,4.3,12.0,cloudy
2017-08-28,19.35,11.0,7.5,rainy
2017-08-29,20.1,0.0,10.1,sunny
2017-08-30,21.7,0.0,9.0,sunny
2017-08-31,20.2,7.1,18.3,rainy
2017-09-01,13.65,18.1,12.9,rainy
2017-09-02,11.5,10.1,11.1,rainy
2017-09-03,12.649999999999999,2.0,10.8,cloudy
2017-09-04,12.45,0.1,7.5,partly_cloudy
2017-09-05,15.55,0.4,9.1,partly_cloudy
2017-09-06,17.9,0.2,20.2,cloudy
2017-09-07,14.450000000000001,0.0,16.8,cloudy
2017-09-08,14.75,0.0,13.1,partly_cloudy
2017-09-09,14.5,1.0,16.8,cloudy
2017-09-10,12.85,8.1,9.0,rainy
2017-09-11,13.95,0.0,18.7,cloudy
2017-09-12,12.0,5.1,18.1,rainy
2017-09-13,14.25,1.1,28.3,cloudy
2017-09-14,14.9,4.9,28.4,cloudy
2017-09-15,11.4,0.1,22.9,cloudy
2017-09-16,9.25,7.7,6.5,rainy
2017-09-17,10.05,0.9,10.0,partly_cloudy
2017-09-18,10.35,0.2,16.8,cloudy
2017-09-19,9.3,1.7,10.8,cloudy
2017-09-20,10.3,2.9,13.6,cloudy
2017-09-21,10.7,0.6,7.9,partly_cloudy
2017-09-22,10.6,0.0,7.0,partly_cloudy
2017-09-23,12.45,0.0,8.4,partly_cloudy
2017-09-24,13.0,0.5,8.0,partly_cloudy
2017-09-25,11.55,0.4,9.0,partly_cloudy
2017-09-26,12.950000000000001,0.0,8.4,partly_cloudy
2017-09-27,13.3,0.0,8.7,partly_cloudy
2017-09-28,13.8,0.0,7.1,partly_cloudy
2017-09-29,14.45,0.9,6.9,partly_cloudy
2017-09-30,15.45,0.6,8.2,partly_cloudy
2017-10-01,11.0,3.9,14.7,cloudy
2017-10-02,12.3,2.0,15.8,cloudy
2017-10-03,11.75,10.5,24.4,rainy
2017-10-04,11.6,0.0,15.5,cloudy
2017-10-05,15.15,5.3,34.1,rainy
2017-10-06,8.95,2.2,24.7,cloudy
2017-10-07,9.8,2.8,21.2,cloudy
2017-10-08,9.65,2.8,26.5,cloudy
2017-10-09,10.5,4.9,14.1,cloudy
2017-10-10,11.25,0.4,22.7,cloudy
2017-10-11,13.5,0.0,11.0,partly_cloudy
2017-10-12,13.5,0.1,25.6,cloudy
2017-10-13,13.299999999999999,0.0,9.7,partly_cloudy
2017-10-14,13.0,0.0,8.9,partly_cloudy
2017-10-15,12.85,0.0,9.4,partly_cloudy
2017-10-16,15.3,0.0,9.8,partly_cloudy
2017-10-17,13.45,0.0,9.2,partly_cloudy
2017-10-18,13.100000000000001,0.0,7.8,partly_cloudy
2017-10-19,12.3,0.0,9.8,partly_cloudy
2017-10-20,13.8,0.3,11.2,partly_cloudy
2017-10-21,14.95,1.2,15.2,cloudy
2017-10-22,9.6,8.8,17.9,rainy
2017-10-23,7.75,1.2,20.5,cloudy
2017-10-24,10.25,0.7,14.1,partly_cloudy
2017-10-25,12.9,0.0,10.6,partly_cloudy
2017-10-26,14.149999999999999,0.0,13.4,partly_cloudy
2017-10-27,9.4,6.2,25.0,rainy
2017-10-28,7.75,0.2,28.8,cloudy
2017-10-29,7.65,8.7,42.7,rainy
2017-10-30,4.65,0.3,20.4,cloudy
2017-10-31,4.25,0.0,9.9,partly_cloudy
2017-11-01,5.2,1.5,8.6,cloudy
2017-11-02,8.45,0.3,20.6,cloudy
2017-11-03,8.8,0.1,10.0,partly_cloudy
2017-11-04,8.1,0.0,9.2,partly_cloudy
2017-11-05,8.0,10.8,23.4,rainy
2017-11-06,4.85,9.2,13.9,rainy
2017-11-07,6.05,1.4,20.2,cloudy
2017-11-08,5.75,1.7,9.8,cloudy
2017-11-09,4.75,0.9,8.3,partly_cloudy
2017-11-10,5.65,2.1,24.4,cloudy
2017-11-11,5.3,9.3,29.5,rainy
2017-11-12,5.75,21.5,32.8,rainy
2017-11-13,2.4499999999999997,0.7,17.9,cloudy
2017-11-14,0.2999999999999998,0.0,6.5,partly_cloudy
2017-11-15,0.09999999999999987,0.0,8.9,partly_cloudy
2017-11-16,0.5000000000000001,0.0,9.5,partly_cloudy
2017-11-17,1.9,0.0,10.2,partly_cloudy
2017-11-18,2.35,0.4,19.1,cloudy
2017-11-19,2.75,3.6,22.7,cloudy
2017-11-20,2.8499999999999996,2.3,21.4,cloudy
2017-11-21,6.1,3.0,25.5,cloudy
2017-11-22,8.05,0.0,14.6,partly_cloudy
2017-11-23,5.45,0.0,11.1,partly_cloudy
2017-11-24,8.65,0.0,10.8,partly_cloudy
2017-11-25,6.3,5.9,20.7,rainy
2017-11-26,1.25,0.6,20.3,cloudy
2017-11-27,1.5,0.0,25.1,cloudy
2017-11-28,3.95,1.6,20.6,cloudy
2017-11-29,1.8,2.6,9.3,cloudy
2017-11-30,-0.04999999999999993,1.3,19.5,cloudy
2017-12-01,-0.6,1.4,9.7,cloudy
2017-12-02,-1.15,0.0,13.3,partly_cloudy
2017-12-03,-1.3499999999999999,1.7,16.1,cloudy
2017-12-04,0.19999999999999996,5.3,23.1,rainy
2017-12-05,2.1,1.5,19.8,cloudy
2017-12-06,0.75,0.0,13.8,partly_cloudy
2017-12-07,2.65,0.0,13.0,partly_cloudy
2017-12-08,2.3499999999999996,5.6,21.1,rainy
2017-12-09,-1.8,0.6,25.9,cloudy
2017-12-10,-1.3,2.9,18.9,cloudy
2017-12-11,4.25,0.9,15.7,cloudy
2017-12-12,1.8499999999999999,8.0,23.0,rainy
2017-12-13,0.55,0.0,11.9,partly_cloudy
2017-12-14,3.4000000000000004,5.4,33.9,rainy
2017-12-15,1.85,2.9,23.2,cloudy
2017-12-16,0.55,1.5,17.0,cloudy
2017-12-17,0.24999999999999994,1.9,19.6,cloudy
2017-12-18,-0.8,0.2,17.0,cloudy
2017-12-19,-0.19999999999999996,0.4,10.5,partly_cloudy
2017-12-20,1.1500000000000001,3.0,9.8,cloudy
2017-12-21,2.0500000000000003,8.8,16.6,rainy
2017-12-22,4.4,4.4,15.0,cloudy
2017-12-23,5.65,0.8,18.9,cloudy
2017-12-24,3.8,0.0,17.8,cloudy
2017-12-25,1.2000000000000002,0.0,9.9,partly_cloudy
2017-12-26,2.4000000000000004,0.0,20.2,cloudy
2017-12-27,2.05,2.8,11.9,cloudy
2017-12-28,0.25,8.7,20.8,rainy
2017-12-29,-2.0,0.6,16.9,cloudy
2017-12-30,3.6,6.3,32.0,rainy
2017-12-31,7.15,2.0,35.2,cloudy
2018-01-01,4.8999999999999995,0.4,25.7,cloudy
2018-01-02,2.9,4.0,32.3,cloudy
2018-01-03,5.25,8.6,38.9,rainy
2018-01-04,7.1,20.9,35.4,rainy
2018-01-05,9.15,6.2,35.3,rainy
2018-01-06,5.55,0.8,10.8,partly_cloudy
2018-01-07,3.1,0.1,16.9,cloudy
2018-01-08,4.95,0.2,19.5,cloudy
2018-01-09,6.9,1.0,17.7,cloudy
2018-01-10,4.25,0.0,10.6,partly_cloudy
2018-01-11,2.45,0.0,6.3,partly_cloudy
2018-01-12,2.95,0.0,8.6,partly_cloudy
2018-01-13,2.0,0.0,16.7,cloudy
2018-01-14,0.30000000000000004,0.0,10.9,partly_cloudy
2018-01-15,-0.10000000000000009,0.0,11.8,partly_cloudy
2018-01-16,4.65,15.6,33.5,rainy
2018-01-17,1.35,8.4,33.2,rainy
2018-01-18,3.8000000000000003,6.8,44.9,rainy
2018-01-19,1.5499999999999998,9.2,22.8,rainy
2018-01-20,1.8499999999999999,4.8,21.3,cloudy
2018-01-21,-0.6500000000000001,3.8,26.0,cloudy
2018-01-22,1.5,18.2,19.4,rainy
2018-01-23,4.15,0.3,16.9,cloudy
2018-01-24,6.85,0.0,13.0,partly_cloudy
2018-01-25,6.949999999999999,0.0,10.9,partly_cloudy
2018-01-26,4.1499999999999995,0.0,8.4,partly_cloudy
2018-01-27,2.3,0.1,8.0,partly_cloudy
2018-01-28,5.9,0.0,19.9,cloudy
2018-01-29,8.3,0.0,25.2,cloudy
2018-01-30,4.95,0.8,27.1,cloudy
2018-01-31,6.1,0.1,19.1,cloudy
2018-02-01,3.4499999999999997,6.7,18.8,rainy
2018-02-02,1.75,0.0,15.7,cloudy
2018-02-03,-0.25,0.9,14.5,partly_cloudy
2018-02-04,-0.3500000000000001,1.1,8.8,cloudy
2018-02-05,-0.8,0.0,19.6,cloudy
2018-02-06,-0.19999999999999996,0.0,14.9,partly_cloudy
2018-02-07,-1.25,4.7,10.3,cloudy
2018-02-08,-1.65,1.2,8.5,cloudy
2018-02-09,-0.15000000000000013,0.0,7.9,partly_cloudy
2018-02-10,-0.19999999999999996,0.1,11.6,partly_cloudy
2018-02-11,0.55,2.9,14.2,cloudy
2018-02-12,-0.19999999999999996,1.7,14.3,cloudy
2018-02-13,-1.65,0.5,10.8,partly_cloudy
2018-02-14,-1.5999999999999999,0.2,11.2,partly_cloudy
2018-02-15,-0.7000000000000002,2.3,14.7,cloudy
2018-02-16,0.8499999999999999,6.7,12.8,rainy
2018-02-17,-0.7999999999999999,8.3,13.4,rainy
2018-02-18,-1.15,1.9,10.6,cloudy
2018-02-19,-3.0,0.0,10.9,partly_cloudy
2018-02-20,-2.15,1.0,7.7,cloudy
2018-02-21,-3.1999999999999997,0.1,14.2,partly_cloudy
2018-02-22,-3.0500000000000003,0.0,21.9,cloudy
2018-02-23,-1.7000000000000002,0.0,19.4,cloudy
2018-02-24,-2.5,0.0,23.3,cloudy
2018-02-25,-6.1000000000000005,0.0,22.5,cloudy
2018-02-26,-9.45,0.0,17.6,cloudy
2018-02-27,-10.5,0.0,13.3,partly_cloudy
2018-02-28,-10.7,0.0,18.2,cloudy
2018-03-01,-6.8500000000000005,0.0,19.9,cloudy
2018-03-02,-4.3,0.6,15.1,cloudy
2018-03-03,-0.75,0.8,12.4,partly_cloudy
2018-03-04,3.7499999999999996,1.5,13.8,cloudy
2018-03-05,3.6,0.1,17.1,cloudy
2018-03-06,2.35,0.4,13.0,partly_cloudy
2018-03-07,5.55,0.1,19.8,cloudy
2018-03-08,5.9,0.1,18.9,cloudy
2018-03-09,7.0,0.0,20.2,cloudy
2018-03-10,7.55,0.4,8.4,partly_cloudy
2018-03-11,9.55,0.0,12.2,partly_cloudy
2018-03-12,9.5,8.7,24.9,rainy
2018-03-13,7.8999999999999995,0.3,31.0,cloudy
2018-03-14,4.75,3.8,19.1,cloudy
2018-03-15,5.75,0.0,21.7,cloudy
2018-03-16,6.6,4.0,15.6,cloudy
2018-03-17,3.5,1.1,22.0,cloudy
2018-03-18,-1.45,2.7,23.1,cloudy
2018-03-19,-2.6500000000000004,0.8,10.5,partly_cloudy
2018-03-20,-1.65,0.0,9.7,partly_cloudy
2018-03-21,-0.8999999999999999,1.5,13.1,cloudy
2018-03-22,-0.44999999999999973,1.3,13.8,cloudy
2018-03-23,2.0999999999999996,2.0,14.1,cloudy
2018-03-24,3.5,0.0,19.3,cloudy
2018-03-25,4.75,0.0,10.2,partly_cloudy
2018-03-26,5.050000000000001,1.0,13.1,cloudy
2018-03-27,5.15,6.1,12.2,rainy
2018-03-28,6.5,11.8,25.0,rainy
2018-03-29,6.25,3.3,23.0,cloudy
2018-03-30,6.85,0.0,17.9,cloudy
2018-03-31,6.25,3.1,18.7,cloudy
2018-04-01,5.6499999999999995,2.6,29.9,cloudy
2018-04-02,7.3,0.0,18.2,cloudy
2018-04-03,13.6,0.0,13.6,partly_cloudy
2018-04-04,14.25,1.1,21.0,cloudy
2018-04-05,10.0,1.7,26.6,cloudy
2018-04-06,7.2,0.0,15.2,cloudy
2018-04-07,10.75,0.0,15.5,cloudy
2018-04-08,11.649999999999999,0.0,10.3,partly_cloudy
2018-04-09,13.850000000000001,0.0,12.5,partly_cloudy
2018-04-10,12.85,0.0,14.2,partly_cloudy
2018-04-11,11.65,0.4,12.4,partly_cloudy
2018-04-12,15.6,0.0,18.4,cloudy
2018-04-13,11.55,0.2,25.2,cloudy
2018-04-14,11.95,0.0,10.1,partly_cloudy
2018-04-15,12.9,0.3,9.8,partly_cloudy
2018-04-16,12.6,13.3,13.4,rainy
2018-04-17,13.3,0.4,11.5,partly_cloudy
2018-04-18,14.05,0.0,13.8,partly_cloudy
2018-04-19,16.5,0.0,16.6,cloudy
2018-04-20,18.6,0.0,12.4,partly_cloudy
2018-04-21,17.700000000000003,0.0,11.3,partly_cloudy
2018-04-22,18.049999999999997,0.0,10.2,partly_cloudy
2018-04-23,18.5,0.3,17.8,cloudy
2018-04-24,16.55,1.7,16.6,cloudy
2018-04-25,17.0,0.0,29.5,cloudy
2018-04-26,10.9,4.1,19.1,cloudy
2018-04-27,13.7,0.0,15.9,cloudy
2018-04-28,15.7,0.0,12.0,partly_cloudy
2018-04-29,16.95,0.0,17.1,cloudy
2018-04-30,14.850000000000001,0.5,31.2,cloudy
2018-05-01,12.5,0.0,13.0,partly_cloudy
2018-05-02,14.0,0.6,12.3,partly_cloudy
2018-05-03,14.299999999999999,1.9,17.4,cloudy
2018-05-04,15.4,0.4,20.2,cloudy
2018-05-05,16.8,0.2,21.3,cloudy
2018-05-06,16.4,0.0,16.8,cloudy
2018-05-07,16.75,0.0,17.5,cloudy
2018-05-08,17.5,0.0,23.3,cloudy
2018-05-09,16.45,3.6,12.2,cloudy
2018-05-10,15.200000000000001,1.1,18.9,cloudy
2018-05-11,15.0,0.0,15.0,cloudy
2018-05-12,17.35,0.5,15.6,cloudy
2018-05-13,18.549999999999997,3.6,12.9,cloudy
2018-05-14,16.6,3.0,12.6,cloudy
2018-05-15,13.65,4.2,15.8,cloudy
2018-05-16,11.65,10.6,14.1,rainy
2018-05-17,12.700000000000001,10.2,17.9,rainy
2018-05-18,14.3,0.8,10.7,partly_cloudy
2018-05-19,14.0,2.3,15.0,cloudy
2018-05-20,16.15,3.0,21.8,cloudy
2018-05-21,17.25,1.4,17.6,cloudy
2018-05-22,17.25,2.3,8.8,cloudy
2018-05-23,17.75,1.6,10.6,cloudy
2018-05-24,17.05,21.4,9.0,rainy
2018-05-25,16.5,2.1,11.5,cloudy
2018-05-26,18.25,0.0,9.4,partly_cloudy
2018-05-27,19.75,0.9,8.7,partly_cloudy
2018-05-28,21.05,0.2,15.0,sunny
2018-05-29,20.1,0.0,11.7,sunny
2018-05-30,20.7,2.2,9.5,cloudy
2018-05-31,21.5,1.0,12.6,cloudy
2018-06-01,19.25,4.7,17.4,cloudy
2018-06-02,18.6,0.7,8.3,partly_cloudy
2018-06-03,19.049999999999997,0.1,9.8,partly_cloudy
2018-06-04,20.95,0.0,12.9,sunny
2018-06-05,20.950000000000003,0.0,12.6,sunny
2018-06-06,21.5,4.0,14.8,cloudy
2018-06-07,19.35,4.5,8.6,cloudy
2018-06-08,20.1,2.9,10.2,cloudy
2018-06-09,20.6,1.3,13.2,cloudy
2018-06-10,20.4,3.4,10.0,cloudy
2018-06-11,21.7,7.4,14.5,rainy
2018-06-12,19.700000000000003,12.8,13.0,rainy
2018-06-13,14.6,9.8,17.8,rainy
2018-06-14,15.35,0.1,10.5,partly_cloudy
2018-06-15,16.25,0.0,9.9,partly_cloudy
2018-06-16,17.8,0.0,10.7,partly_cloudy
2018-06-17,18.6,0.9,12.5,partly_cloudy
2018-06-18,18.5,0.0,12.8,partly_cloudy
2018-06-19,18.85,0.0,11.8,partly_cloudy
2018-06-20,21.25,0.0,10.7,sunny
2018-06-21,20.95,0.6,21.0,cloudy
2018-06-22,12.75,0.4,23.5,cloudy
2018-06-23,12.55,0.1,16.7,cloudy
2018-06-24,15.0,0.1,12.0,partly_cloudy
2018-06-25,14.95,1.6,9.7,cloudy
2018-06-26,16.25,0.0,13.7,partly_cloudy
2018-06-27,16.6,0.1,16.3,cloudy
2018-06-28,14.399999999999999,19.8,16.9,rainy
2018-06-29,17.95,3.1,7.8,cloudy
2018-06-30,19.55,0.1,15.1,cloudy
2018-07-01,16.8,0.0,14.8,partly_cloudy
2018-07-02,17.1,0.0,14.1,partly_cloudy
2018-07-03,18.45,0.0,13.4,partly_cloudy
2018-07-04,20.55,0.4,12.1,sunny
2018-07-05,19.95,2.2,19.4,cloudy
2018-07-06,17.799999999999997,12.9,16.6,rainy
2018-07-07,18.55,0.1,14.8,partly_cloudy
2018-07-08,19.15,0.0,15.8,cloudy
2018-07-09,18.9,0.0,9.2,partly_cloudy
2018-07-10,17.85,2.2,18.4,cloudy
2018-07-11,15.35,1.2,13.8,cloudy
2018-07-12,17.15,0.0,13.8,partly_cloudy
2018-07-13,18.4,0.0,7.6,partly_cloudy
2018-07-14,19.75,0.9,11.8,partly_cloudy
2018-07-15,19.85,0.9,8.0,partly_cloudy
2018-07-16,18.4,3.1,8.9,cloudy
2018-07-17,19.55,0.0,14.1,partly_cloudy
2018-07-18,21.05,0.1,14.1,sunny
2018-07-19,20.35,0.0,10.5,sunny
2018-07-20,21.049999999999997,0.0,8.0,sunny
2018-07-21,18.15,8.0,12.6,rainy
2018-07-22,17.45,9.1,10.3,rainy
2018-07-23,19.55,2.9,8.6,cloudy
2018-07-24,20.55,0.0,7.7,sunny
2018-07-25,22.450000000000003,0.0,8.9,sunny
2018-07-26,22.25,0.0,12.0,sunny
2018-07-27,22.55,0.1,13.8,sunny
2018-07-28,23.0,0.9,17.2,sunny
2018-07-29,23.4,0.0,11.8,sunny
2018-07-30,24.35,0.0,10.7,sunny
2018-07-31,25.5,0.0,8.7,sunny
2018-08-01,25.75,0.0,8.3,sunny
2018-08-02,24.85,1.4,20.4,cloudy
2018-08-03,25.049999999999997,0.0,15.8,sunny
2018-08-04,25.700000000000003,0.0,12.8,sunny
2018-08-05,24.75,0.0,13.0,sunny
2018-08-06,24.4,0.0,10.2,sunny
2018-08-07,25.2,0.0,13.4,sunny
2018-08-08,24.25,0.0,17.3,sunny
2018-08-09,25.05,0.0,19.5,sunny
2018-08-10,18.45,17.7,15.3,rainy
2018-08-11,17.4,0.0,15.6,cloudy
2018-08-12,19.4,0.0,12.1,partly_cloudy
2018-08-13,22.5,2.2,17.1,cloudy
2018-08-14,19.75,1.8,15.1,cloudy
2018-08-15,19.85,0.6,8.3,partly_cloudy
2018-08-16,20.65,0.0,11.4,sunny
2018-08-17,21.5,0.0,14.6,sunny
2018-08-18,22.0,0.0,15.5,sunny
2018-08-19,22.4,0.0,8.0,sunny
2018-08-20,23.0,0.0,9.7,sunny
2018-08-21,22.85,0.0,8.4,sunny
2018-08-22,23.7,0.0,8.0,sunny
2018-08-23,23.0,1.4,13.0,cloudy
2018-08-24,19.1,7.8,14.0,rainy
2018-08-25,14.05,6.8,15.4,rainy
2018-08-26,13.35,1.1,9.1,cloudy
2018-08-27,16.2,0.0,12.3,partly_cloudy
2018-08-28,20.2,0.7,8.7,sunny
2018-08-29,20.2,4.3,15.9,cloudy
2018-08-30,18.0,0.6,18.9,cloudy
2018-08-31,14.7,13.9,11.2,rainy
2018-09-01,13.5,7.5,17.7,rainy
2018-09-02,14.45,1.6,10.5,cloudy
2018-09-03,15.799999999999999,1.2,7.0,cloudy
2018-09-04,16.6,20.1,12.8,rainy
2018-09-05,17.35,0.1,9.1,partly_cloudy
2018-09-06,18.55,0.7,11.5,partly_cloudy
2018-09-07,17.35,5.9,11.9,rainy
2018-09-08,16.1,0.1,7.3,partly_cloudy
2018-09-09,17.4,0.0,9.0,partly_cloudy
2018-09-10,17.75,0.0,9.2,partly_cloudy
2018-09-11,19.85,0.0,10.5,partly_cloudy
2018-09-12,20.15,0.0,9.0,sunny
2018-09-13,18.85,4.9,9.7,cloudy
2018-09-14,16.95,14.9,12.4,rainy
2018-09-15,16.85,0.4,9.9,partly_cloudy
2018-09-16,16.4,0.1,11.2,partly_cloudy
2018-09-17,19.45,0.8,10.2,partly_cloudy
2018-09-18,19.55,0.4,10.0,partly_cloudy
2018-09-19,19.1,4.4,11.9,cloudy
2018-09-20,19.75,0.0,9.2,partly_cloudy
2018-09-21,20.0,2.8,21.4,cloudy
2018-09-22,13.600000000000001,0.1,16.6,cloudy
2018-09-23,17.95,17.1,36.9,rainy
2018-09-24,10.15,0.1,20.7,cloudy
2018-09-25,7.85,0.0,10.5,partly_cloudy
2018-09-26,9.95,0.0,11.7,partly_cloudy
2018-09-27,13.149999999999999,0.0,10.2,partly_cloudy
2018-09-28,14.8,0.0,16.9,cloudy
2018-09-29,11.1,0.2,14.8,partly_cloudy
2018-09-30,11.149999999999999,0.0,12.2,partly_cloudy
2018-10-01,10.45,12.1,20.7,rainy
2018-10-02,7.949999999999999,0.1,21.3,cloudy
2018-10-03,11.899999999999999,0.3,24.9,cloudy
2018-10-04,11.75,0.0,10.1,partly_cloudy
2018-10-05,11.850000000000001,0.0,9.0,partly_cloudy
2018-10-06,14.05,0.0,9.1,partly_cloudy
2018-10-07,14.799999999999999,0.0,10.0,partly_cloudy
2018-10-08,14.299999999999999,0.0,13.7,partly_cloudy
2018-10-09,13.75,0.0,10.2,partly_cloudy
2018-10-10,14.399999999999999,0.0,14.2,partly_cloudy
2018-10-11,16.4,0.0,14.3,partly_cloudy
2018-10-12,16.75,0.5,9.8,partly_cloudy
2018-10-13,15.35,0.0,14.0,partly_cloudy
2018-10-14,15.850000000000001,0.0,14.1,partly_cloudy
2018-10-15,15.95,0.0,10.1,partly_cloudy
2018-10-16,13.85,0.0,8.7,partly_cloudy
2018-10-17,13.1,0.0,7.9,partly_cloudy
2018-10-18,12.05,0.0,8.6,partly_cloudy
2018-10-19,12.05,0.0,10.1,partly_cloudy
2018-10-20,10.7,0.0,8.2,partly_cloudy
2018-10-21,9.35,0.0,12.5,partly_cloudy
2018-10-22,7.95,0.1,9.7,partly_cloudy
2018-10-23,9.9,0.6,26.3,cloudy
2018-10-24,10.850000000000001,4.7,29.5,cloudy
2018-10-25,11.05,0.1,21.8,cloudy
2018-10-26,11.3,0.3,10.7,partly_cloudy
2018-10-27,5.8,19.0,16.4,rainy
2018-10-28,3.4,12.8,18.8,rainy
2018-10-29,8.35,2.5,32.6,cloudy
2018-10-30,8.55,0.4,37.6,cloudy
2018-10-31,7.1000000000000005,0.0,16.3,cloudy
2018-11-01,9.75,0.0,13.0,partly_cloudy
2018-11-02,7.8999999999999995,2.4,8.8,cloudy
2018-11-03,8.4,0.0,8.9,partly_cloudy
2018-11-04,10.6,0.0,10.7,partly_cloudy
2018-11-05,12.85,0.0,15.2,cloudy
2018-11-06,14.25,0.0,13.7,partly_cloudy
2018-11-07,10.85,0.0,10.6,partly_cloudy
2018-11-08,9.1,0.0,11.4,partly_cloudy
2018-11-09,8.1,0.0,10.8,partly_cloudy
2018-11-10,8.55,0.0,9.0,partly_cloudy
2018-11-11,8.75,0.1,7.8,partly_cloudy
2018-11-12,9.0,0.0,10.1,partly_cloudy
2018-11-13,8.549999999999999,0.1,13.4,partly_cloudy
2018-11-14,4.8,0.0,8.2,partly_cloudy
2018-11-15,4.7,0.0,11.2,partly_cloudy
2018-11-16,3.6,0.0,15.9,cloudy
2018-11-17,4.2,0.0,21.7,cloudy
2018-11-18,2.55,0.9,17.5,cloudy
2018-11-19,0.15000000000000002,0.8,23.5,cloudy
2018-11-20,2.3,0.2,20.9,cloudy
2018-11-21,0.9,0.0,11.7,partly_cloudy
2018-11-22,2.55,0.0,7.9,partly_cloudy
2018-11-23,0.5,0.0,11.7,partly_cloudy
2018-11-24,3.0500000000000003,3.1,12.2,cloudy
2018-11-25,2.25,0.0,12.0,partly_cloudy
2018-11-26,2.45,9.2,10.2,rainy
2018-11-27,1.5499999999999998,5.4,9.4,rainy
2018-11-28,-0.1499999999999999,0.0,11.8,partly_cloudy
2018-11-29,0.0,0.0,11.5,partly_cloudy
2018-11-30,0.25,4.2,9.0,cloudy
2018-12-01,2.8,2.0,10.6,cloudy
2018-12-02,4.55,6.0,23.9,rainy
2018-12-03,10.95,14.4,24.3,rainy
2018-12-04,6.4,6.7,25.2,rainy
2018-12-05,3.0500000000000003,0.0,10.7,partly_cloudy
2018-12-06,5.75,3.4,14.7,cloudy
2018-12-07,9.9,0.1,26.9,cloudy
2018-12-08,6.6,0.5,34.9,cloudy
2018-12-09,6.25,8.4,37.7,rainy
2018-12-10,2.85,13.9,27.1,rainy
2018-12-11,1.05,1.6,24.5,cloudy
2018-12-12,-0.8500000000000001,2.8,15.3,cloudy
2018-12-13,-1.2,0.5,18.9,cloudy
2018-12-14,-1.9500000000000002,0.0,13.9,partly_cloudy
2018-12-15,-2.55,0.0,11.8,partly_cloudy
2018-12-16,-1.5,1.0,13.1,cloudy
2018-12-17,-0.7000000000000002,0.7,13.8,partly_cloudy
2018-12-18,1.0,0.0,14.4,partly_cloudy
2018-12-19,-0.5999999999999999,0.3,10.2,partly_cloudy
2018-12-20,3.9,3.6,18.2,cloudy
2018-12-21,6.75,4.6,32.1,cloudy
2018-12-22,8.3,6.8,34.2,rainy
2018-12-23,7.5,9.6,30.8,rainy
2018-12-24,6.05,18.7,37.7,rainy
2018-12-25,0.20000000000000007,0.0,11.6,partly_cloudy
2018-12-26,-0.7,0.0,8.5,partly_cloudy
2018-12-27,0.15000000000000013,0.0,6.3,partly_cloudy
2018-12-28,0.3500000000000001,0.0,9.9,partly_cloudy
2018-12-29,-1.4000000000000001,0.2,14.8,partly_cloudy
2018-12-30,1.25,6.2,25.4,rainy
2018-12-31,3.0,8.2,16.0,rainy
2019-01-01,4.1,1.9,27.6,cloudy
2019-01-02,0.19999999999999996,3.8,26.9,cloudy
2019-01-03,-2.15,1.0,19.7,cloudy
2019-01-04,-1.15,4.1,21.1,cloudy
2019-01-05,0.45,20.8,29.6,rainy
2019-01-06,1.35,14.9,19.5,rainy
2019-01-07,1.05,3.0,16.3,cloudy
2019-01-08,2.35,6.5,29.8,rainy
2019-01-09,0.050000000000000044,7.7,29.9,rainy
2019-01-10,-1.7499999999999998,6.3,17.3,rainy
2019-01-11,-4.05,5.2,22.5,rainy
2019-01-12,0.6000000000000001,5.8,28.4,rainy
2019-01-13,2.95,15.0,35.7,rainy
2019-01-14,1.8499999999999999,7.1,33.3,rainy
2019-01-15,0.6000000000000001,0.2,22.4,cloudy
2019-01-16,1.15,0.0,16.0,cloudy
2019-01-17,3.95,0.4,22.1,cloudy
2019-01-18,-1.2000000000000002,0.8,18.9,cloudy
2019-01-19,-2.65,0.0,12.4,partly_cloudy
2019-01-20,-4.6,0.0,7.0,partly_cloudy
2019-01-21,-1.95,0.0,7.3,partly_cloudy
2019-01-22,-3.8,0.0,11.2,partly_cloudy
2019-01-23,-5.050000000000001,0.4,8.9,partly_cloudy
2019-01-24,-3.2,0.3,10.1,partly_cloudy
2019-01-25,-4.35,0.2,14.4,partly_cloudy
2019-01-26,-0.3500000000000001,1.7,25.7,cloudy
2019-01-27,3.6,0.9,17.9,cloudy
2019-01-28,1.6,2.9,26.8,cloudy
2019-01-29,-0.5,0.8,20.5,cloudy
2019-01-30,-1.0000000000000002,0.0,16.9,cloudy
2019-01-31,-0.2999999999999998,0.0,11.3,partly_cloudy
2019-02-01,1.5,1.2,11.0,cloudy
2019-02-02,2.3,5.4,13.9,rainy
2019-02-03,0.65,26.7,16.6,rainy
2019-02-04,-3.75,0.6,13.7,partly_cloudy
2019-02-05,-5.95,0.0,10.6,partly_cloudy
2019-02-06,-6.1,0.0,13.4,partly_cloudy
2019-02-07,-3.25,4.6,14.7,cloudy
2019-02-08,1.35,0.1,14.0,partly_cloudy
2019-02-09,2.5000000000000004,0.1,26.4,cloudy
2019-02-10,6.75,1.4,30.0,cloudy
2019-02-11,2.55,6.5,37.6,rainy
2019-02-12,0.8999999999999999,1.2,25.8,cloudy
2019-02-13,2.6,0.0,10.3,partly_cloudy
2019-02-14,3.25,0.0,7.5,partly_cloudy
2019-02-15,4.800000000000001,0.0,11.4,partly_cloudy
2019-02-16,4.300000000000001,0.0,11.9,partly_cloudy
2019-02-17,5.7,0.0,10.5,partly_cloudy
2019-02-18,4.75,0.0,10.0,partly_cloudy
2019-02-19,4.65,0.6,15.6,cloudy
2019-02-20,5.5,0.9,8.6,partly_cloudy
2019-02-21,7.15,0.1,12.4,partly_cloudy
2019-02-22,6.199999999999999,6.8,16.3,rainy
2019-02-23,0.8999999999999999,0.0,16.9,cloudy
2019-02-24,2.1,0.0,11.7,partly_cloudy
2019-02-25,5.2,0.0,12.2,partly_cloudy
2019-02-26,6.5,0.0,11.3,partly_cloudy
2019-02-27,7.05,0.0,9.8,partly_cloudy
2019-02-28,9.35,0.0,27.4,cloudy
2019-03-01,6.95,7.1,23.8,rainy
2019-03-02,6.3500000000000005,1.9,19.5,cloudy
2019-03-03,9.0,0.0,24.0,cloudy
2019-03-04,8.799999999999999,1.2,37.2,cloudy
2019-03-05,6.0,6.2,33.4,rainy
2019-03-06,7.95,0.5,15.6,cloudy
2019-03-07,7.5,1.4,24.8,cloudy
2019-03-08,6.65,0.2,27.6,cloudy
2019-03-09,7.45,1.0,35.2,cloudy
2019-03-10,9.5,6.1,41.4,rainy
2019-03-11,3.4,4.6,28.7,cloudy
2019-03-12,4.949999999999999,0.8,27.2,cloudy
2019-03-13,5.4,2.5,32.8,cloudy
2019-03-14,4.35,7.2,33.4,rainy
2019-03-15,6.3,13.4,34.5,rainy
2019-03-16,10.35,2.5,37.1,cloudy
2019-03-17,11.15,3.0,29.3,cloudy
2019-03-18,4.2,1.2,21.5,cloudy
2019-03-19,3.0,1.2,11.4,cloudy
2019-03-20,3.8,0.0,8.7,partly_cloudy
2019-03-21,5.3500000000000005,0.0,15.9,cloudy
2019-03-22,8.0,0.0,10.6,partly_cloudy
2019-03-23,8.75,0.0,10.4,partly_cloudy
2019-03-24,8.649999999999999,0.0,14.1,partly_cloudy
2019-03-25,5.5,0.8,29.1,cloudy
2019-03-26,2.85,0.3,15.0,cloudy
2019-03-27,4.45,1.5,8.7,cloudy
2019-03-28,5.85,0.0,10.5,partly_cloudy
2019-03-29,8.8,0.0,17.3,cloudy
2019-03-30,8.8,0.0,9.6,partly_cloudy
2019-03-31,9.3,0.0,11.8,partly_cloudy
2019-04-01,10.2,0.0,19.4,cloudy
2019-04-02,10.75,0.0,10.0,partly_cloudy
2019-04-03,12.7,0.0,14.3,partly_cloudy
2019-04-04,10.1,0.2,23.0,cloudy
2019-04-05,7.7,1.2,13.8,cloudy
2019-04-06,8.950000000000001,0.0,17.9,cloudy
2019-04-07,9.6,0.2,10.2,partly_cloudy
2019-04-08,9.649999999999999,1.1,13.9,cloudy
2019-04-09,11.4,2.9,12.7,cloudy
2019-04-10,9.649999999999999,5.1,13.0,rainy
2019-04-11,7.3,0.0,15.0,cloudy
2019-04-12,5.0,0.0,13.3,partly_cloudy
2019-04-13,5.7,0.0,14.1,partly_cloudy
2019-04-14,5.7,0.0,15.6,cloudy
2019-04-15,8.6,0.1,16.9,cloudy
2019-04-16,9.799999999999999,0.0,12.1,partly_cloudy
2019-04-17,11.35,0.1,15.6,cloudy
2019-04-18,12.45,0.0,20.2,cloudy
2019-04-19,13.600000000000001,0.0,15.1,cloudy
2019-04-20,14.25,0.0,14.4,partly_cloudy
2019-04-21,13.5,0.0,17.3,cloudy
2019-04-22,14.25,0.0,21.3,cloudy
2019-04-23,15.0,0.0,18.4,cloudy
2019-04-24,17.55,0.0,18.9,cloudy
2019-04-25,16.8,0.0,20.5,cloudy
2019-04-26,10.55,3.6,20.5,cloudy
2019-04-27,10.1,6.3,29.4,rainy
2019-04-28,7.3999999999999995,1.7,15.9,cloudy
2019-04-29,7.199999999999999,3.5,17.4,cloudy
2019-04-30,9.6,3.5,17.6,cloudy
2019-05-01,10.45,0.0,9.7,partly_cloudy
2019-05-02,12.2,2.3,17.7,cloudy
2019-05-03,9.95,9.1,16.7,rainy
2019-05-04,8.35,4.7,23.5,cloudy
2019-05-05,4.75,1.5,14.0,cloudy
2019-05-06,6.0,0.0,14.3,partly_cloudy
2019-05-07,8.05,0.0,11.5,partly_cloudy
2019-05-08,9.95,1.2,15.1,cloudy
2019-05-09,11.600000000000001,3.5,23.7,cloudy
2019-05-10,11.6,2.4,18.2,cloudy
2019-05-11,12.75,6.2,22.1,rainy
2019-05-12,6.949999999999999,10.6,21.4,rainy
2019-05-13,9.65,0.1,17.3,cloudy
2019-05-14,7.15,0.5,21.7,cloudy
2019-05-15,6.699999999999999,0.0,17.2,cloudy
2019-05-16,8.100000000000001,0.0,12.5,partly_cloudy
2019-05-17,11.8,0.2,13.7,partly_cloudy
2019-05-18,13.35,0.0,10.9,partly_cloudy
2019-05-19,15.0,1.7,10.5,cloudy
2019-05-20,12.8,34.2,20.2,rainy
2019-05-21,11.65,35.4,29.8,rainy
2019-05-22,12.2,12.8,19.4,rainy
2019-05-23,13.15,0.0,10.2,partly_cloudy
2019-05-24,14.049999999999999,0.0,8.6,partly_cloudy
2019-05-25,15.850000000000001,0.9,12.2,partly_cloudy
2019-05-26,15.899999999999999,1.9,8.8,cloudy
2019-05-27,15.4,5.7,7.9,rainy
2019-05-28,11.8,19.5,14.6,rainy
2019-05-29,11.0,5.4,15.8,rainy
2019-05-30,12.85,0.0,10.1,partly_cloudy
2019-05-31,14.65,0.0,9.8,partly_cloudy
2019-06-01,16.85,0.0,8.3,partly_cloudy
2019-06-02,19.15,0.0,11.9,partly_cloudy
2019-06-03,20.15,0.0,15.1,sunny
2019-06-04,20.75,0.0,10.5,sunny
2019-06-05,21.5,0.0,14.8,sunny
2019-06-06,15.8,0.9,20.1,cloudy
2019-06-07,17.7,0.0,26.9,cloudy
2019-06-08,16.3,0.0,17.1,cloudy
2019-06-09,18.4,0.5,14.1,partly_cloudy
2019-06-10,19.6,5.1,12.7,rainy
2019-06-11,18.9,0.7,15.3,cloudy
2019-06-12,17.799999999999997,1.7,22.0,cloudy
2019-06-13,18.3,0.7,8.5,partly_cloudy
2019-06-14,21.7,0.0,16.8,sunny
2019-06-15,21.049999999999997,1.6,20.7,cloudy
2019-06-16,17.45,4.7,14.4,cloudy
2019-06-17,18.450000000000003,0.1,15.7,cloudy
2019-06-18,21.2,0.0,9.5,sunny
2019-06-19,22.9,0.0,10.2,sunny
2019-06-20,19.950000000000003,2.7,17.1,cloudy
2019-06-21,19.1,6.5,12.4,rainy
2019-06-22,19.25,20.2,16.1,rainy
2019-06-23,18.65,4.3,10.5,cloudy
2019-06-24,21.75,0.0,17.7,sunny
2019-06-25,24.049999999999997,0.0,13.7,sunny
2019-06-26,26.3,0.0,7.3,sunny
2019-06-27,25.299999999999997,0.0,14.8,sunny
2019-06-28,21.1,0.0,9.7,sunny
2019-06-29,21.7,0.0,12.7,sunny
2019-06-30,23.599999999999998,0.0,13.4,sunny
2019-07-01,24.6,8.0,16.1,rainy
2019-07-02,21.15,2.2,14.0,cloudy
2019-07-03,19.049999999999997,0.0,10.9,partly_cloudy
2019-07-04,18.65,0.0,9.8,partly_cloudy
2019-07-05,19.45,0.0,12.4,partly_cloudy
2019-07-06,22.5,0.0,19.3,sunny
2019-07-07,19.299999999999997,2.0,16.4,cloudy
2019-07-08,16.2,0.0,11.3,partly_cloudy
2019-07-09,15.9,0.0,11.9,partly_cloudy
2019-07-10,15.0,0.0,10.2,partly_cloudy
2019-07-11,16.8,4.7,14.5,cloudy
2019-07-12,17.8,11.6,15.9,rainy
2019-07-13,15.4,14.2,22.5,rainy
2019-07-14,16.35,10.7,14.3,rainy
2019-07-15,17.4,0.8,12.0,partly_cloudy
2019-07-16,17.75,0.0,15.6,cloudy
2019-07-17,18.5,0.0,12.3,partly_cloudy
2019-07-18,19.3,0.1,13.7,partly_cloudy
2019-07-19,20.35,0.0,9.1,sunny
2019-07-20,22.95,0.1,12.4,sunny
2019-07-21,21.3,6.8,15.4,rainy
2019-07-22,21.95,0.0,11.5,sunny
2019-07-23,23.3,0.0,8.7,sunny
2019-07-24,25.25,0.0,9.7,sunny
2019-07-25,26.1,0.0,13.4,sunny
2019-07-26,25.700000000000003,0.0,7.2,sunny
2019-07-27,22.1,4.2,12.8,cloudy
2019-07-28,19.75,18.0,13.5,rainy
2019-07-29,18.85,12.1,19.1,rainy
2019-07-30,20.3,0.5,8.8,sunny
2019-07-31,18.0,6.3,13.7,rainy
2019-08-01,18.3,0.5,8.8,partly_cloudy
2019-08-02,19.4,0.0,17.3,cloudy
2019-08-03,17.75,6.3,16.1,rainy
2019-08-04,18.05,0.0,7.0,partly_cloudy
2019-08-05,20.85,0.0,15.7,sunny
2019-08-06,21.9,0.6,16.1,sunny
2019-08-07,21.0,9.2,16.1,rainy
2019-08-08,19.85,1.1,9.6,cloudy
2019-08-09,22.55,0.0,9.2,sunny
2019-08-10,20.049999999999997,9.3,15.2,rainy
2019-08-11,20.25,1.4,16.6,cloudy
2019-08-12,16.9,21.3,15.2,rainy
2019-08-13,16.9,8.4,11.5,rainy
2019-08-14,15.45,0.0,9.7,partly_cloudy
2019-08-15,15.45,1.7,16.4,cloudy
2019-08-16,17.95,0.6,15.6,cloudy
2019-08-17,18.1,0.0,7.6,partly_cloudy
2019-08-18,23.75,0.0,19.7,sunny
2019-08-19,20.200000000000003,9.9,13.7,rainy
2019-08-20,17.7,26.5,18.0,rainy
2019-08-21,16.15,3.9,10.4,cloudy
2019-08-22,16.85,0.0,13.8,partly_cloudy
2019-08-23,17.85,0.4,14.5,partly_cloudy
2019-08-24,21.6,0.3,8.4,sunny
2019-08-25,21.4,3.5,9.9,cloudy
2019-08-26,20.75,4.6,7.2,cloudy
2019-08-27,21.5,0.0,7.5,sunny
2019-08-28,22.65,0.0,8.6,sunny
2019-08-29,21.049999999999997,5.5,9.2,rainy
2019-08-30,21.200000000000003,0.0,9.7,sunny
2019-08-31,22.3,0.0,9.2,sunny
2019-09-01,21.65,2.3,12.6,cloudy
2019-09-02,16.25,1.2,9.2,cloudy
2019-09-03,14.399999999999999,0.0,8.0,partly_cloudy
2019-09-04,16.95,0.0,11.1,partly_cloudy
2019-09-05,15.149999999999999,6.6,14.0,rainy
2019-09-06,13.25,2.7,14.5,cloudy
2019-09-07,12.95,5.3,10.8,rainy
2019-09-08,11.45,13.3,13.4,rainy
2019-09-09,10.85,8.2,17.7,rainy
2019-09-10,12.35,0.0,10.4,partly_cloudy
2019-09-11,14.649999999999999,0.0,10.0,partly_cloudy
2019-09-12,17.4,0.0,9.2,partly_cloudy
2019-09-13,17.8,0.0,10.7,partly_cloudy
2019-09-14,19.0,0.1,11.2,partly_cloudy
2019-09-15,17.5,0.0,9.4,partly_cloudy
2019-09-16,18.35,0.1,12.1,partly_cloudy
2019-09-17,14.9,0.1,15.6,cloudy
2019-09-18,11.65,0.0,9.2,partly_cloudy
2019-09-19,10.3,0.0,11.6,partly_cloudy
2019-09-20,9.700000000000001,0.0,11.5,partly_cloudy
2019-09-21,12.95,0.0,11.5,partly_cloudy
2019-09-22,13.0,0.0,9.1,partly_cloudy
2019-09-23,12.65,9.8,20.5,rainy
2019-09-24,14.7,0.7,10.5,partly_cloudy
2019-09-25,15.350000000000001,3.4,17.7,cloudy
2019-09-26,13.799999999999999,4.8,18.5,cloudy
2019-09-27,17.15,1.1,18.4,cloudy
2019-09-28,15.05,8.5,22.0,rainy
2019-09-29,16.0,2.2,24.2,cloudy
2019-09-30,15.25,0.0,32.3,cloudy
2019-10-01,15.05,0.9,14.6,partly_cloudy
2019-10-02,11.25,11.0,21.1,rainy
2019-10-03,8.25,0.0,23.2,cloudy
2019-10-04,8.75,0.9,18.6,cloudy
2019-10-05,9.4,4.9,23.9,cloudy
2019-10-06,8.05,3.7,9.8,cloudy
2019-10-07,7.15,8.3,13.0,rainy
2019-10-08,10.7,0.3,14.8,partly_cloudy
2019-10-09,12.2,23.6,21.5,rainy
2019-10-10,11.05,4.1,32.6,cloudy
2019-10-11,12.05,0.0,12.7,partly_cloudy
2019-10-12,14.3,0.0,10.6,partly_cloudy
2019-10-13,16.2,0.0,10.8,partly_cloudy
2019-10-14,15.55,0.0,10.6,partly_cloudy
2019-10-15,13.9,1.5,21.3,cloudy
2019-10-16,12.600000000000001,2.7,24.5,cloudy
2019-10-17,11.700000000000001,0.0,10.6,partly_cloudy
2019-10-18,13.85,0.1,9.3,partly_cloudy
2019-10-19,13.100000000000001,0.2,13.8,partly_cloudy
2019-10-20,14.4,0.0,12.5,partly_cloudy
2019-10-21,13.549999999999999,0.1,10.0,partly_cloudy
2019-10-22,11.15,0.0,9.4,partly_cloudy
2019-10-23,12.25,0.2,10.1,partly_cloudy
2019-10-24,12.2,0.0,11.2,partly_cloudy
2019-10-25,14.3,0.0,9.0,partly_cloudy
2019-10-26,12.850000000000001,0.0,9.5,partly_cloudy
2019-10-27,14.2,1.2,13.0,cloudy
2019-10-28,9.75,5.6,12.1,rainy
2019-10-29,7.0,4.2,10.7,cloudy
2019-10-30,6.25,0.2,15.2,cloudy
2019-10-31,4.55,0.1,14.5,partly_cloudy
2019-11-01,5.6,1.8,10.1,cloudy
2019-11-02,11.25,3.7,13.3,cloudy
2019-11-03,10.399999999999999,2.5,25.3,cloudy
2019-11-04,10.55,3.7,23.5,cloudy
2019-11-05,5.65,5.5,14.0,rainy
2019-11-06,5.800000000000001,0.5,14.6,partly_cloudy
2019-11-07,5.75,0.0,12.7,partly_cloudy
2019-11-08,5.199999999999999,1.8,15.9,cloudy
2019-11-09,2.8499999999999996,1.5,15.6,cloudy
2019-11-10,1.45,0.0,9.3,partly_cloudy
2019-11-11,1.2000000000000002,0.4,9.2,partly_cloudy
2019-11-12,3.5,5.9,11.1,rainy
2019-11-13,2.65,9.4,11.0,rainy
2019-11-14,2.8,0.0,16.9,cloudy
2019-11-15,7.05,1.2,17.8,cloudy
2019-11-16,3.4000000000000004,0.6,10.1,partly_cloudy
2019-11-17,4.8999999999999995,4.8,13.1,cloudy
2019-11-18,5.5,0.0,17.7,cloudy
2019-11-19,3.4,0.3,9.2,partly_cloudy
2019-11-20,2.65,0.0,8.4,partly_cloudy
2019-11-21,2.65,3.6,7.4,cloudy
2019-11-22,3.75,0.0,12.3,partly_cloudy
2019-11-23,8.1,0.0,17.6,cloudy
2019-11-24,8.2,0.0,14.3,partly_cloudy
2019-11-25,3.0,0.0,6.4,partly_cloudy
2019-11-26,5.85,0.0,9.2,partly_cloudy
2019-11-27,5.5,3.4,14.1,cloudy
2019-11-28,7.5,2.3,23.9,cloudy
2019-11-29,4.75,4.6,27.3,cloudy
2019-11-30,1.95,0.0,12.0,partly_cloudy
2019-12-01,0.20000000000000007,0.1,14.4,partly_cloudy
2019-12-02,0.5,1.7,11.5,cloudy
2019-12-03,0.9,0.0,10.0,partly_cloudy
2019-12-04,0.3999999999999999,0.0,13.0,partly_cloudy
2019-12-05,-0.5,0.0,9.0,partly_cloudy
2019-12-06,1.2000000000000002,0.0,13.4,partly_cloudy
2019-12-07,5.6,0.9,23.3,cloudy
2019-12-08,6.85,0.0,22.2,cloudy
2019-12-09,6.2,2.5,25.2,cloudy
2019-12-10,0.8499999999999999,2.4,20.7,cloudy
2019-12-11,-1.0999999999999999,0.0,9.4,partly_cloudy
2019-12-12,0.29999999999999993,3.6,12.8,cloudy
2019-12-13,1.0,1.9,30.6,cloudy
2019-12-14,5.15,3.5,38.4,cloudy
2019-12-15,9.5,0.2,28.6,cloudy
2019-12-16,4.35,0.0,10.8,partly_cloudy
2019-12-17,8.299999999999999,0.0,13.7,partly_cloudy
2019-12-18,9.7,0.7,14.2,partly_cloudy
2019-12-19,6.1,0.0,12.0,partly_cloudy
2019-12-20,7.7,0.1,18.4,cloudy
2019-12-21,4.0,6.7,19.7,rainy
2019-12-22,4.05,1.0,25.3,cloudy
2019-12-23,5.1,2.0,23.8,cloudy
2019-12-24,4.55,5.9,23.4,rainy
2019-12-25,4.5,10.8,25.9,rainy
2019-12-26,2.65,0.2,10.7,partly_cloudy
2019-12-27,2.6,6.2,11.1,rainy
2019-12-28,-0.8999999999999999,0.0,9.0,partly_cloudy
2019-12-29,-1.4,0.0,10.4,partly_cloudy
2019-12-30,0.30000000000000027,0.0,9.6,partly_cloudy
2019-12-31,1.45,0.0,13.2,partly_cloudy
2020-01-01,0.20000000000000018,0.0,10.9,partly_cloudy
2020-01-02,-0.8500000000000001,0.0,10.0,partly_cloudy
2020-01-03,1.2999999999999998,0.0,20.3,cloudy
2020-01-04,3.75,2.2,25.6,cloudy
2020-01-05,1.5,2.1,23.4,cloudy
2020-01-06,0.050000000000000044,0.0,8.2,partly_cloudy
2020-01-07,0.25,1.7,17.6,cloudy
2020-01-08,1.6,0.0,10.8,partly_cloudy
2020-01-09,6.3999999999999995,0.0,9.8,partly_cloudy
2020-01-10,5.45,0.0,18.6,cloudy
2020-01-11,2.85,0.3,15.5,cloudy
2020-01-12,0.2999999999999998,0.0,10.9,partly_cloudy
2020-01-13,1.25,0.0,9.7,partly_cloudy
2020-01-14,2.95,0.0,10.5,partly_cloudy
2020-01-15,3.15,0.0,11.4,partly_cloudy
2020-01-16,5.65,0.0,12.0,partly_cloudy
2020-01-17,3.1,0.3,13.4,partly_cloudy
2020-01-18,1.85,7.3,13.3,rainy
2020-01-19,-0.55,0.8,10.1,partly_cloudy
2020-01-20,0.6499999999999999,0.1,14.0,partly_cloudy
2020-01-21,-2.15,0.0,11.3,partly_cloudy
2020-01-22,-2.5,0.0,6.6,partly_cloudy
2020-01-23,-0.5999999999999999,0.0,12.3,partly_cloudy
2020-01-24,0.75,0.0,9.1,partly_cloudy
2020-01-25,1.5999999999999999,0.0,8.5,partly_cloudy
2020-01-26,2.6,0.5,9.0,partly_cloudy
2020-01-27,4.800000000000001,0.7,15.1,cloudy
2020-01-28,4.25,3.2,34.6,cloudy
2020-01-29,2.75,4.7,28.4,cloudy
2020-01-30,4.8999999999999995,2.3,19.7,cloudy
2020-01-31,9.65,2.2,28.8,cloudy
2020-02-01,10.65,2.4,29.2,cloudy
2020-02-02,9.8,6.7,32.1,rainy
2020-02-03,7.6,27.1,20.5,rainy
2020-02-04,6.95,10.7,44.7,rainy
2020-02-05,0.44999999999999996,1.0,25.4,cloudy
2020-02-06,1.1,0.0,11.2,partly_cloudy
2020-02-07,0.6500000000000001,0.0,10.8,partly_cloudy
2020-02-08,2.4499999999999997,0.0,9.2,partly_cloudy
2020-02-09,5.199999999999999,0.0,14.0,partly_cloudy
2020-02-10,8.55,8.0,48.6,rainy
2020-02-11,5.050000000000001,8.8,38.2,rainy
2020-02-12,2.8,2.6,32.4,cloudy
2020-02-13,3.4000000000000004,1.5,23.3,cloudy
2020-02-14,5.2,2.6,27.6,cloudy
2020-02-15,5.0,0.0,11.1,partly_cloudy
2020-02-16,8.35,0.1,13.4,partly_cloudy
2020-02-17,9.55,2.2,20.3,cloudy
2020-02-18,5.3,1.5,25.8,cloudy
2020-02-19,3.6,4.0,28.4,cloudy
2020-02-20,4.3999999999999995,0.1,14.7,partly_cloudy
2020-02-21,4.2,1.2,32.0,cloudy
2020-02-22,7.6,0.0,22.5,cloudy
2020-02-23,10.1,7.3,38.2,rainy
2020-02-24,7.05,7.3,33.0,rainy
2020-02-25,9.0,1.0,29.1,cloudy
2020-02-26,3.3000000000000003,6.9,29.1,rainy
2020-02-27,2.9,4.6,46.5,cloudy
2020-02-28,2.5500000000000003,2.8,43.4,cloudy
2020-02-29,8.3,0.5,17.2,cloudy
2020-03-01,8.3,2.2,25.5,cloudy
2020-03-02,6.0,0.9,24.1,cloudy
2020-03-03,3.55,7.3,27.1,rainy
2020-03-04,2.75,0.6,19.9,cloudy
2020-03-05,4.0,4.2,11.8,cloudy
2020-03-06,5.75,1.1,37.8,cloudy
2020-03-07,3.85,3.5,22.7,cloudy
2020-03-08,4.55,0.0,12.4,partly_cloudy
2020-03-09,5.4,4.0,20.7,cloudy
2020-03-10,5.15,11.7,29.6,rainy
2020-03-11,12.2,0.3,35.5,cloudy
2020-03-12,12.0,1.0,25.9,cloudy
2020-03-13,6.2,3.2,24.4,cloudy
2020-03-14,4.3999999999999995,0.0,9.7,partly_cloudy
2020-03-15,6.2,0.0,14.5,partly_cloudy
2020-03-16,8.25,0.0,9.1,partly_cloudy
2020-03-17,8.5,0.5,9.3,partly_cloudy
2020-03-18,10.65,0.0,10.2,partly_cloudy
2020-03-19,10.5,0.0,8.7,partly_cloudy
2020-03-20,11.4,0.6,9.6,partly_cloudy
2020-03-21,5.0,14.1,20.8,rainy
2020-03-22,1.7000000000000002,0.2,22.7,cloudy
2020-03-23,-0.7999999999999998,0.0,20.0,cloudy
2020-03-24,0.7000000000000002,0.0,23.2,cloudy
2020-03-25,0.8999999999999999,0.0,29.9,cloudy
2020-03-26,3.0,0.0,22.6,cloudy
2020-03-27,8.85,0.0,18.2,cloudy
2020-03-28,8.6,0.0,10.9,partly_cloudy
2020-03-29,6.6,0.2,18.7,cloudy
2020-03-30,1.4500000000000002,0.2,20.1,cloudy
2020-03-31,1.05,0.0,9.2,partly_cloudy
2020-04-01,2.15,0.0,9.7,partly_cloudy
2020-04-02,4.3500000000000005,0.0,8.8,partly_cloudy
2020-04-03,5.6499999999999995,0.0,12.5,partly_cloudy
2020-04-04,6.800000000000001,0.0,11.5,partly_cloudy
2020-04-05,9.0,0.0,17.4,cloudy
2020-04-06,10.8,0.0,10.1,partly_cloudy
2020-04-07,11.6,0.0,12.4,partly_cloudy
2020-04-08,13.35,0.0,12.4,partly_cloudy
2020-04-09,13.35,0.0,10.2,partly_cloudy
2020-04-10,12.75,0.0,9.0,partly_cloudy
2020-04-11,12.5,0.0,8.4,partly_cloudy
2020-04-12,13.299999999999999,0.0,8.4,partly_cloudy
2020-04-13,12.6,0.9,22.7,cloudy
2020-04-14,3.3000000000000003,0.0,13.8,partly_cloudy
2020-04-15,6.7,0.0,10.1,partly_cloudy
2020-04-16,12.100000000000001,0.0,10.6,partly_cloudy
2020-04-17,14.35,0.0,9.2,partly_cloudy
2020-04-18,16.1,2.0,14.5,cloudy
2020-04-19,14.55,0.3,19.1,cloudy
2020-04-20,12.25,0.0,26.8,cloudy
2020-04-21,12.799999999999999,0.0,29.3,cloudy
2020-04-22,13.0,0.0,23.3,cloudy
2020-04-23,12.600000000000001,0.0,13.0,partly_cloudy
2020-04-24,13.299999999999999,0.0,20.6,cloudy
2020-04-25,13.350000000000001,0.0,13.9,partly_cloudy
2020-04-26,11.85,0.0,11.7,partly_cloudy
2020-04-27,13.1,6.2,14.1,rainy
2020-04-28,13.950000000000001,0.8,11.9,partly_cloudy
2020-04-29,10.6,12.6,20.8,rainy
2020-04-30,12.2,5.9,14.2,rainy
2020-05-01,11.95,2.5,17.6,cloudy
2020-05-02,9.5,3.1,23.0,cloudy
2020-05-03,9.6,0.5,12.7,partly_cloudy
2020-05-04,11.75,2.8,14.3,cloudy
2020-05-05,10.25,2.3,11.2,cloudy
2020-05-06,8.35,0.0,11.0,partly_cloudy
2020-05-07,11.1,0.0,9.4,partly_cloudy
2020-05-08,15.6,0.0,12.3,partly_cloudy
2020-05-09,17.450000000000003,2.8,11.8,cloudy
2020-05-10,16.4,4.0,11.8,cloudy
2020-05-11,10.95,9.3,20.4,rainy
2020-05-12,6.95,1.8,16.1,cloudy
2020-05-13,6.75,4.3,12.0,cloudy
2020-05-14,9.75,5.7,12.8,rainy
2020-05-15,8.8,7.0,16.3,rainy
2020-05-16,10.35,0.0,7.8,partly_cloudy
2020-05-17,12.350000000000001,0.0,9.4,partly_cloudy
2020-05-18,14.450000000000001,0.0,9.0,partly_cloudy
2020-05-19,16.3,0.0,14.7,partly_cloudy
2020-05-20,16.3,0.0,14.1,partly_cloudy
2020-05-21,15.600000000000001,0.5,8.8,partly_cloudy
2020-05-22,17.65,1.9,10.9,cloudy
2020-05-23,15.7,11.2,24.5,rainy
2020-05-24,12.149999999999999,1.9,22.7,cloudy
2020-05-25,13.0,2.0,22.8,cloudy
2020-05-26,11.700000000000001,0.0,13.1,partly_cloudy
2020-05-27,13.55,0.0,11.4,partly_cloudy
2020-05-28,13.350000000000001,4.4,16.5,cloudy
2020-05-29,11.85,0.6,12.1,partly_cloudy
2020-05-30,11.350000000000001,0.0,14.8,partly_cloudy
2020-05-31,11.8,0.1,13.5,partly_cloudy
2020-06-01,15.5,0.0,13.2,partly_cloudy
2020-06-02,16.05,0.0,8.9,partly_cloudy
2020-06-03,18.0,0.7,13.8,partly_cloudy
2020-06-04,15.5,5.9,14.5,rainy
2020-06-05,14.1,2.7,23.6,cloudy
2020-06-06,16.35,4.4,21.1,cloudy
2020-06-07,11.45,17.5,16.0,rainy
2020-06-08,11.85,1.5,12.4,cloudy
2020-06-09,12.8,12.4,14.3,rainy
2020-06-10,13.65,7.6,12.7,rainy
2020-06-11,15.35,3.9,8.7,cloudy
2020-06-12,18.4,0.0,15.5,cloudy
2020-06-13,19.15,6.2,13.6,rainy
2020-06-14,16.0,19.7,30.7,rainy
2020-06-15,14.4,40.8,19.8,rainy
2020-06-16,16.3,7.9,10.7,rainy
2020-06-17,17.700000000000003,13.3,18.9,rainy
2020-06-18,16.5,1.0,15.1,cloudy
2020-06-19,14.100000000000001,7.4,18.0,rainy
2020-06-20,15.05,3.4,15.5,cloudy
2020-06-21,16.55,0.3,13.5,partly_cloudy
2020-06-22,17.7,0.4,13.2,partly_cloudy
2020-06-23,18.85,0.1,12.9,partly_cloudy
2020-06-24,17.65,0.0,16.6,cloudy
2020-06-25,16.65,1.7,10.5,cloudy
2020-06-26,17.65,2.2,12.0,cloudy
2020-06-27,22.05,0.6,12.3,sunny
2020-06-28,20.65,1.3,12.6,cloudy
2020-06-29,16.8,16.9,15.8,rainy
2020-06-30,18.75,0.0,19.2,cloudy
2020-07-01,20.75,0.4,14.1,sunny
2020-07-02,20.65,6.9,13.4,rainy
2020-07-03,17.0,0.5,11.6,partly_cloudy
2020-07-04,18.1,0.0,11.6,partly_cloudy
2020-07-05,20.85,0.0,19.8,sunny
2020-07-06,17.15,0.2,23.0,cloudy
2020-07-07,15.0,0.0,9.2,partly_cloudy
2020-07-08,17.7,0.0,18.6,cloudy
2020-07-09,20.45,0.3,14.0,sunny
2020-07-10,22.95,0.7,20.3,cloudy
2020-07-11,15.65,13.9,12.8,rainy
2020-07-12,15.5,1.0,10.3,cloudy
2020-07-13,16.3,0.0,15.9,cloudy
2020-07-14,17.1,0.0,9.2,partly_cloudy
2020-07-15,17.700000000000003,1.6,11.6,cloudy
2020-07-16,14.55,11.3,13.5,rainy
2020-07-17,15.95,3.2,14.8,cloudy
2020-07-18,16.6,0.5,11.0,partly_cloudy
2020-07-19,18.7,0.8,7.8,partly_cloudy
2020-07-20,21.5,0.0,10.7,sunny
2020-07-21,21.25,2.2,9.4,cloudy
2020-07-22,20.25,0.0,10.8,sunny
2020-07-23,20.1,0.3,13.5,sunny
2020-07-24,20.25,0.9,14.2,sunny
2020-07-25,20.2,0.2,12.8,sunny
2020-07-26,19.299999999999997,5.0,11.9,cloudy
2020-07-27,20.950000000000003,1.0,11.7,cloudy
2020-07-28,24.549999999999997,4.9,17.8,cloudy
2020-07-29,21.1,2.8,8.6,cloudy
2020-07-30,21.6,0.0,8.0,sunny
2020-07-31,23.799999999999997,0.0,8.2,sunny
2020-08-01,24.25,0.7,13.8,sunny
2020-08-02,20.85,3.0,13.9,cloudy
2020-08-03,16.4,28.0,17.0,rainy
2020-08-04,13.8,23.3,19.1,rainy
2020-08-05,15.15,0.0,13.1,partly_cloudy
2020-08-06,18.95,0.0,15.4,cloudy
2020-08-07,22.15,0.0,13.9,sunny
2020-08-08,22.6,0.0,9.3,sunny
2020-08-09,22.9,0.0,9.2,sunny
2020-08-10,23.25,0.0,12.6,sunny
2020-08-11,23.55,0.4,17.5,sunny
2020-08-12,23.1,0.0,11.3,sunny
2020-08-13,21.35,6.3,21.3,rainy
2020-08-14,20.6,0.9,15.8,sunny
2020-08-15,21.05,2.0,14.5,cloudy
2020-08-16,21.0,0.0,12.7,sunny
2020-08-17,19.700000000000003,2.8,15.1,cloudy
2020-08-18,19.3,15.2,14.4,rainy
2020-08-19,18.95,2.2,12.6,cloudy
2020-08-20,21.6,0.0,10.0,sunny
2020-08-21,25.0,0.0,9.0,sunny
2020-08-22,19.700000000000003,10.7,17.7,rainy
2020-08-23,18.05,0.1,17.3,cloudy
2020-08-24,17.0,0.0,11.3,partly_cloudy
2020-08-25,17.55,0.0,9.7,partly_cloudy
2020-08-26,20.8,0.2,32.8,cloudy
2020-08-27,17.200000000000003,0.0,15.1,cloudy
2020-08-28,20.05,15.0,14.0,rainy
2020-08-29,14.950000000000001,26.4,11.0,rainy
2020-08-30,14.7,9.6,31.4,rainy
2020-08-31,13.899999999999999,1.5,19.5,cloudy
2020-09-01,13.75,6.0,8.6,rainy
2020-09-02,13.95,1.0,8.2,cloudy
2020-09-03,14.399999999999999,0.8,10.1,partly_cloudy
2020-09-04,19.700000000000003,0.0,10.2,partly_cloudy
2020-09-05,20.3,2.8,16.9,cloudy
2020-09-06,15.55,6.8,12.4,rainy
2020-09-07,15.049999999999999,0.9,9.7,partly_cloudy
2020-09-08,14.65,0.0,7.2,partly_cloudy
2020-09-09,16.65,0.0,7.9,partly_cloudy
2020-09-10,17.2,0.0,10.8,partly_cloudy
2020-09-11,18.1,0.0,8.6,partly_cloudy
2020-09-12,17.85,0.0,5.8,partly_cloudy
2020-09-13,18.9,0.0,8.5,partly_cloudy
2020-09-14,19.8,0.0,11.6,partly_cloudy
2020-09-15,19.6,0.0,8.7,partly_cloudy
2020-09-16,19.95,0.6,8.7,partly_cloudy
2020-09-17,19.05,7.8,14.2,rainy
2020-09-18,15.3,0.0,17.4,cloudy
2020-09-19,14.95,0.0,11.2,partly_cloudy
2020-09-20,15.25,0.0,8.2,partly_cloudy
2020-09-21,16.1,0.0,7.7,partly_cloudy
2020-09-22,17.7,0.0,9.0,partly_cloudy
2020-09-23,16.7,13.6,12.6,rainy
2020-09-24,15.9,0.0,11.9,partly_cloudy
2020-09-25,10.85,18.7,18.1,rainy
2020-09-26,7.2,8.1,29.3,rainy
2020-09-27,10.5,0.4,22.6,cloudy
2020-09-28,7.300000000000001,2.8,7.6,cloudy
2020-09-29,9.100000000000001,2.3,15.3,cloudy
2020-09-30,12.100000000000001,0.6,7.9,partly_cloudy
2020-10-01,11.8,0.1,8.0,partly_cloudy
2020-10-02,14.799999999999999,0.2,18.4,cloudy
2020-10-03,13.9,3.2,26.0,cloudy
2020-10-04,10.6,0.1,15.9,cloudy
2020-10-05,11.3,1.9,17.7,cloudy
2020-10-06,11.899999999999999,7.8,18.6,rainy
2020-10-07,10.55,10.6,23.0,rainy
2020-10-08,12.45,0.2,16.4,cloudy
2020-10-09,14.35,0.0,11.7,partly_cloudy
2020-10-10,9.65,3.5,13.4,cloudy
2020-10-11,7.300000000000001,0.8,7.6,partly_cloudy
2020-10-12,6.1499999999999995,1.9,13.2,cloudy
2020-10-13,6.3,3.2,9.2,cloudy
2020-10-14,5.6,1.2,16.3,cloudy
2020-10-15,5.85,1.1,11.6,cloudy
2020-10-16,7.35,8.8,15.5,rainy
2020-10-17,6.7,1.3,9.2,cloudy
2020-10-18,7.25,0.2,10.2,partly_cloudy
2020-10-19,7.699999999999999,0.0,10.5,partly_cloudy
2020-10-20,7.050000000000001,0.0,10.4,partly_cloudy
2020-10-21,10.8,0.0,9.7,partly_cloudy
2020-10-22,13.0,0.0,9.3,partly_cloudy
2020-10-23,13.55,5.5,13.7,rainy
2020-10-24,10.0,1.2,16.2,cloudy
2020-10-25,9.65,0.0,10.1,partly_cloudy
2020-10-26,7.8,10.0,18.6,rainy
2020-10-27,6.35,5.6,12.8,rainy
2020-10-28,7.550000000000001,0.8,11.9,partly_cloudy
2020-10-29,9.899999999999999,9.9,26.0,rainy
2020-10-30,11.4,2.5,22.2,cloudy
2020-10-31,10.7,0.0,9.4,partly_cloudy
2020-11-01,8.899999999999999,8.8,16.2,rainy
2020-11-02,16.3,0.0,16.3,cloudy
2020-11-03,12.55,10.3,15.0,rainy
2020-11-04,8.25,3.0,13.4,cloudy
2020-11-05,7.0,0.0,10.2,partly_cloudy
2020-11-06,5.3999999999999995,0.0,11.2,partly_cloudy
2020-11-07,3.8000000000000003,0.0,9.8,partly_cloudy
2020-11-08,4.35,0.0,8.2,partly_cloudy
2020-11-09,3.15,0.0,7.6,partly_cloudy
2020-11-10,4.25,0.0,5.5,partly_cloudy
2020-11-11,6.9,0.0,7.5,partly_cloudy
2020-11-12,8.1,0.0,12.1,partly_cloudy
2020-11-13,7.8,0.0,9.5,partly_cloudy
2020-11-14,9.899999999999999,0.0,10.0,partly_cloudy
2020-11-15,6.8500000000000005,0.0,9.7,partly_cloudy
2020-11-16,7.95,1.7,21.3,cloudy
2020-11-17,7.55,0.0,12.1,partly_cloudy
2020-11-18,6.55,0.0,9.4,partly_cloudy
2020-11-19,8.25,1.7,20.2,cloudy
2020-11-20,1.5500000000000003,1.4,16.6,cloudy
2020-11-21,0.6500000000000001,0.0,8.9,partly_cloudy
2020-11-22,1.75,0.6,7.8,partly_cloudy
2020-11-23,2.45,0.7,10.8,partly_cloudy
2020-11-24,1.7000000000000002,0.0,10.2,partly_cloudy
2020-11-25,0.25,0.0,7.2,partly_cloudy
2020-11-26,-0.09999999999999987,0.0,5.7,partly_cloudy
2020-11-27,0.1499999999999999,0.0,8.3,partly_cloudy
2020-11-28,-0.3999999999999999,0.0,13.6,partly_cloudy
2020-11-29,-0.30000000000000004,0.0,14.3,partly_cloudy
2020-11-30,-0.9500000000000002,0.0,8.9,partly_cloudy
2020-12-01,-0.7000000000000001,4.3,9.4,cloudy
2020-12-02,-2.75,0.5,12.3,partly_cloudy
2020-12-03,-1.6500000000000001,0.0,13.5,partly_cloudy
2020-12-04,1.25,0.0,24.8,cloudy
2020-12-05,1.4,7.2,16.0,rainy
2020-12-06,0.8499999999999999,3.3,12.2,cloudy
2020-12-07,0.6000000000000001,0.7,10.9,partly_cloudy
2020-12-08,0.3500000000000001,0.1,11.4,partly_cloudy
2020-12-09,-0.04999999999999993,3.8,15.4,cloudy
2020-12-10,1.2000000000000002,0.0,10.9,partly_cloudy
2020-12-11,0.0,0.0,11.3,partly_cloudy
2020-12-12,0.8499999999999999,1.5,13.7,cloudy
2020-12-13,3.75,4.4,15.5,cloudy
2020-12-14,2.3,0.0,8.5,partly_cloudy
2020-12-15,2.3,0.0,7.8,partly_cloudy
2020-12-16,2.55,0.4,8.0,partly_cloudy
2020-12-17,3.4499999999999997,0.0,9.8,partly_cloudy
2020-12-18,1.7999999999999998,0.0,8.7,partly_cloudy
2020-12-19,-0.8,0.0,8.0,partly_cloudy
2020-12-20,-0.6000000000000001,0.0,9.0,partly_cloudy
2020-12-21,2.4499999999999997,0.6,8.9,partly_cloudy
2020-12-22,8.05,4.8,26.7,cloudy
2020-12-23,10.5,0.8,19.7,cloudy
2020-12-24,6.75,9.4,26.3,rainy
2020-12-25,1.7500000000000002,7.3,24.7,rainy
2020-12-26,-1.9000000000000001,0.0,12.2,partly_cloudy
2020-12-27,-2.45,0.0,12.0,partly_cloudy
2020-12-28,-0.050000000000000044,2.5,14.0,cloudy
2020-12-29,1.2000000000000002,0.5,20.7,cloudy
2020-12-30,1.0,0.0,9.3,partly_cloudy
2020-12-31,0.0,0.0,12.0,partly_cloudy
2021-01-01,0.0,0.0,10.1,partly_cloudy
2021-01-02,-1.1,0.8,10.4,partly_cloudy
2021-01-03,-0.6000000000000001,0.1,7.4,partly_cloudy
2021-01-04,-0.6000000000000001,0.0,9.6,partly_cloudy
2021-01-05,-0.39999999999999997,0.0,6.2,partly_cloudy
2021-01-06,-0.45,8.8,14.6,rainy
2021-01-07,-3.85,0.6,12.9,partly_cloudy
2021-01-08,-3.6000000000000005,0.1,17.0,cloudy
2021-01-09,-2.85,0.0,9.1,partly_cloudy
2021-01-10,-5.4,0.0,10.9,partly_cloudy
2021-01-11,-8.15,0.0,12.0,partly_cloudy
2021-01-12,-4.1,5.0,35.8,cloudy
2021-01-13,-0.050000000000000044,0.9,23.8,cloudy
2021-01-14,-0.9500000000000001,2.2,24.5,cloudy
2021-01-15,-2.1,1.1,10.0,cloudy
2021-01-16,-2.5,0.1,18.9,cloudy
2021-01-17,-2.65,5.0,10.0,cloudy
2021-01-18,-0.20000000000000007,4.0,18.0,cloudy
2021-01-19,0.3500000000000001,1.9,25.2,cloudy
2021-01-20,0.7999999999999998,0.0,13.8,partly_cloudy
2021-01-21,3.65,0.0,13.3,partly_cloudy
2021-01-22,6.75,0.1,14.5,partly_cloudy
2021-01-23,1.1,6.8,29.3,rainy
2021-01-24,-0.9000000000000001,0.4,30.1,cloudy
2021-01-25,-2.9,3.3,13.0,cloudy
2021-01-26,-1.05,3.9,34.0,cloudy
2021-01-27,-2.75,2.7,16.2,cloudy
2021-01-28,4.55,11.1,33.7,rainy
2021-01-29,7.45,5.7,37.6,rainy
2021-01-30,5.3,9.2,29.3,rainy
2021-01-31,0.25,3.1,15.2,cloudy
2021-02-01,2.1,2.7,17.9,cloudy
2021-02-02,7.1000000000000005,7.3,22.1,rainy
2021-02-03,8.7,9.5,29.6,rainy
2021-02-04,7.199999999999999,0.4,32.5,cloudy
2021-02-05,7.55,1.7,11.3,cloudy
2021-02-06,5.8999999999999995,1.5,16.2,cloudy
2021-02-07,2.9499999999999997,4.5,14.8,cloudy
2021-02-08,3.0,1.7,17.3,cloudy
2021-02-09,-0.6499999999999999,1.5,12.4,cloudy
2021-02-10,-3.0,5.1,13.0,rainy
2021-02-11,-7.65,0.6,14.0,partly_cloudy
2021-02-12,-8.4,0.0,23.6,cloudy
2021-02-13,-6.85,0.0,21.6,cloudy
2021-02-14,-6.8999999999999995,0.0,13.4,partly_cloudy
2021-02-15,-3.2499999999999996,2.2,14.7,cloudy
2021-02-16,2.6,2.9,15.7,cloudy
2021-02-17,5.1000000000000005,1.9,22.0,cloudy
2021-02-18,5.45,0.0,10.3,partly_cloudy
2021-02-19,4.8999999999999995,2.8,21.6,cloudy
2021-02-20,7.6000000000000005,0.0,11.9,partly_cloudy
2021-02-21,5.3999999999999995,0.0,12.2,partly_cloudy
2021-02-22,6.85,0.0,7.9,partly_cloudy
2021-02-23,7.95,0.0,8.4,partly_cloudy
2021-02-24,9.35,0.0,10.5,partly_cloudy
2021-02-25,9.45,0.0,9.4,partly_cloudy
2021-02-26,9.45,1.2,12.9,cloudy
2021-02-27,3.75,0.2,14.8,partly_cloudy
2021-02-28,4.0,0.0,14.8,partly_cloudy
2021-03-01,5.3,0.0,14.6,partly_cloudy
2021-03-02,5.4,0.0,12.0,partly_cloudy
2021-03-03,6.05,0.0,10.2,partly_cloudy
2021-03-04,7.8,0.8,15.5,cloudy
2021-03-05,1.7999999999999998,6.5,20.6,rainy
2021-03-06,0.44999999999999996,0.0,14.8,partly_cloudy
2021-03-07,2.0,0.0,11.9,partly_cloudy
2021-03-08,1.25,0.0,10.5,partly_cloudy
2021-03-09,1.45,0.0,8.7,partly_cloudy
2021-03-10,3.15,1.5,17.2,cloudy
2021-03-11,7.45,8.5,30.2,rainy
2021-03-12,6.6,2.6,27.9,cloudy
2021-03-13,8.35,5.9,34.4,rainy
2021-03-14,3.5,4.8,27.9,cloudy
2021-03-15,2.1,6.5,24.9,rainy
2021-03-16,2.9,6.0,20.2,rainy
2021-03-17,1.4,3.9,15.9,cloudy
2021-03-18,1.0999999999999999,3.5,9.8,cloudy
2021-03-19,0.34999999999999987,5.7,10.6,rainy
2021-03-20,-1.6,2.0,12.2,cloudy
2021-03-21,-0.7000000000000002,3.3,23.3,cloudy
2021-03-22,2.4499999999999997,1.1,15.1,cloudy
2021-03-23,3.0,0.3,10.8,partly_cloudy
2021-03-24,5.8500000000000005,0.0,8.9,partly_cloudy
2021-03-25,8.4,0.0,11.1,partly_cloudy
2021-03-26,9.55,0.0,10.4,partly_cloudy
2021-03-27,7.300000000000001,1.1,24.1,cloudy
2021-03-28,7.85,0.0,11.0,partly_cloudy
2021-03-29,10.700000000000001,0.0,10.7,partly_cloudy
2021-03-30,11.4,0.0,8.9,partly_cloudy
2021-03-31,11.75,0.0,9.4,partly_cloudy
2021-04-01,14.25,0.0,13.0,partly_cloudy
2021-04-02,8.45,0.0,14.8,partly_cloudy
2021-04-03,5.5,0.1,14.7,partly_cloudy
2021-04-04,5.3999999999999995,0.0,10.0,partly_cloudy
2021-04-05,6.45,3.1,31.6,cloudy
2021-04-06,-0.050000000000000044,2.8,26.7,cloudy
2021-04-07,0.5999999999999999,3.6,30.2,cloudy
2021-04-08,2.6,2.7,20.8,cloudy
2021-04-09,6.800000000000001,0.0,11.2,partly_cloudy
2021-04-10,10.1,0.0,12.0,partly_cloudy
2021-04-11,12.7,0.0,13.9,partly_cloudy
2021-04-12,4.85,10.4,20.7,rainy
2021-04-13,3.3499999999999996,3.2,14.1,cloudy
2021-04-14,2.3,0.6,13.4,partly_cloudy
2021-04-15,1.7000000000000002,1.6,10.9,cloudy
2021-04-16,1.9500000000000002,0.0,9.0,partly_cloudy
2021-04-17,3.0500000000000003,0.2,10.4,partly_cloudy
2021-04-18,5.6,0.8,8.2,partly_cloudy
2021-04-19,6.300000000000001,3.4,11.6,cloudy
2021-04-20,8.1,2.9,8.7,cloudy
2021-04-21,9.0,3.3,7.8,cloudy
2021-04-22,8.4,0.8,15.3,cloudy
2021-04-23,7.25,0.0,9.2,partly_cloudy
2021-04-24,9.55,0.0,8.2,partly_cloudy
2021-04-25,9.05,0.0,11.8,partly_cloudy
2021-04-26,8.1,0.0,16.1,cloudy
2021-04-27,8.8,0.0,15.2,cloudy
2021-04-28,11.149999999999999,0.0,9.6,partly_cloudy
2021-04-29,12.65,8.2,15.3,rainy
2021-04-30,12.1,2.8,19.2,cloudy
2021-05-01,10.05,10.3,17.1,rainy
2021-05-02,6.75,18.9,23.6,rainy
2021-05-03,7.65,0.6,14.0,partly_cloudy
2021-05-04,10.8,0.3,33.5,cloudy
2021-05-05,7.45,11.8,31.0,rainy
2021-05-06,7.65,9.3,23.2,rainy
2021-05-07,6.55,4.9,25.9,cloudy
2021-05-08,8.6,0.0,10.6,partly_cloudy
2021-05-09,15.9,0.0,15.5,cloudy
2021-05-10,20.25,0.0,12.9,sunny
2021-05-11,14.850000000000001,5.6,18.3,rainy
2021-05-12,10.2,30.8,20.4,rainy
2021-05-13,11.1,7.9,14.8,rainy
2021-05-14,11.600000000000001,0.4,13.8,partly_cloudy
2021-05-15,12.15,10.4,19.5,rainy
2021-05-16,10.85,1.9,17.9,cloudy
2021-05-17,11.05,4.3,27.6,cloudy
2021-05-18,10.7,2.4,22.0,cloudy
2021-05-19,10.600000000000001,6.1,22.3,rainy
2021-05-20,10.1,1.8,17.7,cloudy
2021-05-21,10.35,10.3,19.8,rainy
2021-05-22,11.75,5.8,23.0,rainy
2021-05-23,11.15,5.6,18.3,rainy
2021-05-24,12.4,5.3,15.0,rainy
2021-05-25,11.149999999999999,2.3,31.1,cloudy
2021-05-26,11.45,6.2,19.9,rainy
2021-05-27,10.75,4.1,18.1,cloudy
2021-05-28,10.95,0.5,11.9,partly_cloudy
2021-05-29,12.1,0.1,16.3,cloudy
2021-05-30,11.8,0.0,14.2,partly_cloudy
2021-05-31,11.2,0.0,12.6,partly_cloudy
2021-06-01,13.9,0.0,13.3,partly_cloudy
2021-06-02,16.049999999999997,0.0,10.7,partly_cloudy
2021-06-03,17.6,0.0,10.0,partly_cloudy
2021-06-04,20.049999999999997,0.0,10.7,sunny
2021-06-05,18.9,8.3,17.3,rainy
2021-06-06,15.700000000000001,13.0,13.8,rainy
2021-06-07,17.8,1.9,14.0,cloudy
2021-06-08,18.85,0.2,13.8,partly_cloudy
2021-06-09,18.35,3.2,7.9,cloudy
2021-06-10,18.2,9.4,9.2,rainy
2021-06-11,18.4,0.0,10.2,partly_cloudy
2021-06-12,19.7,0.2,19.2,cloudy
2021-06-13,17.35,0.0,14.3,partly_cloudy
2021-06-14,16.7,0.0,11.5,partly_cloudy
2021-06-15,18.9,0.0,7.0,partly_cloudy
2021-06-16,21.5,0.0,9.7,sunny
2021-06-17,22.15,0.0,9.8,sunny
2021-06-18,23.1,0.0,8.0,sunny
2021-06-19,24.3,0.0,11.7,sunny
2021-06-20,23.5,0.0,14.0,sunny
2021-06-21,22.0,5.2,16.5,rainy
2021-06-22,19.95,7.4,12.7,rainy
2021-06-23,20.5,23.7,12.5,rainy
2021-06-24,19.65,14.8,14.0,rainy
2021-06-25,17.15,7.1,16.6,rainy
2021-06-26,17.9,0.0,11.2,partly_cloudy
2021-06-27,20.1,0.0,10.1,sunny
2021-06-28,22.549999999999997,5.5,21.0,rainy
2021-06-29,19.7,16.0,28.5,rainy
2021-06-30,15.5,6.2,19.1,rainy
2021-07-01,14.65,4.9,21.6,cloudy
2021-07-02,16.9,0.1,17.7,cloudy
2021-07-03,17.5,0.0,10.5,partly_cloudy
2021-07-04,18.7,6.0,15.1,rainy
2021-07-05,17.0,0.1,11.4,partly_cloudy
2021-07-06,22.25,0.9,22.1,cloudy
2021-07-07,19.15,4.7,13.8,cloudy
2021-07-08,18.450000000000003,4.0,20.2,cloudy
2021-07-09,16.200000000000003,9.2,25.3,rainy
2021-07-10,17.7,0.0,11.3,partly_cloudy
2021-07-11,17.0,6.7,18.4,rainy
2021-07-12,19.05,0.0,12.9,partly_cloudy
2021-07-13,18.55,0.9,25.3,cloudy
2021-07-14,16.35,10.2,12.9,rainy
2021-07-15,16.549999999999997,0.8,12.4,partly_cloudy
2021-07-16,18.2,1.0,8.2,cloudy
2021-07-17,18.3,14.9,16.5,rainy
2021-07-18,20.25,21.6,17.0,rainy
2021-07-19,19.55,2.6,10.5,cloudy
2021-07-20,18.700000000000003,2.6,11.6,cloudy
2021-07-21,18.1,0.0,8.7,partly_cloudy
2021-07-22,19.3,0.0,9.2,partly_cloudy
2021-07-23,21.2,0.0,9.0,sunny
2021-07-24,21.1,2.0,10.4,cloudy
2021-07-25,19.15,4.7,11.2,cloudy
2021-07-26,20.4,8.6,10.1,rainy
2021-07-27,20.25,0.4,7.2,sunny
2021-07-28,18.2,12.2,12.1,rainy
2021-07-29,19.6,0.3,12.4,partly_cloudy
2021-07-30,20.75,1.9,13.2,cloudy
2021-07-31,19.5,1.8,15.3,cloudy
2021-08-01,15.7,20.4,16.6,rainy
2021-08-02,16.799999999999997,1.1,12.9,cloudy
2021-08-03,16.0,1.2,13.0,cloudy
2021-08-04,15.25,10.4,12.0,rainy
2021-08-05,16.85,6.7,12.7,rainy
2021-08-06,17.8,2.2,21.6,cloudy
2021-08-07,18.65,9.1,23.2,rainy
2021-08-08,17.2,5.1,14.0,rainy
2021-08-09,17.700000000000003,0.0,9.0,partly_cloudy
2021-08-10,19.4,0.0,10.6,partly_cloudy
2021-08-11,20.15,0.6,7.7,sunny
2021-08-12,21.3,0.0,7.5,sunny
2021-08-13,23.950000000000003,0.0,15.0,sunny
2021-08-14,23.6,0.2,8.0,sunny
2021-08-15,23.8,4.7,11.4,cloudy
2021-08-16,18.6,15.9,19.2,rainy
2021-08-17,14.05,4.2,20.2,cloudy
2021-08-18,15.25,2.2,16.9,cloudy
2021-08-19,17.35,0.0,12.0,partly_cloudy
2021-08-20,18.95,0.1,7.7,partly_cloudy
2021-08-21,19.15,0.0,9.4,partly_cloudy
2021-08-22,17.75,13.3,21.2,rainy
2021-08-23,16.25,5.6,18.7,rainy
2021-08-24,15.0,1.3,14.6,cloudy
2021-08-25,15.100000000000001,0.0,12.3,partly_cloudy
2021-08-26,13.2,7.2,18.4,rainy
2021-08-27,13.5,4.4,17.5,cloudy
2021-08-28,12.65,9.5,12.5,rainy
2021-08-29,12.55,12.9,13.6,rainy
2021-08-30,14.0,20.9,19.5,rainy
2021-08-31,14.8,1.2,15.0,cloudy
2021-09-01,14.6,0.0,9.4,partly_cloudy
2021-09-02,14.7,0.0,16.2,cloudy
2021-09-03,16.45,0.0,10.4,partly_cloudy
2021-09-04,16.05,0.0,10.5,partly_cloudy
2021-09-05,16.75,0.0,11.9,partly_cloudy
2021-09-06,16.55,0.0,10.7,partly_cloudy
2021-09-07,16.700000000000003,0.0,11.4,partly_cloudy
2021-09-08,17.75,0.0,10.4,partly_cloudy
2021-09-09,18.7,0.0,11.8,partly_cloudy
2021-09-10,19.4,2.5,9.2,cloudy
2021-09-11,16.6,14.1,12.0,rainy
2021-09-12,17.25,0.1,8.0,partly_cloudy
2021-09-13,17.75,0.0,7.3,partly_cloudy
2021-09-14,19.15,0.0,9.3,partly_cloudy
2021-09-15,18.35,2.0,11.8,cloudy
2021-09-16,17.8,9.5,14.4,rainy
2021-09-17,14.7,0.2,9.3,partly_cloudy
2021-09-18,14.2,0.0,8.5,partly_cloudy
2021-09-19,13.799999999999999,0.0,14.3,partly_cloudy
2021-09-20,11.5,0.4,7.4,partly_cloudy
2021-09-21,12.05,0.0,7.2,partly_cloudy
2021-09-22,10.65,0.1,11.5,partly_cloudy
2021-09-23,12.850000000000001,0.0,16.2,cloudy
2021-09-24,15.7,0.0,14.7,partly_cloudy
2021-09-25,15.799999999999999,0.0,9.2,partly_cloudy
2021-09-26,18.4,4.5,9.4,cloudy
2021-09-27,17.25,6.5,10.7,rainy
2021-09-28,15.6,0.0,12.3,partly_cloudy
2021-09-29,15.05,3.4,19.1,cloudy
2021-09-30,11.35,0.0,14.2,partly_cloudy
2021-10-01,11.799999999999999,0.0,10.2,partly_cloudy
2021-10-02,15.0,0.0,13.8,partly_cloudy
2021-10-03,17.65,0.0,12.6,partly_cloudy
2021-10-04,13.8,0.5,14.0,partly_cloudy
2021-10-05,13.149999999999999,6.6,14.7,rainy
2021-10-06,10.2,4.9,14.5,cloudy
2021-10-07,9.3,1.0,9.7,cloudy
2021-10-08,11.5,0.5,13.7,partly_cloudy
2021-10-09,9.8,0.0,20.0,cloudy
2021-10-10,7.4,0.0,10.1,partly_cloudy
2021-10-11,6.8999999999999995,0.0,10.1,partly_cloudy
2021-10-12,7.699999999999999,7.4,15.5,rainy
2021-10-13,6.25,2.1,15.1,cloudy
2021-10-14,6.45,0.5,10.9,partly_cloudy
2021-10-15,8.7,0.0,10.3,partly_cloudy
2021-10-16,9.100000000000001,0.0,8.5,partly_cloudy
2021-10-17,7.8,0.0,7.9,partly_cloudy
2021-10-18,8.9,0.0,9.7,partly_cloudy
2021-10-19,8.2,0.6,13.8,partly_cloudy
2021-10-20,13.5,0.0,13.1,partly_cloudy
2021-10-21,11.65,7.6,37.2,rainy
2021-10-22,7.3999999999999995,2.8,20.6,cloudy
2021-10-23,7.300000000000001,0.3,13.0,partly_cloudy
2021-10-24,6.75,0.0,12.6,partly_cloudy
2021-10-25,5.1000000000000005,0.0,8.5,partly_cloudy
2021-10-26,7.35,1.5,10.5,cloudy
2021-10-27,7.3,0.0,9.9,partly_cloudy
2021-10-28,6.25,0.0,9.7,partly_cloudy
2021-10-29,5.199999999999999,0.0,9.7,partly_cloudy
2021-10-30,7.55,0.2,9.2,partly_cloudy
2021-10-31,10.15,0.0,9.9,partly_cloudy
2021-11-01,7.949999999999999,12.5,11.5,rainy
2021-11-02,7.1,2.2,21.7,cloudy
2021-11-03,5.949999999999999,2.0,15.9,cloudy
2021-11-04,4.7,11.5,28.4,rainy
2021-11-05,4.6,1.0,15.2,cloudy
2021-11-06,4.3999999999999995,0.0,8.1,partly_cloudy
2021-11-07,3.95,0.0,14.9,partly_cloudy
2021-11-08,4.449999999999999,0.0,8.8,partly_cloudy
2021-11-09,3.3000000000000003,0.0,17.7,cloudy
2021-11-10,4.05,0.0,9.8,partly_cloudy
2021-11-11,2.65,0.0,7.1,partly_cloudy
2021-11-12,2.0500000000000003,0.0,8.0,partly_cloudy
2021-11-13,4.6,4.0,11.9,cloudy
2021-11-14,5.65,1.7,22.1,cloudy
2021-11-15,3.9,0.0,13.8,partly_cloudy
2021-11-16,3.05,0.0,9.4,partly_cloudy
2021-11-17,4.75,0.0,13.8,partly_cloudy
2021-11-18,4.3,0.2,9.5,partly_cloudy
2021-11-19,4.1499999999999995,0.0,10.5,partly_cloudy
2021-11-20,4.2,0.0,7.9,partly_cloudy
2021-11-21,4.15,0.0,10.5,partly_cloudy
2021-11-22,3.6500000000000004,1.3,13.1,cloudy
2021-11-23,1.4,0.0,11.1,partly_cloudy
2021-11-24,-0.25,0.0,16.2,cloudy
2021-11-25,-0.30000000000000004,0.0,6.4,partly_cloudy
2021-11-26,-0.55,0.1,10.2,partly_cloudy
2021-11-27,1.6999999999999997,1.2,12.6,cloudy
2021-11-28,-0.44999999999999996,5.4,7.3,rainy
2021-11-29,-0.7499999999999999,2.2,20.8,cloudy
2021-11-30,1.5,6.2,47.8,rainy
2021-12-01,6.45,2.7,31.2,cloudy
2021-12-02,3.0,1.0,22.3,cloudy
2021-12-03,-0.55,0.0,19.5,cloudy
2021-12-04,2.1,13.2,25.8,rainy
2021-12-05,2.3,1.7,20.5,cloudy
2021-12-06,0.10000000000000009,0.8,10.5,partly_cloudy
2021-12-07,0.8500000000000001,1.4,26.0,cloudy
2021-12-08,-0.30000000000000004,2.7,15.6,cloudy
2021-12-09,0.8500000000000001,8.0,16.9,rainy
2021-12-10,-0.44999999999999996,3.7,19.6,cloudy
2021-12-11,0.44999999999999996,1.8,19.7,cloudy
2021-12-12,1.8,1.4,14.7,cloudy
2021-12-13,3.5,1.3,13.1,cloudy
2021-12-14,3.25,0.7,10.0,partly_cloudy
2021-12-15,4.0,0.2,6.8,partly_cloudy
2021-12-16,3.4,0.0,9.5,partly_cloudy
2021-12-17,2.25,0.0,10.5,partly_cloudy
2021-12-18,0.3500000000000001,0.0,5.8,partly_cloudy
2021-12-19,-0.10000000000000009,0.0,19.1,cloudy
2021-12-20,-0.9500000000000002,0.5,14.5,partly_cloudy
2021-12-21,-2.6999999999999997,0.0,13.3,partly_cloudy
2021-12-22,-2.95,0.0,8.8,partly_cloudy
2021-12-23,-0.30000000000000027,0.6,26.1,cloudy
2021-12-24,6.05,5.8,23.8,rainy
2021-12-25,5.300000000000001,3.8,17.7,cloudy
2021-12-26,1.55,3.0,9.4,cloudy
2021-12-27,3.0,0.9,9.8,partly_cloudy
2021-12-28,5.25,7.3,31.9,rainy
2021-12-29,7.6000000000000005,7.8,28.7,rainy
2021-12-30,11.1,2.2,24.4,cloudy
2021-12-31,9.4,0.0,20.9,cloudy
2022-01-01,7.300000000000001,0.0,17.5,cloudy
2022-01-02,7.0,0.0,23.2,cloudy
2022-01-03,9.0,0.4,27.4,cloudy
2022-01-04,10.45,5.5,35.8,rainy
2022-01-05,2.05,8.5,23.3,rainy
2022-01-06,0.2999999999999998,0.8,22.5,cloudy
2022-01-07,-1.6,0.9,14.8,partly_cloudy
2022-01-08,0.1499999999999999,0.9,28.7,cloudy
2022-01-09,1.15,2.7,30.0,cloudy
2022-01-10,-0.19999999999999996,0.3,10.3,partly_cloudy
2022-01-11,-0.7,0.0,10.0,partly_cloudy
2022-01-12,-2.55,0.0,6.2,partly_cloudy
2022-01-13,-2.3,0.0,6.8,partly_cloudy
2022-01-14,0.30000000000000027,0.0,10.0,partly_cloudy
2022-01-15,-0.6500000000000001,0.0,8.4,partly_cloudy
2022-01-16,1.0999999999999999,0.1,21.8,cloudy
2022-01-17,2.35,0.8,30.0,cloudy
2022-01-18,1.5,0.8,15.9,cloudy
2022-01-19,1.2000000000000002,0.0,20.1,cloudy
2022-01-20,0.6000000000000001,3.2,28.6,cloudy
2022-01-21,-1.35,1.8,23.1,cloudy
2022-01-22,0.10000000000000003,9.2,26.4,rainy
2022-01-23,0.8500000000000001,0.5,13.6,partly_cloudy
2022-01-24,0.15000000000000013,0.0,12.5,partly_cloudy
2022-01-25,-0.25,0.0,9.9,partly_cloudy
2022-01-26,-1.15,0.0,14.8,partly_cloudy
2022-01-27,0.9500000000000002,1.8,23.1,cloudy
2022-01-28,1.9,4.0,27.1,cloudy
2022-01-29,2.75,0.1,29.6,cloudy
2022-01-30,2.55,4.1,33.1,cloudy
2022-01-31,0.8999999999999999,8.1,28.5,rainy
2022-02-01,1.35,4.8,33.1,cloudy
2022-02-02,4.35,4.8,29.9,cloudy
2022-02-03,5.85,0.9,10.8,partly_cloudy
2022-02-04,5.3,0.0,25.3,cloudy
2022-02-05,2.95,1.8,26.1,cloudy
2022-02-06,3.65,3.9,38.2,cloudy
2022-02-07,2.6999999999999997,6.6,36.8,rainy
2022-02-08,3.4499999999999997,0.1,18.8,cloudy
2022-02-09,5.0,0.0,11.9,partly_cloudy
2022-02-10,5.95,0.0,21.0,cloudy
2022-02-11,2.0,3.3,24.1,cloudy
2022-02-12,1.2,0.1,17.5,cloudy
2022-02-13,3.6999999999999997,0.0,11.4,partly_cloudy
2022-02-14,4.550000000000001,0.0,13.9,partly_cloudy
2022-02-15,4.05,3.8,17.4,cloudy
2022-02-16,5.5,1.4,30.5,cloudy
2022-02-17,8.9,4.1,41.0,cloudy
2022-02-18,9.65,1.6,31.7,cloudy
2022-02-19,4.949999999999999,0.4,26.3,cloudy
2022-02-20,6.25,0.3,31.7,cloudy
2022-02-21,6.300000000000001,4.4,38.8,cloudy
2022-02-22,4.55,1.1,28.5,cloudy
2022-02-23,5.95,2.1,27.2,cloudy
2022-02-24,6.4,0.0,22.6,cloudy
2022-02-25,3.25,1.5,24.5,cloudy
2022-02-26,1.5,0.3,12.4,partly_cloudy
2022-02-27,1.3000000000000003,0.0,21.0,cloudy
2022-02-28,0.8999999999999999,0.0,15.0,cloudy
2022-03-01,1.0500000000000003,0.0,14.0,partly_cloudy
2022-03-02,0.7999999999999998,0.0,9.1,partly_cloudy
2022-03-03,2.1500000000000004,0.0,12.2,partly_cloudy
2022-03-04,0.75,0.0,13.0,partly_cloudy
2022-03-05,-0.050000000000000266,0.0,16.7,cloudy
2022-03-06,-0.050000000000000044,0.0,14.6,partly_cloudy
2022-03-07,-1.15,0.0,12.7,partly_cloudy
2022-03-08,1.0500000000000003,0.0,18.4,cloudy
2022-03-09,3.55,0.0,10.5,partly_cloudy
2022-03-10,4.0,0.0,20.2,cloudy
2022-03-11,2.2500000000000004,0.0,18.4,cloudy
2022-03-12,3.6999999999999997,0.0,13.3,partly_cloudy
2022-03-13,4.8,0.0,12.3,partly_cloudy
2022-03-14,7.4,0.0,19.8,cloudy
2022-03-15,8.0,6.6,20.3,rainy
2022-03-16,7.8999999999999995,3.0,15.9,cloudy
2022-03-17,7.25,0.0,15.2,cloudy
2022-03-18,7.95,0.0,16.3,cloudy
2022-03-19,5.35,0.0,17.8,cloudy
2022-03-20,6.449999999999999,0.0,19.0,cloudy
2022-03-21,5.4,0.0,11.3,partly_cloudy
2022-03-22,6.6000000000000005,0.0,10.2,partly_cloudy
2022-03-23,7.450000000000001,0.0,8.6,partly_cloudy
2022-03-24,8.05,0.0,9.5,partly_cloudy
2022-03-25,8.35,0.0,11.5,partly_cloudy
2022-03-26,9.5,0.0,11.0,partly_cloudy
2022-03-27,8.9,0.0,12.3,partly_cloudy
2022-03-28,9.5,0.0,11.2,partly_cloudy
2022-03-29,10.9,0.1,17.8,cloudy
2022-03-30,8.649999999999999,1.6,11.2,cloudy
2022-03-31,7.9,3.5,11.6,cloudy
2022-04-01,3.7,21.1,12.6,rainy
2022-04-02,-0.04999999999999993,9.7,16.3,rainy
2022-04-03,0.2499999999999999,0.8,9.9,partly_cloudy
2022-04-04,1.35,0.4,23.5,cloudy
2022-04-05,5.8,2.8,29.3,cloudy
2022-04-06,10.55,0.0,17.2,cloudy
2022-04-07,11.4,6.5,38.4,rainy
2022-04-08,10.0,6.3,36.6,rainy
2022-04-09,6.75,6.0,41.8,rainy
2022-04-10,3.45,1.0,20.8,cloudy
2022-04-11,5.65,0.0,12.8,partly_cloudy
2022-04-12,10.05,0.0,12.1,partly_cloudy
2022-04-13,11.950000000000001,0.0,9.9,partly_cloudy
2022-04-14,13.7,0.0,11.0,partly_cloudy
2022-04-15,13.149999999999999,3.1,18.2,cloudy
2022-04-16,6.9,0.6,17.8,cloudy
2022-04-17,5.3999999999999995,0.0,14.5,partly_cloudy
2022-04-18,7.2,0.0,12.9,partly_cloudy
2022-04-19,8.25,0.1,18.3,cloudy
2022-04-20,6.4,0.0,14.1,partly_cloudy
2022-04-21,9.0,0.0,16.4,cloudy
2022-04-22,10.6,0.3,16.2,cloudy
2022-04-23,10.75,0.0,19.4,cloudy
2022-04-24,9.45,9.6,19.5,rainy
2022-04-25,11.3,2.6,17.3,cloudy
2022-04-26,8.55,4.2,19.2,cloudy
2022-04-27,7.800000000000001,0.3,10.0,partly_cloudy
2022-04-28,9.7,0.0,12.5,partly_cloudy
2022-04-29,10.45,0.0,16.0,cloudy
2022-04-30,9.55,2.4,14.4,cloudy
2022-05-01,10.4,2.3,9.4,cloudy
2022-05-02,10.549999999999999,4.5,11.2,cloudy
2022-05-03,12.55,1.7,10.2,cloudy
2022-05-04,12.75,1.6,17.1,cloudy
2022-05-05,13.05,2.0,12.9,cloudy
2022-05-06,12.7,10.9,11.6,rainy
2022-05-07,12.899999999999999,1.8,11.9,cloudy
2022-05-08,13.25,1.2,14.4,cloudy
2022-05-09,15.25,0.0,15.0,cloudy
2022-05-10,15.35,0.0,8.7,partly_cloudy
2022-05-11,19.0,0.0,15.0,cloudy
2022-05-12,20.049999999999997,2.7,21.6,cloudy
2022-05-13,16.5,12.4,16.1,rainy
2022-05-14,16.65,0.0,8.4,partly_cloudy
2022-05-15,16.5,0.0,8.1,partly_cloudy
2022-05-16,17.549999999999997,5.5,18.0,rainy
2022-05-17,17.85,0.1,12.8,partly_cloudy
2022-05-18,17.5,0.0,13.0,partly_cloudy
2022-05-19,18.85,0.0,13.9,partly_cloudy
2022-05-20,22.7,3.9,26.8,cloudy
2022-05-21,17.4,0.4,19.8,cloudy
2022-05-22,16.1,0.0,8.3,partly_cloudy
2022-05-23,19.15,3.1,14.4,cloudy
2022-05-24,15.1,12.4,14.6,rainy
2022-05-25,14.850000000000001,7.7,9.2,rainy
2022-05-26,15.0,0.0,20.5,cloudy
2022-05-27,15.8,0.0,23.8,cloudy
2022-05-28,12.7,0.2,15.9,cloudy
2022-05-29,9.25,5.8,11.3,rainy
2022-05-30,10.35,0.1,9.4,partly_cloudy
2022-05-31,14.55,18.1,17.4,rainy
2022-06-01,16.0,2.6,16.6,cloudy
2022-06-02,15.85,0.0,10.2,partly_cloudy
2022-06-03,20.0,10.7,21.0,rainy
2022-06-04,18.8,0.0,11.8,partly_cloudy
2022-06-05,20.25,15.6,20.1,rainy
2022-06-06,17.6,0.5,16.8,cloudy
2022-06-07,15.2,9.4,10.8,rainy
2022-06-08,17.3,3.1,14.4,cloudy
2022-06-09,15.5,9.8,15.8,rainy
2022-06-10,15.9,0.1,11.5,partly_cloudy
2022-06-11,17.35,0.0,8.7,partly_cloudy
2022-06-12,19.9,0.2,13.8,partly_cloudy
2022-06-13,17.3,10.8,20.3,rainy
2022-06-14,16.7,0.0,10.0,partly_cloudy
2022-06-15,19.75,0.0,10.2,partly_cloudy
2022-06-16,20.8,8.5,19.2,rainy
2022-06-17,19.4,0.0,9.2,partly_cloudy
2022-06-18,21.95,0.0,9.7,sunny
2022-06-19,25.95,0.0,14.8,sunny
2022-06-20,22.799999999999997,0.9,21.8,cloudy
2022-06-21,17.75,0.0,9.4,partly_cloudy
2022-06-22,19.15,1.6,11.2,cloudy
2022-06-23,21.85,0.4,13.7,sunny
2022-06-24,19.4,16.4,14.5,rainy
2022-06-25,19.3,2.4,14.3,cloudy
2022-06-26,21.450000000000003,0.0,12.2,sunny
2022-06-27,24.05,1.5,19.2,cloudy
2022-06-28,18.15,6.8,12.5,rainy
2022-06-29,20.8,0.4,10.6,sunny
2022-06-30,22.15,0.0,11.6,sunny
2022-07-01,15.4,5.0,20.2,cloudy
2022-07-02,16.05,0.0,16.2,cloudy
2022-07-03,20.9,0.0,11.5,sunny
2022-07-04,21.15,5.8,16.8,rainy
2022-07-05,20.95,0.8,13.8,sunny
2022-07-06,18.45,0.0,16.0,cloudy
2022-07-07,16.2,11.6,18.3,rainy
2022-07-08,14.45,1.6,15.5,cloudy
2022-07-09,16.45,0.1,13.3,partly_cloudy
2022-07-10,15.9,0.5,19.1,cloudy
2022-07-11,14.55,0.2,11.6,partly_cloudy
2022-07-12,17.6,0.0,11.5,partly_cloudy
2022-07-13,20.65,0.0,9.7,sunny
2022-07-14,24.75,0.0,21.8,cloudy
2022-07-15,19.65,3.0,14.8,cloudy
2022-07-16,19.05,0.0,15.8,cloudy
2022-07-17,19.1,0.0,9.6,partly_cloudy
2022-07-18,21.1,0.0,9.5,sunny
2022-07-19,23.5,0.0,16.6,sunny
2022-07-20,26.0,0.0,11.5,sunny
2022-07-21,21.85,1.9,12.2,cloudy
2022-07-22,22.85,0.0,7.3,sunny
2022-07-23,23.25,0.7,17.1,sunny
2022-07-24,22.799999999999997,0.3,10.9,sunny
2022-07-25,25.8,1.5,20.2,cloudy
2022-07-26,20.8,7.8,16.7,rainy
2022-07-27,19.8,0.1,14.4,partly_cloudy
2022-07-28,20.65,0.0,16.3,sunny
2022-07-29,21.95,4.5,16.6,cloudy
2022-07-30,19.85,0.9,22.5,cloudy
2022-07-31,20.35,0.0,13.2,sunny
2022-08-01,21.95,0.5,16.1,sunny
2022-08-02,21.15,0.2,12.7,sunny
2022-08-03,22.4,0.0,10.5,sunny
2022-08-04,24.65,0.0,8.9,sunny
2022-08-05,24.85,0.5,13.3,sunny
2022-08-06,18.7,2.2,14.2,cloudy
2022-08-07,19.0,0.0,15.3,cloudy
2022-08-08,19.05,0.0,10.8,partly_cloudy
2022-08-09,19.55,0.0,16.0,cloudy
2022-08-10,20.15,0.0,20.7,cloudy
2022-08-11,20.8,0.0,19.2,sunny
2022-08-12,19.3,0.2,15.2,cloudy
2022-08-13,19.200000000000003,0.0,10.2,partly_cloudy
2022-08-14,20.95,0.0,12.6,sunny
2022-08-15,22.75,0.4,19.3,sunny
2022-08-16,21.700000000000003,0.0,13.0,sunny
2022-08-17,23.15,0.0,10.7,sunny
2022-08-18,21.7,10.4,16.1,rainy
2022-08-19,18.85,12.0,16.8,rainy
2022-08-20,17.4,32.3,16.4,rainy
2022-08-21,18.55,3.3,13.1,cloudy
2022-08-22,18.35,0.1,13.0,partly_cloudy
2022-08-23,17.7,0.0,8.9,partly_cloudy
2022-08-24,18.35,0.0,11.5,partly_cloudy
2022-08-25,20.95,0.0,12.6,sunny
2022-08-26,20.7,0.3,10.3,sunny
2022-08-27,19.75,8.9,13.7,rainy
2022-08-28,18.75,12.9,9.1,rainy
2022-08-29,19.15,0.2,10.2,partly_cloudy
2022-08-30,20.0,0.0,11.8,partly_cloudy
2022-08-31,16.15,11.8,9.7,rainy
2022-09-01,16.4,0.1,13.2,partly_cloudy
2022-09-02,15.6,0.0,18.7,cloudy
2022-09-03,15.600000000000001,4.3,9.0,cloudy
2022-09-04,17.75,0.0,10.6,partly_cloudy
2022-09-05,18.85,0.0,8.8,partly_cloudy
2022-09-06,19.3,0.1,12.5,partly_cloudy
2022-09-07,20.4,2.5,14.0,cloudy
2022-09-08,18.1,4.9,15.5,cloudy
2022-09-09,16.25,8.8,17.1,rainy
2022-09-10,14.7,4.8,17.4,cloudy
2022-09-11,14.8,10.7,22.6,rainy
2022-09-12,14.8,0.0,9.8,partly_cloudy
2022-09-13,17.3,0.3,8.5,partly_cloudy
2022-09-14,20.0,6.1,23.7,rainy
2022-09-15,16.45,17.1,27.0,rainy
2022-09-16,11.05,3.1,15.5,cloudy
2022-09-17,8.85,4.7,22.1,cloudy
2022-09-18,9.8,8.5,26.6,rainy
2022-09-19,9.65,3.6,22.9,cloudy
2022-09-20,9.25,3.2,17.0,cloudy
2022-09-21,8.85,0.0,10.6,partly_cloudy
2022-09-22,8.700000000000001,0.0,10.8,partly_cloudy
2022-09-23,9.6,0.0,9.8,partly_cloudy
2022-09-24,12.1,1.1,9.5,cloudy
2022-09-25,11.85,6.2,10.3,rainy
2022-09-26,11.899999999999999,0.4,11.2,partly_cloudy
2022-09-27,9.65,9.9,25.6,rainy
2022-09-28,8.65,15.7,20.0,rainy
2022-09-29,8.350000000000001,5.7,7.7,rainy
2022-09-30,10.4,0.3,6.5,partly_cloudy
2022-10-01,9.45,6.8,23.6,rainy
2022-10-02,13.25,18.7,19.9,rainy
2022-10-03,11.1,0.1,12.6,partly_cloudy
2022-10-04,9.55,0.0,9.7,partly_cloudy
2022-10-05,13.1,0.0,11.5,partly_cloudy
2022-10-06,14.9,0.0,11.8,partly_cloudy
2022-10-07,13.05,0.0,8.8,partly_cloudy
2022-10-08,12.5,1.6,12.6,cloudy
2022-10-09,10.4,0.0,19.7,cloudy
2022-10-10,12.9,2.9,14.1,cloudy
2022-10-11,13.3,0.7,9.4,partly_cloudy
2022-10-12,12.5,1.1,6.4,cloudy
2022-10-13,11.3,0.6,8.9,partly_cloudy
2022-10-14,14.049999999999999,4.3,16.4,cloudy
2022-10-15,15.65,13.1,23.2,rainy
2022-10-16,16.75,0.0,11.5,partly_cloudy
2022-10-17,14.8,0.0,9.5,partly_cloudy
2022-10-18,15.25,0.0,11.9,partly_cloudy
2022-10-19,13.25,0.0,13.1,partly_cloudy
2022-10-20,11.15,0.0,15.5,cloudy
2022-10-21,12.95,0.4,13.7,partly_cloudy
2022-10-22,12.45,7.1,11.8,rainy
2022-10-23,12.85,0.0,13.5,partly_cloudy
2022-10-24,14.100000000000001,7.5,20.5,rainy
2022-10-25,13.4,0.0,14.5,partly_cloudy
2022-10-26,14.399999999999999,0.4,20.1,cloudy
2022-10-27,13.5,0.0,11.1,partly_cloudy
2022-10-28,14.55,0.0,11.3,partly_cloudy
2022-10-29,15.75,0.0,10.1,partly_cloudy
2022-10-30,14.25,0.0,8.7,partly_cloudy
2022-10-31,12.75,0.0,9.4,partly_cloudy
2022-11-01,11.850000000000001,0.0,14.2,partly_cloudy
2022-11-02,10.7,0.0,16.2,cloudy
2022-11-03,7.949999999999999,0.0,10.6,partly_cloudy
2022-11-04,7.199999999999999,6.4,25.6,rainy
2022-11-05,6.4,3.0,11.8,cloudy
2022-11-06,6.25,0.0,17.9,cloudy
2022-11-07,10.65,0.2,15.3,cloudy
2022-11-08,8.25,0.0,9.3,partly_cloudy
2022-11-09,8.5,1.6,12.7,cloudy
2022-11-10,8.7,1.8,13.7,cloudy
2022-11-11,5.95,0.0,10.4,partly_cloudy
2022-11-12,5.8999999999999995,0.0,10.0,partly_cloudy
2022-11-13,7.2,0.0,13.4,partly_cloudy
2022-11-14,6.45,1.1,8.6,cloudy
2022-11-15,7.3,0.0,13.0,partly_cloudy
2022-11-16,5.6000000000000005,7.0,12.7,rainy
2022-11-17,6.2,2.7,10.4,cloudy
2022-11-18,5.949999999999999,9.6,22.8,rainy
2022-11-19,5.699999999999999,5.6,15.6,rainy
2022-11-20,5.0,1.0,27.1,cloudy
2022-11-21,4.5,4.9,25.0,cloudy
2022-11-22,3.4,3.3,11.5,cloudy
2022-11-23,4.9,2.6,14.5,cloudy
2022-11-24,4.3500000000000005,2.9,23.6,cloudy
2022-11-25,3.3499999999999996,2.5,10.1,cloudy
2022-11-26,2.9,0.9,10.9,partly_cloudy
2022-11-27,1.8,0.0,8.7,partly_cloudy
2022-11-28,2.35,0.4,8.0,partly_cloudy
2022-11-29,3.8000000000000003,6.5,7.6,rainy
2022-11-30,1.55,0.0,10.5,partly_cloudy
2022-12-01,1.95,0.0,7.0,partly_cloudy
2022-12-02,1.4,2.8,5.8,cloudy
2022-12-03,-0.04999999999999993,0.0,10.8,partly_cloudy
2022-12-04,2.5,0.0,11.1,partly_cloudy
2022-12-05,1.9,1.7,12.3,cloudy
2022-12-06,1.25,0.2,10.5,partly_cloudy
2022-12-07,0.9499999999999997,0.3,11.7,partly_cloudy
2022-12-08,0.0,0.0,7.4,partly_cloudy
2022-12-09,-0.75,1.2,9.5,cloudy
2022-12-10,-0.09999999999999998,6.2,11.5,rainy
2022-12-11,-2.95,1.0,12.1,cloudy
2022-12-12,-4.2,0.0,16.2,cloudy
2022-12-13,-5.7,0.0,11.6,partly_cloudy
2022-12-14,-2.6,7.1,9.7,rainy
2022-12-15,-1.1,3.6,12.0,cloudy
2022-12-16,-1.6,8.8,10.3,rainy
2022-12-17,-8.0,0.0,12.9,partly_cloudy
2022-12-18,-7.85,0.0,12.4,partly_cloudy
2022-12-19,-3.5500000000000003,0.1,11.0,partly_cloudy
2022-12-20,0.55,0.1,12.0,partly_cloudy
2022-12-21,2.5,4.2,12.0,cloudy
2022-12-22,6.1499999999999995,2.1,29.5,cloudy
2022-12-23,8.75,16.3,28.6,rainy
2022-12-24,8.0,2.8,28.6,cloudy
2022-12-25,7.5,0.3,10.5,partly_cloudy
2022-12-26,8.4,6.1,26.6,rainy
2022-12-27,3.65,0.6,24.9,cloudy
2022-12-28,3.5500000000000003,0.0,12.7,partly_cloudy
2022-12-29,7.25,0.7,18.5,cloudy
2022-12-30,6.2,4.0,15.3,cloudy
2022-12-31,10.75,0.0,23.3,cloudy
2023-01-01,10.2,0.0,13.4,partly_cloudy
2023-01-02,7.85,0.0,12.4,partly_cloudy
2023-01-03,4.9,1.1,10.9,cloudy
2023-01-04,4.95,0.2,29.3,cloudy
2023-01-05,8.1,2.2,31.9,cloudy
2023-01-06,7.5,0.0,16.7,cloudy
2023-01-07,5.3,0.0,10.2,partly_cloudy
2023-01-08,2.25,0.5,10.5,partly_cloudy
2023-01-09,4.25,1.6,24.7,cloudy
2023-01-10,2.1,2.0,22.1,cloudy
2023-01-11,5.15,2.8,21.0,cloudy
2023-01-12,6.3500000000000005,0.0,25.1,cloudy
2023-01-13,7.3,1.6,31.8,cloudy
2023-01-14,5.85,0.7,19.8,cloudy
2023-01-15,4.5,2.7,20.1,cloudy
2023-01-16,2.5,0.0,24.5,cloudy
2023-01-17,1.0499999999999998,0.0,22.2,cloudy
2023-01-18,0.6499999999999999,0.2,21.2,cloudy
2023-01-19,-1.2000000000000002,0.5,12.3,partly_cloudy
2023-01-20,-1.15,2.5,12.0,cloudy
2023-01-21,-1.5499999999999998,4.1,14.9,cloudy
2023-01-22,-1.8499999999999999,1.2,9.6,cloudy
2023-01-23,-1.25,0.0,15.8,cloudy
2023-01-24,2.0500000000000003,0.3,15.5,cloudy
2023-01-25,1.05,0.0,12.8,partly_cloudy
2023-01-26,-0.75,0.6,7.3,partly_cloudy
2023-01-27,-1.1,2.5,9.0,cloudy
2023-01-28,-0.75,0.3,9.0,partly_cloudy
2023-01-29,-0.8,0.0,12.4,partly_cloudy
2023-01-30,0.0,0.7,29.6,cloudy
2023-01-31,2.0999999999999996,0.4,25.2,cloudy
2023-02-01,3.6500000000000004,1.0,31.5,cloudy
2023-02-02,3.3,10.8,32.0,rainy
2023-02-03,4.8,5.4,35.7,rainy
2023-02-04,2.6,4.2,26.3,cloudy
2023-02-05,-0.1499999999999999,0.8,7.9,partly_cloudy
2023-02-06,-2.0,0.0,9.5,partly_cloudy
2023-02-07,-1.8499999999999999,0.0,13.8,partly_cloudy
2023-02-08,-2.6,0.0,16.9,cloudy
2023-02-09,-1.2500000000000002,0.0,10.9,partly_cloudy
2023-02-10,-0.75,0.0,10.5,partly_cloudy
2023-02-11,1.2000000000000002,0.1,12.0,partly_cloudy
2023-02-12,2.85,0.0,8.1,partly_cloudy
2023-02-13,1.05,0.0,9.0,partly_cloudy
2023-02-14,1.7000000000000002,0.0,8.4,partly_cloudy
2023-02-15,1.9999999999999998,0.0,9.1,partly_cloudy
2023-02-16,4.15,0.0,11.8,partly_cloudy
2023-02-17,8.35,1.0,27.4,cloudy
2023-02-18,11.25,0.0,35.3,cloudy
2023-02-19,8.55,2.6,31.6,cloudy
2023-02-20,9.25,0.0,17.1,cloudy
2023-02-21,8.65,0.0,12.6,partly_cloudy
2023-02-22,8.05,0.0,10.5,partly_cloudy
2023-02-23,7.35,0.9,10.3,partly_cloudy
2023-02-24,6.199999999999999,9.7,18.5,rainy
2023-02-25,2.5,9.3,22.8,rainy
2023-02-26,-1.5999999999999999,1.0,20.2,cloudy
2023-02-27,-1.25,0.0,24.1,cloudy
2023-02-28,0.25,0.0,17.1,cloudy
2023-03-01,2.3,0.0,17.4,cloudy
2023-03-02,5.75,0.0,14.7,partly_cloudy
2023-03-03,4.0,0.0,10.0,partly_cloudy
2023-03-04,1.7999999999999998,0.0,15.0,cloudy
2023-03-05,1.65,0.5,15.9,cloudy
2023-03-06,1.6500000000000001,0.1,17.6,cloudy
2023-03-07,3.9,0.0,24.5,cloudy
2023-03-08,5.2,4.9,29.0,cloudy
2023-03-09,9.3,3.6,37.5,cloudy
2023-03-10,8.0,3.2,37.1,cloudy
2023-03-11,1.1,0.0,28.5,cloudy
2023-03-12,2.7,2.5,16.6,cloudy
2023-03-13,11.05,0.2,18.0,cloudy
2023-03-14,7.550000000000001,5.8,34.1,rainy
2023-03-15,2.9,3.1,18.7,cloudy
2023-03-16,2.8,0.0,12.1,partly_cloudy
2023-03-17,7.8500000000000005,0.0,8.7,partly_cloudy
2023-03-18,10.45,0.0,10.7,partly_cloudy
2023-03-19,9.15,3.1,10.8,cloudy
2023-03-20,9.25,0.6,13.1,partly_cloudy
2023-03-21,10.05,0.0,9.6,partly_cloudy
2023-03-22,12.15,1.6,13.4,cloudy
2023-03-23,12.8,0.0,19.6,cloudy
2023-03-24,11.45,6.8,24.9,rainy
2023-03-25,9.25,1.3,32.8,cloudy
2023-03-26,7.7,4.1,23.1,cloudy
2023-03-27,3.0,6.2,25.1,rainy
2023-03-28,2.45,0.0,20.9,cloudy
2023-03-29,7.65,1.1,18.3,cloudy
2023-03-30,11.149999999999999,8.0,22.9,rainy
2023-03-31,10.8,6.5,36.2,rainy
2023-04-01,9.05,2.3,32.3,cloudy
2023-04-02,5.95,5.3,16.9,rainy
2023-04-03,2.75,0.2,17.6,cloudy
2023-04-04,0.25,0.0,13.7,partly_cloudy
2023-04-05,1.7,0.0,10.4,partly_cloudy
2023-04-06,3.5999999999999996,0.0,8.3,partly_cloudy
2023-04-07,4.75,0.7,10.5,partly_cloudy
2023-04-08,2.95,4.0,13.2,cloudy
2023-04-09,4.6000000000000005,0.0,12.1,partly_cloudy
2023-04-10,6.95,0.0,13.9,partly_cloudy
2023-04-11,8.2,2.2,23.3,cloudy
2023-04-12,8.0,10.7,14.3,rainy
2023-04-13,6.7,4.3,16.9,cloudy
2023-04-14,6.5,6.8,16.3,rainy
2023-04-15,6.9,1.3,17.1,cloudy
2023-04-16,7.35,2.8,10.9,cloudy
2023-04-17,7.1,0.7,13.7,partly_cloudy
2023-04-18,7.8999999999999995,0.6,16.0,cloudy
2023-04-19,7.3,5.6,16.3,rainy
2023-04-20,6.3,7.1,19.0,rainy
2023-04-21,10.7,0.2,13.2,partly_cloudy
2023-04-22,13.05,0.0,10.5,partly_cloudy
2023-04-23,13.5,10.0,15.5,rainy
2023-04-24,9.65,3.8,24.2,cloudy
2023-04-25,7.0,12.3,18.1,rainy
2023-04-26,7.6000000000000005,0.1,11.6,partly_cloudy
2023-04-27,9.25,0.0,9.4,partly_cloudy
2023-04-28,10.3,22.7,15.3,rainy
2023-04-29,13.450000000000001,2.4,17.8,cloudy
2023-04-30,12.149999999999999,0.2,17.1,cloudy
2023-05-01,9.85,6.6,14.9,rainy
2023-05-02,11.45,6.6,10.5,rainy
2023-05-03,10.3,0.5,10.7,partly_cloudy
2023-05-04,12.9,0.0,15.3,cloudy
2023-05-05,14.45,5.5,14.5,rainy
2023-05-06,14.8,1.3,10.2,cloudy
2023-05-07,15.799999999999999,0.1,14.3,partly_cloudy
2023-05-08,13.0,0.7,12.0,partly_cloudy
2023-05-09,13.55,0.1,13.9,partly_cloudy
2023-05-10,12.6,18.0,17.4,rainy
2023-05-11,9.9,28.0,12.6,rainy
2023-05-12,10.85,1.5,17.8,cloudy
2023-05-13,11.55,2.2,17.2,cloudy
2023-05-14,11.799999999999999,2.8,15.8,cloudy
2023-05-15,12.45,5.4,17.5,rainy
2023-05-16,11.7,9.7,18.0,rainy
2023-05-17,9.8,0.0,15.9,cloudy
2023-05-18,9.75,0.0,18.9,cloudy
2023-05-19,11.700000000000001,0.0,15.5,cloudy
2023-05-20,16.049999999999997,0.0,19.2,cloudy
2023-05-21,19.1,0.0,16.0,cloudy
2023-05-22,18.2,0.0,9.9,partly_cloudy
2023-05-23,17.15,1.8,17.5,cloudy
2023-05-24,12.45,0.0,13.7,partly_cloudy
2023-05-25,15.7,0.0,18.8,cloudy
2023-05-26,16.25,0.0,13.0,partly_cloudy
2023-05-27,16.1,0.0,15.4,cloudy
2023-05-28,16.0,0.0,12.5,partly_cloudy
2023-05-29,16.6,0.0,15.0,cloudy
2023-05-30,16.6,0.2,13.8,partly_cloudy
2023-05-31,17.1,0.0,21.0,cloudy
2023-06-01,18.2,0.0,10.4,partly_cloudy
2023-06-02,17.65,0.0,15.3,cloudy
2023-06-03,17.35,0.0,17.4,cloudy
2023-06-04,16.45,0.0,13.4,partly_cloudy
2023-06-05,17.450000000000003,1.7,11.5,cloudy
2023-06-06,16.2,0.5,8.9,partly_cloudy
2023-06-07,16.8,0.2,11.2,partly_cloudy
2023-06-08,18.9,0.2,16.6,cloudy
2023-06-09,17.950000000000003,0.2,13.0,partly_cloudy
2023-06-10,18.65,0.0,19.2,cloudy
2023-06-11,19.05,0.0,15.8,cloudy
2023-06-12,18.8,0.0,18.2,cloudy
2023-06-13,17.0,0.0,21.2,cloudy
2023-06-14,16.049999999999997,0.0,12.0,partly_cloudy
2023-06-15,17.1,0.0,10.0,partly_cloudy
2023-06-16,16.8,5.0,15.5,cloudy
2023-06-17,18.049999999999997,0.0,14.5,partly_cloudy
2023-06-18,19.75,0.0,9.7,partly_cloudy
2023-06-19,22.0,0.6,11.0,sunny
2023-06-20,23.15,0.5,19.9,sunny
2023-06-21,24.0,0.1,12.5,sunny
2023-06-22,25.700000000000003,4.7,25.1,cloudy
2023-06-23,19.9,0.5,27.0,cloudy
2023-06-24,18.85,0.1,8.6,partly_cloudy
2023-06-25,19.85,0.0,9.5,partly_cloudy
2023-06-26,21.950000000000003,0.1,19.7,sunny
2023-06-27,18.35,0.0,14.5,partly_cloudy
2023-06-28,17.25,4.8,10.0,cloudy
2023-06-29,19.15,0.0,9.4,partly_cloudy
2023-06-30,19.85,17.4,18.6,rainy
2023-07-01,19.4,1.2,14.1,cloudy
2023-07-02,19.35,2.6,19.4,cloudy
2023-07-03,17.85,0.0,21.9,cloudy
2023-07-04,19.5,0.5,13.4,partly_cloudy
2023-07-05,18.35,8.3,16.1,rainy
2023-07-06,17.3,0.0,7.5,partly_cloudy
2023-07-07,20.05,0.0,10.2,sunny
2023-07-08,22.1,0.0,10.9,sunny
2023-07-09,23.55,0.0,9.5,sunny
2023-07-10,23.25,0.0,18.4,sunny
2023-07-11,25.35,0.0,10.9,sunny
2023-07-12,23.6,13.6,17.1,rainy
2023-07-13,20.05,4.5,16.0,cloudy
2023-07-14,20.3,0.0,9.3,sunny
2023-07-15,25.299999999999997,0.0,11.3,sunny
2023-07-16,22.15,1.4,19.4,cloudy
2023-07-17,22.4,11.3,12.4,rainy
2023-07-18,22.5,3.0,10.7,cloudy
2023-07-19,22.4,4.6,19.8,cloudy
2023-07-20,20.35,0.9,17.9,sunny
2023-07-21,19.35,7.8,20.0,rainy
2023-07-22,18.35,0.0,14.5,partly_cloudy
2023-07-23,21.5,0.0,19.6,sunny
2023-07-24,20.65,4.2,18.0,cloudy
2023-07-25,17.4,8.3,17.3,rainy
2023-07-26,14.5,18.7,17.3,rainy
2023-07-27,15.600000000000001,0.8,15.5,cloudy
2023-07-28,18.85,8.9,23.8,rainy
2023-07-29,19.700000000000003,0.4,16.9,cloudy
2023-07-30,19.9,5.5,19.5,rainy
2023-07-31,18.65,0.0,17.7,cloudy
2023-08-01,18.0,12.8,26.2,rainy
2023-08-02,18.55,7.4,14.9,rainy
2023-08-03,19.1,3.2,28.4,cloudy
2023-08-04,17.9,4.2,12.4,cloudy
2023-08-05,17.15,7.5,15.3,rainy
2023-08-06,14.5,7.9,28.0,rainy
2023-08-07,13.15,8.3,29.5,rainy
2023-08-08,15.9,0.2,20.9,cloudy
2023-08-09,16.25,21.0,21.6,rainy
2023-08-10,16.450000000000003,0.0,9.3,partly_cloudy
2023-08-11,19.0,0.0,10.5,partly_cloudy
2023-08-12,22.2,0.1,10.9,sunny
2023-08-13,23.15,0.6,16.4,sunny
2023-08-14,24.35,0.0,8.5,sunny
2023-08-15,24.15,0.2,13.0,sunny
2023-08-16,22.549999999999997,0.0,9.0,sunny
2023-08-17,23.1,6.2,18.7,rainy
2023-08-18,22.0,0.0,9.6,sunny
2023-08-19,23.75,0.0,8.3,sunny
2023-08-20,25.15,0.0,10.2,sunny
2023-08-21,25.3,0.0,9.3,sunny
2023-08-22,25.5,0.6,11.7,sunny
2023-08-23,24.45,1.4,12.4,cloudy
2023-08-24,24.85,4.2,13.4,cloudy
2023-08-25,25.55,0.3,20.2,cloudy
2023-08-26,21.5,27.7,16.1,rainy
2023-08-27,16.9,20.6,11.4,rainy
2023-08-28,14.4,26.3,18.1,rainy
2023-08-29,12.4,23.7,15.1,rainy
2023-08-30,14.8,2.6,11.2,cloudy
2023-08-31,15.350000000000001,0.5,19.3,cloudy
2023-09-01,18.45,4.4,16.6,cloudy
2023-09-02,18.5,0.0,8.1,partly_cloudy
2023-09-03,18.55,0.0,10.2,partly_cloudy
2023-09-04,18.3,0.0,13.6,partly_cloudy
2023-09-05,18.6,0.0,15.2,cloudy
2023-09-06,18.25,0.0,12.7,partly_cloudy
2023-09-07,19.7,0.0,14.1,partly_cloudy
2023-09-08,19.15,0.0,10.4,partly_cloudy
2023-09-09,19.95,0.0,8.6,partly_cloudy
2023-09-10,21.700000000000003,0.0,7.4,sunny
2023-09-11,21.55,0.0,8.6,sunny
2023-09-12,21.2,0.0,10.0,sunny
2023-09-13,19.1,9.8,16.0,rainy
2023-09-14,17.7,0.8,8.0,partly_cloudy
2023-09-15,17.8,0.0,13.7,partly_cloudy
2023-09-16,18.6,0.0,10.1,partly_cloudy
2023-09-17,20.1,0.0,9.8,sunny
2023-09-18,18.9,5.6,22.2,rainy
2023-09-19,17.65,0.6,20.6,cloudy
2023-09-20,17.200000000000003,0.0,9.7,partly_cloudy
2023-09-21,19.25,0.0,15.0,cloudy
2023-09-22,15.15,16.6,15.2,rainy
2023-09-23,12.8,1.7,14.0,cloudy
2023-09-24,11.9,0.0,11.2,partly_cloudy
2023-09-25,14.0,0.0,13.0,partly_cloudy
2023-09-26,14.55,0.0,5.7,partly_cloudy
2023-09-27,16.0,0.0,9.8,partly_cloudy
2023-09-28,17.95,0.0,11.5,partly_cloudy
2023-09-29,17.049999999999997,0.0,15.7,cloudy
2023-09-30,15.55,0.5,13.0,partly_cloudy
2023-10-01,14.8,0.0,8.2,partly_cloudy
2023-10-02,16.5,0.0,10.8,partly_cloudy
2023-10-03,19.45,0.0,28.0,cloudy
2023-10-04,13.6,0.0,14.2,partly_cloudy
2023-10-05,11.35,0.0,10.3,partly_cloudy
2023-10-06,12.100000000000001,0.0,10.5,partly_cloudy
2023-10-07,14.45,0.0,16.5,cloudy
2023-10-08,16.45,0.0,16.9,cloudy
2023-10-09,16.7,0.5,19.1,cloudy
2023-10-10,17.6,0.0,10.4,partly_cloudy
2023-10-11,17.65,0.0,12.9,partly_cloudy
2023-10-12,18.9,0.0,18.6,cloudy
2023-10-13,20.2,0.0,13.2,sunny
2023-10-14,15.05,2.9,28.9,cloudy
2023-10-15,6.5,1.6,19.2,cloudy
2023-10-16,5.6,0.0,12.0,partly_cloudy
2023-10-17,5.1,0.0,8.3,partly_cloudy
2023-10-18,6.95,0.6,10.1,partly_cloudy
2023-10-19,11.5,0.3,10.5,partly_cloudy
2023-10-20,16.4,0.4,16.9,cloudy
2023-10-21,14.3,3.6,14.5,cloudy
2023-10-22,12.4,0.0,15.5,cloudy
2023-10-23,10.45,0.1,13.1,partly_cloudy
2023-10-24,11.0,4.1,10.8,cloudy
2023-10-25,12.25,9.8,21.2,rainy
2023-10-26,12.2,4.0,25.5,cloudy
2023-10-27,10.8,13.0,25.5,rainy
2023-10-28,11.399999999999999,2.1,22.6,cloudy
2023-10-29,13.55,0.0,13.2,partly_cloudy
2023-10-30,12.700000000000001,1.3,20.7,cloudy
2023-10-31,10.25,10.6,23.5,rainy
2023-11-01,10.9,0.0,15.1,cloudy
2023-11-02,9.5,13.3,14.2,rainy
2023-11-03,5.55,7.4,14.5,rainy
2023-11-04,6.75,1.2,13.9,cloudy
2023-11-05,9.149999999999999,1.2,33.8,cloudy
2023-11-06,10.0,4.3,25.3,cloudy
2023-11-07,7.199999999999999,4.9,15.5,cloudy
2023-11-08,6.95,0.0,21.1,cloudy
2023-11-09,4.8500000000000005,0.8,11.5,partly_cloudy
2023-11-10,6.55,1.3,14.2,cloudy
2023-11-11,4.8,3.8,29.7,cloudy
2023-11-12,4.0,9.3,13.7,rainy
2023-11-13,9.149999999999999,17.1,31.4,rainy
2023-11-14,10.95,12.5,31.4,rainy
2023-11-15,8.35,6.9,30.3,rainy
2023-11-16,7.449999999999999,9.1,16.6,rainy
2023-11-17,4.9,17.5,19.6,rainy
2023-11-18,5.7,3.1,14.0,cloudy
2023-11-19,9.149999999999999,13.5,27.5,rainy
2023-11-20,8.95,1.2,24.5,cloudy
2023-11-21,6.25,6.8,15.3,rainy
2023-11-22,3.4,1.5,13.7,cloudy
2023-11-23,3.4,0.0,22.4,cloudy
2023-11-24,3.6,9.3,29.9,rainy
2023-11-25,0.2500000000000001,5.4,27.4,rainy
2023-11-26,0.9500000000000001,2.0,17.7,cloudy
2023-11-27,2.35,6.5,13.5,rainy
2023-11-28,1.5999999999999999,12.5,22.9,rainy
2023-11-29,0.050000000000000044,0.1,18.4,cloudy
2023-11-30,-1.15,7.8,7.3,rainy
2023-12-01,-0.09999999999999998,21.3,8.4,rainy
2023-12-02,-2.8,20.2,15.6,rainy
2023-12-03,-8.75,0.0,14.0,partly_cloudy
2023-12-04,-8.7,0.0,10.3,partly_cloudy
2023-12-05,-1.75,0.7,12.0,partly_cloudy
2023-12-06,0.8,1.8,15.0,cloudy
2023-12-07,-3.05,0.0,13.6,partly_cloudy
2023-12-08,-2.8499999999999996,3.9,12.4,cloudy
2023-12-09,3.15,7.0,11.9,rainy
2023-12-10,5.3,5.9,26.4,rainy
2023-12-11,7.3,6.3,22.9,rainy
2023-12-12,6.699999999999999,10.0,16.6,rainy
2023-12-13,6.75,3.5,21.1,cloudy
2023-12-14,5.25,5.0,14.6,cloudy
2023-12-15,3.25,2.6,15.1,cloudy
2023-12-16,2.5999999999999996,0.2,9.7,partly_cloudy
2023-12-17,1.5500000000000003,0.0,8.6,partly_cloudy
2023-12-18,2.9000000000000004,0.0,9.4,partly_cloudy
2023-12-19,4.2,0.0,14.4,partly_cloudy
2023-12-20,4.15,3.8,23.9,cloudy
2023-12-21,5.1,8.8,38.5,rainy
2023-12-22,4.35,16.3,37.0,rainy
2023-12-23,5.550000000000001,10.5,39.4,rainy
2023-12-24,7.85,1.9,31.6,cloudy
2023-12-25,9.600000000000001,0.0,29.8,cloudy
2023-12-26,7.3,0.1,23.7,cloudy
2023-12-27,5.3999999999999995,0.0,9.3,partly_cloudy
2023-12-28,5.8,0.0,15.7,cloudy
2023-12-29,9.3,0.1,21.3,cloudy
2023-12-30,6.05,0.1,20.2,cloudy
2023-12-31,3.05,2.3,15.8,cloudy
2024-01-01,5.25,0.1,24.5,cloudy
2024-01-02,5.6,4.7,26.6,cloudy
2024-01-03,9.5,1.4,36.0,cloudy
2024-01-04,5.7,3.4,34.0,cloudy
2024-01-05,3.5,3.0,8.6,cloudy
2024-01-06,3.0,13.6,10.2,rainy
2024-01-07,-1.4000000000000001,9.5,14.8,rainy
2024-01-08,-3.85,0.0,16.1,cloudy
2024-01-09,-4.45,0.0,17.9,cloudy
2024-01-10,-4.05,0.0,8.3,partly_cloudy
2024-01-11,-4.25,0.0,9.4,partly_cloudy
2024-01-12,-4.5,0.0,10.3,partly_cloudy
2024-01-13,-4.1,0.0,14.6,partly_cloudy
2024-01-14,-2.4,0.0,14.5,partly_cloudy
2024-01-15,-1.2000000000000002,1.5,23.8,cloudy
2024-01-16,-2.6,0.0,19.6,cloudy
2024-01-17,-0.10000000000000009,10.6,19.4,rainy
2024-01-18,4.7,8.3,28.3,rainy
2024-01-19,-2.1999999999999997,0.5,13.6,partly_cloudy
2024-01-20,-2.95,0.0,10.2,partly_cloudy
2024-01-21,-2.0,0.0,12.8,partly_cloudy
2024-01-22,3.45,8.9,32.3,rainy
2024-01-23,4.95,2.8,26.1,cloudy
2024-01-24,9.05,7.8,37.0,rainy
2024-01-25,6.1,1.8,19.4,cloudy
2024-01-26,6.95,4.7,27.5,cloudy
2024-01-27,1.9,0.0,10.9,partly_cloudy
2024-01-28,2.9499999999999997,0.0,12.0,partly_cloudy
2024-01-29,2.95,0.0,8.5,partly_cloudy
2024-01-30,3.4499999999999997,0.0,11.4,partly_cloudy
2024-01-31,5.3999999999999995,0.0,12.2,partly_cloudy
2024-02-01,4.4,5.4,19.6,rainy
2024-02-02,4.9,0.0,23.2,cloudy
2024-02-03,7.3,0.0,22.5,cloudy
2024-02-04,7.300000000000001,9.0,23.8,rainy
2024-02-05,9.05,0.0,23.8,cloudy
2024-02-06,7.5,0.0,20.9,cloudy
2024-02-07,7.199999999999999,0.8,33.2,cloudy
2024-02-08,9.4,6.7,27.3,rainy
2024-02-09,9.85,0.6,7.6,partly_cloudy
2024-02-10,8.6,0.0,13.0,partly_cloudy
2024-02-11,7.0,4.6,24.3,cloudy
2024-02-12,6.5,1.1,20.6,cloudy
2024-02-13,4.95,0.6,13.4,partly_cloudy
2024-02-14,6.699999999999999,0.1,14.0,partly_cloudy
2024-02-15,9.7,0.0,11.1,partly_cloudy
2024-02-16,7.95,0.0,10.6,partly_cloudy
2024-02-17,8.15,5.1,13.4,rainy
2024-02-18,8.05,0.0,15.3,cloudy
2024-02-19,7.550000000000001,6.8,23.3,rainy
2024-02-20,6.35,3.4,18.1,cloudy
2024-02-21,7.949999999999999,0.1,11.9,partly_cloudy
2024-02-22,8.6,9.3,16.2,rainy
2024-02-23,4.2,6.4,27.2,rainy
2024-02-24,3.25,0.3,10.2,partly_cloudy
2024-02-25,5.699999999999999,2.2,13.1,cloudy
2024-02-26,6.15,0.0,11.5,partly_cloudy
2024-02-27,6.6,0.8,10.7,partly_cloudy
2024-02-28,4.75,0.0,7.4,partly_cloudy
2024-02-29,7.25,0.0,11.9,partly_cloudy
2024-03-01,6.1,1.4,12.7,cloudy
2024-03-02,8.05,3.4,13.1,cloudy
2024-03-03,9.5,0.0,10.7,partly_cloudy
2024-03-04,6.9,0.1,19.8,cloudy
2024-03-05,7.95,1.3,12.1,cloudy
2024-03-06,5.95,4.9,11.2,cloudy
2024-03-07,4.15,0.0,13.7,partly_cloudy
2024-03-08,4.25,0.0,18.5,cloudy
2024-03-09,7.1499999999999995,0.0,14.2,partly_cloudy
2024-03-10,11.3,0.2,25.5,cloudy
2024-03-11,7.15,0.2,15.1,cloudy
2024-03-12,6.45,2.8,19.5,cloudy
2024-03-13,7.55,1.9,13.3,cloudy
2024-03-14,10.75,0.1,11.0,partly_cloudy
2024-03-15,11.25,1.2,20.3,cloudy
2024-03-16,10.35,8.2,24.5,rainy
2024-03-17,9.95,0.1,11.3,partly_cloudy
2024-03-18,9.55,4.9,12.6,cloudy
2024-03-19,9.45,0.1,9.2,partly_cloudy
2024-03-20,9.65,0.0,9.0,partly_cloudy
2024-03-21,9.7,2.8,24.3,cloudy
2024-03-22,10.5,0.0,13.8,partly_cloudy
2024-03-23,8.35,4.8,34.6,cloudy
2024-03-24,4.55,8.2,26.2,rainy
2024-03-25,5.7,0.3,21.1,cloudy
2024-03-26,7.55,0.0,15.9,cloudy
2024-03-27,12.649999999999999,6.5,23.1,rainy
2024-03-28,6.85,2.8,20.6,cloudy
2024-03-29,11.75,0.0,20.9,cloudy
2024-03-30,16.8,0.0,21.6,cloudy
2024-03-31,13.5,0.0,16.1,cloudy
2024-04-01,10.2,0.9,27.1,cloudy
2024-04-02,9.3,0.3,29.3,cloudy
2024-04-03,8.7,3.4,20.6,cloudy
2024-04-04,13.1,3.3,24.2,cloudy
2024-04-05,15.899999999999999,1.1,15.9,cloudy
2024-04-06,18.6,0.0,10.7,partly_cloudy
2024-04-07,17.6,0.0,10.5,partly_cloudy
2024-04-08,19.25,0.0,10.9,partly_cloudy
2024-04-09,13.75,3.4,26.6,cloudy
2024-04-10,8.8,4.1,15.8,cloudy
2024-04-11,9.9,0.0,6.5,partly_cloudy
2024-04-12,11.899999999999999,0.0,9.2,partly_cloudy
2024-04-13,15.0,0.0,11.5,partly_cloudy
2024-04-14,18.0,0.0,14.4,partly_cloudy
2024-04-15,14.149999999999999,16.2,27.8,rainy
2024-04-16,6.75,4.9,32.9,cloudy
2024-04-17,5.699999999999999,9.2,21.0,rainy
2024-04-18,4.45,1.2,12.1,cloudy
2024-04-19,4.15,6.0,35.2,rainy
2024-04-20,5.0,5.2,21.1,rainy
2024-04-21,3.3,12.6,11.2,rainy
2024-04-22,4.05,2.6,15.9,cloudy
2024-04-23,3.5500000000000003,1.4,18.4,cloudy
2024-04-24,5.55,6.0,20.3,rainy
2024-04-25,4.9,0.8,15.4,cloudy
2024-04-26,8.0,0.0,10.0,partly_cloudy
2024-04-27,10.95,0.0,12.6,partly_cloudy
2024-04-28,16.35,0.0,13.3,partly_cloudy
2024-04-29,14.399999999999999,0.0,11.2,partly_cloudy
2024-04-30,18.25,0.0,13.8,partly_cloudy
2024-05-01,17.05,0.0,16.2,cloudy
2024-05-02,16.6,0.7,20.9,cloudy
2024-05-03,11.25,1.1,22.4,cloudy
2024-05-04,13.8,0.3,12.5,partly_cloudy
2024-05-05,14.600000000000001,0.0,20.5,cloudy
2024-05-06,14.65,5.7,21.1,rainy
2024-05-07,13.1,2.4,12.3,cloudy
2024-05-08,10.75,3.4,11.4,cloudy
2024-05-09,12.549999999999999,0.0,8.7,partly_cloudy
2024-05-10,12.55,0.0,9.4,partly_cloudy
2024-05-11,14.25,0.0,12.3,partly_cloudy
2024-05-12,15.0,0.3,13.8,partly_cloudy
2024-05-13,15.25,0.4,10.8,partly_cloudy
2024-05-14,16.2,0.0,19.1,cloudy
2024-05-15,17.05,0.0,15.9,cloudy
2024-05-16,17.55,2.4,17.3,cloudy
2024-05-17,12.45,11.6,28.7,rainy
2024-05-18,15.95,0.4,15.6,cloudy
2024-05-19,15.6,2.4,10.8,cloudy
2024-05-20,16.35,0.1,13.2,partly_cloudy
2024-05-21,14.7,7.9,21.8,rainy
2024-05-22,15.399999999999999,2.5,18.4,cloudy
2024-05-23,15.5,8.7,12.8,rainy
2024-05-24,13.149999999999999,0.8,11.1,partly_cloudy
2024-05-25,14.6,0.8,9.2,partly_cloudy
2024-05-26,15.65,0.1,11.5,partly_cloudy
2024-05-27,17.8,18.0,12.0,rainy
2024-05-28,14.0,4.2,16.1,cloudy
2024-05-29,14.95,0.0,14.1,partly_cloudy
2024-05-30,15.95,15.0,14.5,rainy
2024-05-31,11.45,33.7,14.8,rainy
2024-06-01,12.25,61.6,28.4,rainy
2024-06-02,15.649999999999999,5.8,18.4,rainy
2024-06-03,14.85,28.3,13.9,rainy
2024-06-04,16.55,0.0,8.5,partly_cloudy
2024-06-05,17.4,0.5,19.0,cloudy
2024-06-06,18.15,4.2,15.9,cloudy
2024-06-07,18.200000000000003,0.8,15.9,cloudy
2024-06-08,19.7,6.8,13.6,rainy
2024-06-09,19.25,11.3,12.7,rainy
2024-06-10,17.55,13.1,14.0,rainy
2024-06-11,12.15,0.0,14.1,partly_cloudy
2024-06-12,13.5,0.2,8.0,partly_cloudy
2024-06-13,13.45,0.5,11.5,partly_cloudy
2024-06-14,14.95,0.4,13.9,partly_cloudy
2024-06-15,16.2,5.0,17.7,cloudy
2024-06-16,17.5,0.7,9.1,partly_cloudy
2024-06-17,18.4,4.7,11.2,cloudy
2024-06-18,21.2,0.0,8.8,sunny
2024-06-19,23.1,0.0,17.5,sunny
2024-06-20,21.0,0.7,12.4,sunny
2024-06-21,21.35,10.3,18.7,rainy
2024-06-22,18.049999999999997,11.8,16.7,rainy
2024-06-23,17.65,2.6,13.7,cloudy
2024-06-24,19.9,0.0,18.9,cloudy
2024-06-25,21.25,0.2,17.1,sunny
2024-06-26,20.2,1.4,12.5,cloudy
2024-06-27,21.25,3.6,15.9,cloudy
2024-06-28,23.049999999999997,8.2,15.9,rainy
2024-06-29,26.0,0.0,15.7,sunny
2024-06-30,21.049999999999997,5.5,16.7,rainy
2024-07-01,18.25,1.1,14.4,cloudy
2024-07-02,15.700000000000001,0.2,14.9,partly_cloudy
2024-07-03,15.4,9.9,14.9,rainy
2024-07-04,16.1,0.4,23.6,cloudy
2024-07-05,19.5,0.0,17.4,cloudy
2024-07-06,22.85,4.2,16.9,cloudy
2024-07-07,16.05,11.6,14.0,rainy
2024-07-08,18.049999999999997,2.4,9.3,cloudy
2024-07-09,21.65,0.0,11.2,sunny
2024-07-10,23.55,1.9,14.1,cloudy
2024-07-11,22.049999999999997,0.4,10.3,sunny
2024-07-12,21.4,5.5,14.3,rainy
2024-07-13,18.6,7.9,14.2,rainy
2024-07-14,19.5,0.0,7.6,partly_cloudy
2024-07-15,23.2,0.0,10.2,sunny
2024-07-16,22.549999999999997,8.2,16.3,rainy
2024-07-17,19.8,0.4,9.5,partly_cloudy
2024-07-18,20.4,0.0,14.4,sunny
2024-07-19,22.25,0.1,8.3,sunny
2024-07-20,22.200000000000003,0.7,10.8,sunny
2024-07-21,23.25,6.7,16.3,rainy
2024-07-22,20.75,4.6,14.1,cloudy
2024-07-23,20.85,1.0,14.5,cloudy
2024-07-24,19.25,0.7,15.0,cloudy
2024-07-25,19.55,0.0,6.5,partly_cloudy
2024-07-26,20.25,0.0,11.2,sunny
2024-07-27,23.1,0.0,10.9,sunny
2024-07-28,19.45,1.4,17.1,cloudy
2024-07-29,19.15,0.0,9.1,partly_cloudy
2024-07-30,20.2,0.0,8.3,sunny
2024-07-31,23.8,0.3,8.0,sunny
2024-08-01,23.0,2.3,23.4,cloudy
2024-08-02,21.5,5.4,21.9,rainy
2024-08-03,20.0,3.7,13.7,cloudy
2024-08-04,20.45,4.1,17.2,cloudy
2024-08-05,20.450000000000003,1.6,9.5,cloudy
2024-08-06,21.0,0.0,8.4,sunny
2024-08-07,23.049999999999997,0.6,16.7,sunny
2024-08-08,19.9,10.7,11.9,rainy
2024-08-09,20.15,0.0,15.1,sunny
2024-08-10,23.5,0.0,11.9,sunny
2024-08-11,23.75,0.0,10.0,sunny
2024-08-12,23.799999999999997,0.0,8.2,sunny
2024-08-13,25.15,5.1,15.1,rainy
2024-08-14,23.450000000000003,0.7,12.7,sunny
2024-08-15,22.25,0.1,7.8,sunny
2024-08-16,23.0,0.2,9.4,sunny
2024-08-17,22.299999999999997,8.3,10.9,rainy
2024-08-18,20.6,20.7,18.5,rainy
2024-08-19,17.1,13.9,18.5,rainy
2024-08-20,18.75,0.0,12.0,partly_cloudy
2024-08-21,17.3,2.4,20.3,cloudy
2024-08-22,17.7,0.0,7.6,partly_cloudy
2024-08-23,20.2,0.0,10.6,sunny
2024-08-24,22.15,0.0,10.9,sunny
2024-08-25,16.4,10.2,17.9,rainy
2024-08-26,14.65,0.1,7.9,partly_cloudy
2024-08-27,18.25,0.0,17.6,cloudy
2024-08-28,21.299999999999997,0.0,8.6,sunny
2024-08-29,22.05,0.0,9.1,sunny
2024-08-30,22.65,0.0,9.4,sunny
2024-08-31,22.299999999999997,0.0,15.4,sunny
2024-09-01,23.85,16.9,12.2,rainy
2024-09-02,21.6,6.1,14.8,rainy
2024-09-03,21.75,0.0,7.4,sunny
2024-09-04,22.049999999999997,0.6,9.3,sunny
2024-09-05,23.15,0.1,19.8,sunny
2024-09-06,20.450000000000003,1.4,13.0,cloudy
2024-09-07,20.5,0.0,9.0,sunny
2024-09-08,20.5,7.2,12.1,rainy
2024-09-09,16.35,12.8,20.5,rainy
2024-09-10,15.700000000000001,4.5,20.2,cloudy
2024-09-11,13.95,8.5,21.5,rainy
2024-09-12,9.5,6.0,12.9,rainy
2024-09-13,9.1,22.1,20.7,rainy
2024-09-14,8.35,28.8,22.4,rainy
2024-09-15,9.399999999999999,7.9,23.0,rainy
2024-09-16,9.75,20.4,18.5,rainy
2024-09-17,14.15,8.8,20.2,rainy
2024-09-18,15.2,0.1,25.2,cloudy
2024-09-19,16.15,0.1,22.4,cloudy
2024-09-20,15.45,0.0,16.9,cloudy
2024-09-21,15.100000000000001,0.0,9.7,partly_cloudy
2024-09-22,15.35,0.0,6.6,partly_cloudy
2024-09-23,16.65,7.9,14.0,rainy
2024-09-24,15.2,10.6,19.4,rainy
2024-09-25,15.5,0.1,13.1,partly_cloudy
2024-09-26,15.450000000000001,13.2,17.9,rainy
2024-09-27,14.95,6.1,19.8,rainy
2024-09-28,10.55,4.1,17.2,cloudy
2024-09-29,8.25,0.0,17.3,cloudy
2024-09-30,10.45,0.2,16.7,cloudy
2024-10-01,14.25,2.7,19.0,cloudy
2024-10-02,11.15,8.0,23.9,rainy
2024-10-03,8.55,1.8,13.0,cloudy
2024-10-04,9.0,7.2,14.0,rainy
2024-10-05,7.699999999999999,2.3,7.8,cloudy
2024-10-06,8.8,0.0,9.4,partly_cloudy
2024-10-07,14.8,0.0,10.5,partly_cloudy
2024-10-08,16.4,7.5,20.0,rainy
2024-10-09,14.95,1.8,16.7,cloudy
2024-10-10,13.2,2.4,27.9,cloudy
2024-10-11,9.600000000000001,2.0,22.6,cloudy
2024-10-12,9.7,0.1,12.0,partly_cloudy
2024-10-13,9.85,2.5,25.4,cloudy
2024-10-14,11.600000000000001,8.4,20.3,rainy
2024-10-15,12.45,0.2,13.7,partly_cloudy
2024-10-16,12.75,0.0,14.1,partly_cloudy
2024-10-17,14.2,0.0,11.3,partly_cloudy
2024-10-18,12.95,3.3,11.7,cloudy
2024-10-19,12.85,0.8,9.9,partly_cloudy
2024-10-20,12.75,0.0,7.2,partly_cloudy
2024-10-21,13.75,0.0,8.9,partly_cloudy
2024-10-22,13.399999999999999,1.8,11.5,cloudy
2024-10-23,11.85,5.9,12.3,rainy
2024-10-24,10.2,1.2,11.8,cloudy
2024-10-25,11.05,0.0,7.0,partly_cloudy
2024-10-26,11.55,0.0,11.9,partly_cloudy
2024-10-27,12.450000000000001,0.0,11.7,partly_cloudy
2024-10-28,11.25,0.0,7.8,partly_cloudy
2024-10-29,10.75,0.0,7.7,partly_cloudy
2024-10-30,10.8,0.0,7.0,partly_cloudy
2024-10-31,9.5,0.0,6.3,partly_cloudy
2024-11-01,9.75,0.0,8.6,partly_cloudy
2024-11-02,6.5,0.0,9.7,partly_cloudy
2024-11-03,7.45,0.0,9.1,partly_cloudy
2024-11-04,6.15,0.0,10.7,partly_cloudy
2024-11-05,5.1000000000000005,0.0,8.4,partly_cloudy
2024-11-06,6.65,0.0,7.1,partly_cloudy
2024-11-07,8.2,0.0,11.2,partly_cloudy
2024-11-08,4.8,0.0,8.8,partly_cloudy
2024-11-09,4.85,0.0,6.8,partly_cloudy
2024-11-10,2.8000000000000003,0.0,4.0,partly_cloudy
2024-11-11,3.1,0.6,8.2,partly_cloudy
2024-11-12,2.6999999999999997,0.1,13.0,partly_cloudy
2024-11-13,1.5499999999999998,1.7,10.0,cloudy
2024-11-14,3.4000000000000004,0.2,11.2,partly_cloudy
2024-11-15,4.05,0.2,10.0,partly_cloudy
2024-11-16,2.2,0.0,8.5,partly_cloudy
2024-11-17,3.5500000000000003,2.8,21.3,cloudy
2024-11-18,5.25,1.9,22.3,cloudy
2024-11-19,8.649999999999999,4.4,31.0,cloudy
2024-11-20,4.1499999999999995,11.0,29.2,rainy
2024-11-21,1.05,3.8,24.7,cloudy
2024-11-22,-1.75,2.1,27.8,cloudy
2024-11-23,1.8499999999999999,0.4,30.1,cloudy
2024-11-24,5.7,0.0,14.9,partly_cloudy
2024-11-25,6.95,0.0,11.5,partly_cloudy
2024-11-26,6.9,3.3,18.3,cloudy
2024-11-27,5.2,0.0,12.4,partly_cloudy
2024-11-28,6.3,10.5,28.5,rainy
2024-11-29,1.85,0.2,14.9,partly_cloudy
2024-11-30,1.0,0.0,13.0,partly_cloudy
2024-12-01,-1.7999999999999998,0.0,6.8,partly_cloudy
2024-12-02,-0.1499999999999999,0.8,10.9,partly_cloudy
2024-12-03,4.55,5.8,15.0,rainy
2024-12-04,0.6499999999999999,0.9,8.7,partly_cloudy
2024-12-05,0.19999999999999996,0.0,11.0,partly_cloudy
2024-12-06,4.75,13.1,36.2,rainy
2024-12-07,2.9,3.0,29.4,cloudy
2024-12-08,3.5,5.0,12.9,cloudy
2024-12-09,1.5,3.1,16.1,cloudy
2024-12-10,1.55,0.3,15.5,cloudy
2024-12-11,1.7000000000000002,0.0,10.3,partly_cloudy
2024-12-12,0.9999999999999999,0.0,8.1,partly_cloudy
2024-12-13,-0.6000000000000001,0.0,12.6,partly_cloudy
2024-12-14,1.0,0.2,18.6,cloudy
2024-12-15,2.4,0.4,26.7,cloudy
2024-12-16,7.050000000000001,4.7,27.2,cloudy
2024-12-17,5.3500000000000005,0.0,13.9,partly_cloudy
2024-12-18,6.75,0.0,14.7,partly_cloudy
2024-12-19,7.300000000000001,2.6,29.5,cloudy
2024-12-20,1.0499999999999998,1.6,25.6,cloudy
2024-12-21,2.4,0.1,26.6,cloudy
2024-12-22,2.8000000000000003,12.5,32.1,rainy
2024-12-23,0.6000000000000001,0.6,18.3,cloudy
2024-12-24,0.6499999999999999,2.3,18.7,cloudy
2024-12-25,0.0,0.0,6.9,partly_cloudy
2024-12-26,-0.25,0.0,10.6,partly_cloudy
2024-12-27,0.0,0.0,10.1,partly_cloudy
2024-12-28,-0.5,0.0,5.9,partly_cloudy
2024-12-29,0.0,0.0,7.8,partly_cloudy
2024-12-30,-3.15,0.0,6.3,partly_cloudy
2024-12-31,-1.35,0.0,9.7,partly_cloudy
