date,temperature,precipitation,wind_speed,weather_state
1995-01-01,2.25,3.4,38.5,cloudy
1995-01-02,1.4,0.6,35.7,cloudy
1995-01-03,-1.85,0.0,22.8,cloudy
1995-01-04,-3.1,0.0,22.9,cloudy
1995-01-05,-5.2,0.0,30.9,cloudy
1995-01-06,-5.0,0.0,28.2,cloudy
1995-01-07,-4.3,0.0,19.4,cloudy
1995-01-08,-0.3500000000000001,9.0,30.2,rainy
1995-01-09,4.65,9.6,42.2,rainy
1995-01-10,4.2,2.4,63.7,stormy
1995-01-11,3.05,0.2,38.7,cloudy
1995-01-12,1.3,0.8,36.0,cloudy
1995-01-13,0.6499999999999999,0.0,22.7,cloudy
1995-01-14,4.7,0.0,28.4,cloudy
1995-01-15,4.9,0.5,26.7,cloudy
1995-01-16,4.1,0.1,30.2,cloudy
1995-01-17,2.85,0.0,32.1,cloudy
1995-01-18,3.65,7.5,34.6,rainy
1995-01-19,3.6,1.5,35.5,cloudy
1995-01-20,4.75,5.2,41.8,rainy
1995-01-21,3.9,1.0,37.6,cloudy
1995-01-22,3.5500000000000003,15.5,41.7,rainy
1995-01-23,3.6,12.7,51.8,stormy
1995-01-24,4.75,3.3,50.0,cloudy
1995-01-25,4.0,1.4,38.6,cloudy
1995-01-26,1.85,27.1,33.4,rainy
1995-01-27,2.95,0.5,30.3,cloudy
1995-01-28,2.9,8.8,33.4,rainy
1995-01-29,4.15,4.3,28.7,cloudy
1995-01-30,1.0499999999999998,1.6,27.1,cloudy
1995-01-31,0.8500000000000001,10.7,45.7,rainy
1995-02-01,6.1,4.2,47.6,cloudy
1995-02-02,4.15,0.0,30.3,cloudy
1995-02-03,4.0,1.8,37.5,cloudy
1995-02-04,5.800000000000001,0.2,35.3,cloudy
1995-02-05,5.6,0.0,35.2,cloudy
1995-02-06,6.550000000000001,0.0,43.9,cloudy
1995-02-07,5.25,2.9,45.5,cloudy
1995-02-08,1.6500000000000001,0.0,33.6,cloudy
1995-02-09,0.8,0.0,29.3,cloudy
1995-02-10,1.75,0.1,16.2,cloudy
1995-02-11,2.9499999999999997,2.1,33.3,cloudy
1995-02-12,7.0,5.2,47.4,rainy
1995-02-13,6.25,0.2,36.7,cloudy
1995-02-14,6.2,2.8,28.0,cloudy
1995-02-15,6.25,9.1,37.9,rainy
1995-02-16,6.15,5.2,43.6,rainy
1995-02-17,5.55,13.1,46.2,rainy
1995-02-18,4.9,0.8,25.9,cloudy
1995-02-19,5.65,4.3,43.7,cloudy
1995-02-20,5.25,2.4,49.0,cloudy
1995-02-21,6.1,3.8,43.3,cloudy
1995-02-22,6.1,0.2,46.7,cloudy
1995-02-23,4.45,4.9,42.9,cloudy
1995-02-24,3.4,5.4,33.4,rainy
1995-02-25,2.4000000000000004,0.3,11.0,partly_cloudy
1995-02-26,1.7,0.5,13.4,partly_cloudy
1995-02-27,3.65,4.8,40.8,cloudy
1995-02-28,7.35,1.8,47.2,cloudy
1995-03-01,6.4,5.9,49.3,rainy
1995-03-02,3.3000000000000003,4.5,48.6,cloudy
1995-03-03,2.55,7.4,47.9,rainy
1995-03-04,3.45,1.5,36.8,cloudy
1995-03-05,1.55,8.3,42.5,rainy
1995-03-06,3.05,3.4,33.6,cloudy
1995-03-07,4.1,0.4,30.5,cloudy
1995-03-08,3.8,0.7,36.6,cloudy
1995-03-09,4.0,0.9,25.0,cloudy
1995-03-10,4.6000000000000005,0.0,26.1,cloudy
1995-03-11,5.050000000000001,0.0,29.3,cloudy
1995-03-12,5.300000000000001,0.0,25.1,cloudy
1995-03-13,3.7,0.0,25.7,cloudy
1995-03-14,0.6499999999999999,0.0,29.0,cloudy
1995-03-15,-0.40000000000000013,1.5,30.3,cloudy
1995-03-16,2.7,3.0,30.5,cloudy
1995-03-17,5.45,11.4,41.0,rainy
1995-03-18,5.45,2.8,47.1,cloudy
1995-03-19,4.75,3.1,45.0,cloudy
1995-03-20,5.300000000000001,1.9,49.0,cloudy
1995-03-21,4.6,0.0,40.1,cloudy
1995-03-22,4.1,0.0,31.8,cloudy
1995-03-23,6.5,0.0,27.2,cloudy
1995-03-24,6.35,1.1,40.7,cloudy
1995-03-25,5.5,4.9,48.4,cloudy
1995-03-26,4.75,2.5,39.7,cloudy
1995-03-27,2.35,1.7,41.4,cloudy
1995-03-28,0.39999999999999997,3.1,39.6,cloudy
1995-03-29,1.2000000000000002,0.4,29.4,cloudy
1995-03-30,2.6999999999999997,0.0,21.8,cloudy
1995-03-31,5.3,7.7,31.4,rainy
1995-04-01,6.75,0.0,28.7,cloudy
1995-04-02,8.0,0.1,41.8,cloudy
1995-04-03,6.6,2.2,35.0,cloudy
1995-04-04,4.3,1.7,38.3,cloudy
1995-04-05,5.35,2.8,31.5,cloudy
1995-04-06,7.050000000000001,0.6,32.4,cloudy
1995-04-07,6.5,3.7,55.8,stormy
1995-04-08,4.9,0.4,49.0,cloudy
1995-04-09,4.25,1.1,34.9,cloudy
1995-04-10,5.65,0.3,14.5,partly_cloudy
1995-04-11,7.0,0.0,21.3,cloudy
1995-04-12,7.0,0.0,29.4,cloudy
1995-04-13,7.0,0.0,18.1,cloudy
1995-04-14,6.8999999999999995,0.0,13.6,partly_cloudy
1995-04-15,6.5,3.2,23.7,cloudy
1995-04-16,4.45,0.3,34.3,cloudy
1995-04-17,3.65,2.4,22.1,cloudy
1995-04-18,5.1,9.5,31.5,rainy
1995-04-19,4.95,0.5,22.3,cloudy
1995-04-20,5.45,0.1,20.8,cloudy
1995-04-21,6.7,0.1,23.8,cloudy
1995-04-22,9.3,0.4,33.7,cloudy
1995-04-23,11.35,0.0,25.3,cloudy
1995-04-24,14.850000000000001,0.0,30.9,cloudy
1995-04-25,13.649999999999999,0.0,30.0,cloudy
1995-04-26,10.95,0.0,24.2,cloudy
1995-04-27,7.15,0.0,25.3,cloudy
1995-04-28,6.15,0.0,24.6,cloudy
1995-04-29,5.8,0.0,16.3,cloudy
1995-04-30,7.5,0.0,16.4,cloudy
1995-05-01,8.75,0.0,15.1,cloudy
1995-05-02,10.75,0.0,15.2,cloudy
1995-05-03,12.55,0.0,15.9,cloudy
1995-05-04,11.75,0.0,14.8,partly_cloudy
1995-05-05,12.149999999999999,0.0,17.1,cloudy
1995-05-06,10.0,0.0,29.5,cloudy
1995-05-07,9.65,2.7,25.7,cloudy
1995-05-08,9.95,4.7,32.7,cloudy
1995-05-09,8.45,1.4,29.0,cloudy
1995-05-10,7.8,0.0,18.4,cloudy
1995-05-11,6.0,0.6,23.2,cloudy
1995-05-12,6.7,0.0,18.6,cloudy
1995-05-13,8.5,0.0,29.8,cloudy
1995-05-14,6.65,0.6,36.9,cloudy
1995-05-15,6.5,2.7,24.2,cloudy
1995-05-16,6.45,0.0,25.3,cloudy
1995-05-17,7.199999999999999,6.0,27.9,rainy
1995-05-18,8.05,0.2,27.8,cloudy
1995-05-19,8.55,0.5,29.1,cloudy
1995-05-20,9.3,0.9,24.4,cloudy
1995-05-21,7.25,0.0,26.0,cloudy
1995-05-22,7.1,0.0,11.2,partly_cloudy
1995-05-23,10.15,0.0,10.8,partly_cloudy
1995-05-24,14.65,0.0,22.3,cloudy
1995-05-25,15.85,3.8,22.3,cloudy
1995-05-26,12.25,5.7,26.9,rainy
1995-05-27,10.3,13.2,18.9,rainy
1995-05-28,15.3,0.9,22.6,cloudy
1995-05-29,14.7,5.3,15.0,rainy
1995-05-30,13.1,0.0,13.1,partly_cloudy
1995-05-31,13.45,0.0,19.6,cloudy
1995-06-01,11.45,6.0,19.6,rainy
1995-06-02,11.45,0.0,15.6,cloudy
1995-06-03,12.0,0.0,14.8,partly_cloudy
1995-06-04,13.45,9.3,15.8,rainy
1995-06-05,13.3,0.5,15.1,cloudy
1995-06-06,11.0,0.3,21.2,cloudy
1995-06-07,11.05,16.2,28.9,rainy
1995-06-08,10.75,9.6,45.0,rainy
1995-06-09,11.5,6.7,37.2,rainy
1995-06-10,11.350000000000001,7.8,22.1,rainy
1995-06-11,11.55,2.1,15.6,cloudy
1995-06-12,12.0,0.0,14.4,partly_cloudy
1995-06-13,12.850000000000001,2.2,17.9,cloudy
1995-06-14,13.149999999999999,4.5,18.0,cloudy
1995-06-15,12.1,2.0,29.9,cloudy
1995-06-16,12.1,1.7,20.7,cloudy
1995-06-17,12.649999999999999,4.1,24.3,cloudy
1995-06-18,12.9,2.0,33.8,cloudy
1995-06-19,13.35,0.3,28.7,cloudy
1995-06-20,15.25,0.9,15.7,cloudy
1995-06-21,13.75,0.6,32.6,cloudy
1995-06-22,12.350000000000001,0.1,42.8,cloudy
1995-06-23,14.65,0.0,23.9,cloudy
1995-06-24,16.049999999999997,0.0,17.3,cloudy
1995-06-25,18.35,0.0,18.7,cloudy
1995-06-26,19.25,0.0,11.9,partly_cloudy
1995-06-27,19.5,0.0,10.2,partly_cloudy
1995-06-28,18.35,0.0,21.4,cloudy
1995-06-29,14.649999999999999,0.0,28.1,cloudy
1995-06-30,14.4,0.0,19.4,cloudy
1995-07-01,14.1,0.0,27.2,cloudy
1995-07-02,14.0,0.0,13.2,partly_cloudy
1995-07-03,13.6,3.2,22.8,cloudy
1995-07-04,13.2,0.6,36.2,cloudy
1995-07-05,12.850000000000001,0.0,29.6,cloudy
1995-07-06,16.2,0.0,25.5,cloudy
1995-07-07,16.7,0.0,22.8,cloudy
1995-07-08,16.55,0.0,18.6,cloudy
1995-07-09,18.299999999999997,0.5,20.4,cloudy
1995-07-10,18.5,0.0,29.0,cloudy
1995-07-11,17.55,0.0,29.3,cloudy
1995-07-12,20.35,0.8,23.1,cloudy
1995-07-13,17.85,4.5,16.2,cloudy
1995-07-14,19.35,0.8,16.0,cloudy
1995-07-15,19.4,2.6,19.6,cloudy
1995-07-16,17.4,7.1,18.1,rainy
1995-07-17,16.8,2.0,17.4,cloudy
1995-07-18,17.35,3.8,24.5,cloudy
1995-07-19,17.95,0.0,21.9,cloudy
1995-07-20,18.950000000000003,0.0,19.5,cloudy
1995-07-21,19.700000000000003,0.0,18.1,cloudy
1995-07-22,15.8,0.3,32.3,cloudy
1995-07-23,15.899999999999999,0.0,26.0,cloudy
1995-07-24,16.9,0.5,24.2,cloudy
1995-07-25,15.200000000000001,0.0,19.0,cloudy
1995-07-26,17.1,0.0,23.0,cloudy
1995-07-27,20.6,0.1,26.7,cloudy
1995-07-28,19.45,2.1,13.6,cloudy
1995-07-29,20.1,0.5,9.5,sunny
1995-07-30,22.25,0.0,12.7,sunny
1995-07-31,22.25,0.0,19.5,sunny
1995-08-01,21.4,0.0,23.9,cloudy
1995-08-02,20.85,0.0,23.0,cloudy
1995-08-03,20.1,0.0,31.0,cloudy
1995-08-04,19.3,0.0,21.3,cloudy
1995-08-05,20.0,0.0,13.5,partly_cloudy
1995-08-06,19.85,0.0,26.4,cloudy
1995-08-07,16.549999999999997,0.0,29.5,cloudy
1995-08-08,16.35,0.0,20.3,cloudy
1995-08-09,16.05,0.0,17.6,cloudy
1995-08-10,15.85,0.0,19.0,cloudy
1995-08-11,18.75,0.0,13.9,partly_cloudy
1995-08-12,22.2,0.0,14.9,sunny
1995-08-13,18.85,0.0,23.5,cloudy
1995-08-14,16.9,0.0,29.6,cloudy
1995-08-15,17.1,0.2,26.2,cloudy
1995-08-16,18.65,0.0,21.7,cloudy
1995-08-17,18.700000000000003,0.0,12.9,partly_cloudy
1995-08-18,19.950000000000003,0.0,16.1,cloudy
1995-08-19,20.049999999999997,0.0,18.5,sunny
1995-08-20,19.05,0.0,19.1,cloudy
1995-08-21,20.8,0.0,13.0,sunny
1995-08-22,21.45,0.0,11.3,sunny
1995-08-23,21.35,1.4,13.6,cloudy
1995-08-24,18.65,0.0,22.7,cloudy
1995-08-25,17.75,12.4,32.0,rainy
1995-08-26,15.600000000000001,0.7,36.9,cloudy
1995-08-27,13.15,4.7,27.0,cloudy
1995-08-28,14.35,0.5,29.0,cloudy
1995-08-29,14.399999999999999,0.0,28.7,cloudy
1995-08-30,13.399999999999999,0.0,23.6,cloudy
1995-08-31,13.8,0.0,26.0,cloudy
1995-09-01,15.0,1.5,28.1,cloudy
1995-09-02,14.95,0.1,13.0,partly_cloudy
1995-09-03,15.149999999999999,0.0,22.9,cloudy
1995-09-04,15.899999999999999,8.4,30.0,rainy
1995-09-05,15.2,3.2,30.1,cloudy
1995-09-06,14.9,3.3,17.7,cloudy
1995-09-07,15.899999999999999,0.9,28.0,cloudy
1995-09-08,17.2,1.4,28.6,cloudy
1995-09-09,15.95,6.8,29.3,rainy
1995-09-10,16.35,0.7,32.2,cloudy
1995-09-11,16.2,5.3,21.7,rainy
1995-09-12,15.45,0.1,22.0,cloudy
1995-09-13,15.55,7.7,23.0,rainy
1995-09-14,15.25,13.6,29.6,rainy
1995-09-15,15.149999999999999,0.5,21.0,cloudy
1995-09-16,14.45,0.1,12.3,partly_cloudy
1995-09-17,14.65,0.0,21.8,cloudy
1995-09-18,14.399999999999999,0.0,22.5,cloudy
1995-09-19,14.3,0.6,14.0,partly_cloudy
1995-09-20,13.0,0.0,23.3,cloudy
1995-09-21,13.0,0.0,21.8,cloudy
1995-09-22,14.05,0.0,20.6,cloudy
1995-09-23,13.95,0.0,21.0,cloudy
1995-09-24,13.8,1.3,34.8,cloudy
1995-09-25,12.8,1.1,40.7,cloudy
1995-09-26,13.0,18.0,43.5,rainy
1995-09-27,10.95,10.1,42.9,rainy
1995-09-28,9.35,7.3,52.8,stormy
1995-09-29,8.2,8.9,36.2,rainy
1995-09-30,7.5,5.5,32.8,rainy
1995-10-01,7.800000000000001,2.2,28.3,cloudy
1995-10-02,13.25,0.0,27.5,cloudy
1995-10-03,13.15,0.1,19.0,cloudy
1995-10-04,15.45,3.5,24.1,cloudy
1995-10-05,14.25,3.8,23.8,cloudy
1995-10-06,13.65,0.0,26.8,cloudy
1995-10-07,14.5,1.7,30.6,cloudy
1995-10-08,15.7,0.0,22.4,cloudy
1995-10-09,16.0,0.0,18.0,cloudy
1995-10-10,14.95,0.0,12.2,partly_cloudy
1995-10-11,13.75,0.0,14.6,partly_cloudy
1995-10-12,13.75,0.0,14.3,partly_cloudy
1995-10-13,14.649999999999999,0.0,13.5,partly_cloudy
1995-10-14,14.45,0.0,11.9,partly_cloudy
1995-10-15,13.9,0.0,12.3,partly_cloudy
1995-10-16,13.8,0.4,18.5,cloudy
1995-10-17,13.6,1.4,36.8,cloudy
1995-10-18,13.55,0.8,35.0,cloudy
1995-10-19,13.100000000000001,0.0,37.4,cloudy
1995-10-20,10.9,4.5,36.9,cloudy
1995-10-21,7.1499999999999995,0.4,31.7,cloudy
1995-10-22,7.199999999999999,0.0,26.3,cloudy
1995-10-23,8.75,0.0,20.9,cloudy
1995-10-24,12.55,0.0,28.2,cloudy
1995-10-25,12.5,1.3,31.3,cloudy
1995-10-26,11.9,3.2,28.8,cloudy
1995-10-27,12.45,2.5,32.6,cloudy
1995-10-28,9.45,0.3,28.1,cloudy
1995-10-29,7.9,0.0,9.4,partly_cloudy
1995-10-30,7.0,0.0,8.9,partly_cloudy
1995-10-31,10.1,6.0,36.1,rainy
1995-11-01,7.2,4.1,26.8,cloudy
1995-11-02,5.95,2.6,36.7,cloudy
1995-11-03,4.6499999999999995,1.3,43.6,cloudy
1995-11-04,1.65,0.0,32.3,cloudy
1995-11-05,3.4499999999999997,0.0,21.6,cloudy
1995-11-06,9.25,0.0,34.9,cloudy
1995-11-07,6.300000000000001,0.0,19.5,cloudy
1995-11-08,7.050000000000001,5.9,20.6,rainy
1995-11-09,8.95,5.6,22.7,rainy
1995-11-10,9.0,3.5,24.5,cloudy
1995-11-11,7.6,0.0,28.1,cloudy
1995-11-12,6.1,0.0,35.0,cloudy
1995-11-13,1.65,0.0,23.5,cloudy
1995-11-14,2.45,0.0,15.3,cloudy
1995-11-15,7.8,4.0,30.4,cloudy
1995-11-16,5.85,8.6,39.0,rainy
1995-11-17,1.25,0.3,36.4,cloudy
1995-11-18,2.4,0.7,28.4,cloudy
1995-11-19,3.2,4.2,34.2,cloudy
1995-11-20,1.8499999999999999,0.0,23.0,cloudy
1995-11-21,1.95,0.0,25.0,cloudy
1995-11-22,3.8000000000000003,0.0,23.7,cloudy
1995-11-23,7.85,0.0,31.8,cloudy
1995-11-24,8.4,0.0,31.3,cloudy
1995-11-25,6.1,0.0,23.5,cloudy
1995-11-26,4.55,0.0,16.5,cloudy
1995-11-27,4.800000000000001,0.0,15.0,cloudy
1995-11-28,3.4000000000000004,0.0,20.1,cloudy
1995-11-29,2.8499999999999996,0.0,22.5,cloudy
1995-11-30,0.35,0.0,22.3,cloudy
1995-12-01,-0.5499999999999999,0.0,21.1,cloudy
1995-12-02,-1.3,0.0,19.8,cloudy
1995-12-03,1.25,0.0,21.9,cloudy
1995-12-04,1.0,0.0,27.0,cloudy
1995-12-05,-0.3999999999999999,1.5,30.5,cloudy
1995-12-06,-1.2000000000000002,0.4,31.1,cloudy
1995-12-07,-2.2,0.1,27.9,cloudy
1995-12-08,-1.4,0.0,17.7,cloudy
1995-12-09,-1.15,0.0,10.8,partly_cloudy
1995-12-10,2.85,0.0,23.2,cloudy
1995-12-11,4.4,0.0,20.8,cloudy
1995-12-12,1.15,0.0,18.5,cloudy
1995-12-13,0.8,0.7,20.9,cloudy
1995-12-14,-0.6499999999999999,0.0,25.5,cloudy
1995-12-15,-0.7999999999999999,0.0,16.4,cloudy
1995-12-16,-2.5,0.0,18.4,cloudy
1995-12-17,-4.15,0.0,15.5,cloudy
1995-12-18,0.0,0.0,13.0,partly_cloudy
1995-12-19,1.15,0.2,18.4,cloudy
1995-12-20,-1.6,0.5,18.1,cloudy
1995-12-21,-2.8000000000000003,0.0,12.1,partly_cloudy
1995-12-22,-1.1,13.5,36.7,rainy
1995-12-23,2.05,2.8,31.4,cloudy
1995-12-24,-4.35,0.0,19.8,cloudy
1995-12-25,-3.75,1.8,22.9,cloudy
1995-12-26,-5.0,0.3,23.0,cloudy
1995-12-27,-4.85,1.1,24.8,cloudy
1995-12-28,-2.15,2.0,19.4,cloudy
1995-12-29,-5.6,0.0,13.2,partly_cloudy
1995-12-30,-7.35,0.0,28.2,cloudy
1995-12-31,-5.7,0.0,32.1,cloudy
1996-01-01,-4.550000000000001,0.0,29.9,cloudy
1996-01-02,-2.7,0.0,26.2,cloudy
1996-01-03,-3.55,0.0,14.6,partly_cloudy
1996-01-04,-5.8,0.0,23.4,cloudy
1996-01-05,-6.3,0.0,30.7,cloudy
1996-01-06,-3.2,0.0,33.3,cloudy
1996-01-07,-0.8,2.6,29.6,cloudy
1996-01-08,2.05,0.0,21.0,cloudy
1996-01-09,2.1,1.2,34.5,cloudy
1996-01-10,1.1500000000000001,4.8,19.7,cloudy
1996-01-11,1.05,1.1,23.3,cloudy
1996-01-12,2.7,0.5,21.7,cloudy
1996-01-13,3.95,0.0,20.3,cloudy
1996-01-14,1.4500000000000002,0.0,24.5,cloudy
1996-01-15,-0.1,0.0,21.5,cloudy
1996-01-16,-0.1,0.0,14.4,partly_cloudy
1996-01-17,-0.15,0.2,12.6,partly_cloudy
1996-01-18,-1.25,0.0,16.3,cloudy
1996-01-19,-0.6499999999999999,0.0,20.9,cloudy
1996-01-20,-0.8500000000000001,0.0,36.9,cloudy
1996-01-21,-2.3,0.0,32.7,cloudy
1996-01-22,-3.25,0.0,31.6,cloudy
1996-01-23,-4.55,0.0,34.6,cloudy
1996-01-24,-3.8,0.0,37.6,cloudy
1996-01-25,-3.8,0.3,35.9,cloudy
1996-01-26,-3.4,1.8,41.4,cloudy
1996-01-27,-3.05,0.8,33.8,cloudy
1996-01-28,-4.4,0.0,19.2,cloudy
1996-01-29,-3.5999999999999996,0.0,23.4,cloudy
1996-01-30,-2.0,0.0,27.1,cloudy
1996-01-31,-2.4,0.0,20.7,cloudy
1996-02-01,-4.1,0.0,17.7,cloudy
1996-02-02,-4.4,0.7,14.8,partly_cloudy
1996-02-03,-3.4,1.3,20.6,cloudy
1996-02-04,-2.75,0.0,18.4,cloudy
1996-02-05,-4.65,0.0,19.6,cloudy
1996-02-06,-6.65,0.0,28.2,cloudy
1996-02-07,-6.949999999999999,0.0,35.3,cloudy
1996-02-08,-7.25,0.0,28.0,cloudy
1996-02-09,-8.9,0.0,29.2,cloudy
1996-02-10,-7.25,1.0,31.6,cloudy
1996-02-11,-2.4,4.7,28.0,cloudy
1996-02-12,1.5,2.4,30.6,cloudy
1996-02-13,0.10000000000000003,2.4,35.4,cloudy
1996-02-14,-2.75,0.0,23.4,cloudy
1996-02-15,-0.8999999999999999,3.2,37.4,cloudy
1996-02-16,3.25,4.0,42.5,cloudy
1996-02-17,1.5,3.9,41.8,cloudy
1996-02-18,0.6,13.8,30.2,rainy
1996-02-19,-2.1999999999999997,3.2,44.6,cloudy
1996-02-20,-4.7,0.0,40.0,cloudy
1996-02-21,-5.85,0.0,28.5,cloudy
1996-02-22,-5.25,0.0,18.7,cloudy
1996-02-23,-3.1,0.0,20.0,cloudy
1996-02-24,-3.0,0.0,27.4,cloudy
1996-02-25,1.9999999999999998,3.7,31.5,cloudy
1996-02-26,2.6500000000000004,4.4,30.4,cloudy
1996-02-27,-0.5,0.0,9.5,partly_cloudy
1996-02-28,-1.9000000000000001,0.0,9.5,partly_cloudy
1996-02-29,-0.8500000000000001,0.2,29.3,cloudy
1996-03-01,0.8,0.0,30.3,cloudy
1996-03-02,0.30000000000000004,0.0,16.3,cloudy
1996-03-03,-1.7,0.0,9.9,partly_cloudy
1996-03-04,-1.0,1.7,25.7,cloudy
1996-03-05,-0.9,0.0,15.3,cloudy
1996-03-06,1.4000000000000001,0.0,25.2,cloudy
1996-03-07,1.3,0.0,27.0,cloudy
1996-03-08,0.050000000000000044,0.0,32.1,cloudy
1996-03-09,-0.40000000000000013,0.0,33.6,cloudy
1996-03-10,-0.3999999999999999,0.0,27.7,cloudy
1996-03-11,-1.3,0.1,31.1,cloudy
1996-03-12,-2.2,0.0,29.3,cloudy
1996-03-13,-1.9,0.3,30.8,cloudy
1996-03-14,-0.44999999999999996,0.1,26.6,cloudy
1996-03-15,0.75,0.0,32.8,cloudy
1996-03-16,0.95,0.0,35.4,cloudy
1996-03-17,0.65,0.0,29.5,cloudy
1996-03-18,0.35000000000000003,0.0,24.9,cloudy
1996-03-19,1.4499999999999997,0.0,15.9,cloudy
1996-03-20,2.1,0.0,16.2,cloudy
1996-03-21,0.85,0.0,27.8,cloudy
1996-03-22,1.65,0.0,23.9,cloudy
1996-03-23,2.9,3.3,20.7,cloudy
1996-03-24,2.45,0.3,16.7,cloudy
1996-03-25,2.45,0.0,16.6,cloudy
1996-03-26,0.9000000000000001,0.0,29.5,cloudy
1996-03-27,1.0,0.0,27.7,cloudy
1996-03-28,1.4500000000000002,3.0,37.2,cloudy
1996-03-29,1.8,0.9,25.7,cloudy
1996-03-30,0.8,0.7,27.4,cloudy
1996-03-31,0.3999999999999999,0.2,21.4,cloudy
1996-04-01,-0.20000000000000007,1.1,18.8,cloudy
1996-04-02,0.10000000000000009,0.3,12.3,partly_cloudy
1996-04-03,1.2000000000000002,0.0,13.9,partly_cloudy
1996-04-04,2.9000000000000004,0.0,14.8,partly_cloudy
1996-04-05,3.6,0.0,25.5,cloudy
1996-04-06,6.3,0.4,21.5,cloudy
1996-04-07,6.45,0.0,13.3,partly_cloudy
1996-04-08,4.15,0.0,17.7,cloudy
1996-04-09,4.9,0.0,12.2,partly_cloudy
1996-04-10,5.9,2.5,11.4,cloudy
1996-04-11,2.85,0.2,30.8,cloudy
1996-04-12,0.8,0.0,23.1,cloudy
1996-04-13,3.5500000000000003,0.0,17.3,cloudy
1996-04-14,3.8999999999999995,0.0,14.8,partly_cloudy
1996-04-15,3.8,0.0,10.8,partly_cloudy
1996-04-16,6.95,0.0,14.1,partly_cloudy
1996-04-17,10.1,0.0,21.9,cloudy
1996-04-18,7.85,0.0,18.0,cloudy
1996-04-19,9.75,0.0,17.2,cloudy
1996-04-20,12.450000000000001,0.0,15.3,cloudy
1996-04-21,14.05,0.0,17.4,cloudy
1996-04-22,14.8,0.0,13.6,partly_cloudy
1996-04-23,13.1,0.6,21.4,cloudy
1996-04-24,8.65,0.3,21.9,cloudy
1996-04-25,7.95,0.0,28.9,cloudy
1996-04-26,6.75,1.2,26.2,cloudy
1996-04-27,7.699999999999999,0.0,15.5,cloudy
1996-04-28,7.199999999999999,0.0,21.4,cloudy
1996-04-29,4.800000000000001,0.3,21.6,cloudy
1996-04-30,5.65,0.0,13.8,partly_cloudy
1996-05-01,9.15,0.0,20.4,cloudy
1996-05-02,8.4,2.8,26.3,cloudy
1996-05-03,7.300000000000001,0.0,20.9,cloudy
1996-05-04,6.6,0.3,32.3,cloudy
1996-05-05,5.7,1.5,35.5,cloudy
1996-05-06,5.8,0.0,23.8,cloudy
1996-05-07,5.35,0.0,18.4,cloudy
1996-05-08,6.5,0.0,15.6,cloudy
1996-05-09,8.35,0.0,27.0,cloudy
1996-05-10,7.05,2.2,32.4,cloudy
1996-05-11,7.199999999999999,0.6,13.2,partly_cloudy
1996-05-12,9.2,0.1,16.3,cloudy
1996-05-13,9.45,0.0,21.3,cloudy
1996-05-14,8.8,0.0,29.5,cloudy
1996-05-15,7.1,0.0,28.3,cloudy
1996-05-16,6.2,0.0,23.7,cloudy
1996-05-17,7.050000000000001,4.4,26.6,cloudy
1996-05-18,9.45,7.1,26.1,rainy
1996-05-19,10.85,11.1,26.3,rainy
1996-05-20,8.5,6.8,20.3,rainy
1996-05-21,8.5,0.0,15.5,cloudy
1996-05-22,8.55,0.2,16.9,cloudy
1996-05-23,10.15,2.7,21.3,cloudy
1996-05-24,10.649999999999999,6.9,31.3,rainy
1996-05-25,10.25,2.3,20.5,cloudy
1996-05-26,10.15,0.1,25.2,cloudy
1996-05-27,9.15,5.2,31.4,rainy
1996-05-28,8.149999999999999,0.0,41.6,cloudy
1996-05-29,9.5,5.6,33.0,rainy
1996-05-30,12.649999999999999,1.2,18.4,cloudy
1996-05-31,13.850000000000001,0.0,25.7,cloudy
1996-06-01,10.95,0.0,22.7,cloudy
1996-06-02,10.95,0.0,11.2,partly_cloudy
1996-06-03,12.1,0.4,11.3,partly_cloudy
1996-06-04,11.9,0.0,20.7,cloudy
1996-06-05,13.95,0.0,16.3,cloudy
1996-06-06,17.700000000000003,0.0,16.7,cloudy
1996-06-07,19.2,0.0,14.5,partly_cloudy
1996-06-08,19.75,0.3,20.4,cloudy
1996-06-09,15.4,0.8,14.9,partly_cloudy
1996-06-10,15.55,0.0,15.6,cloudy
1996-06-11,16.85,1.5,18.9,cloudy
1996-06-12,12.85,0.0,34.3,cloudy
1996-06-13,11.85,0.0,36.6,cloudy
1996-06-14,11.05,0.0,33.1,cloudy
1996-06-15,11.25,0.0,27.7,cloudy
1996-06-16,11.6,0.0,23.0,cloudy
1996-06-17,12.5,0.0,25.4,cloudy
1996-06-18,11.35,2.6,40.4,cloudy
1996-06-19,10.55,1.4,39.7,cloudy
1996-06-20,9.75,0.9,31.1,cloudy
1996-06-21,10.350000000000001,3.4,29.3,cloudy
1996-06-22,11.0,0.2,23.3,cloudy
1996-06-23,10.75,0.0,26.0,cloudy
1996-06-24,12.25,0.1,22.9,cloudy
1996-06-25,11.3,0.0,16.2,cloudy
1996-06-26,11.8,0.0,16.0,cloudy
1996-06-27,11.850000000000001,0.0,31.2,cloudy
1996-06-28,12.850000000000001,2.9,28.5,cloudy
1996-06-29,12.95,5.7,26.2,rainy
1996-06-30,11.9,1.0,28.1,cloudy
1996-07-01,12.5,2.6,29.2,cloudy
1996-07-02,11.95,2.9,25.2,cloudy
1996-07-03,13.55,2.9,29.2,cloudy
1996-07-04,14.95,11.8,32.2,rainy
1996-07-05,13.55,1.6,32.6,cloudy
1996-07-06,12.7,0.1,18.9,cloudy
1996-07-07,12.649999999999999,2.2,20.8,cloudy
1996-07-08,12.3,0.4,27.0,cloudy
1996-07-09,12.3,0.2,36.2,cloudy
1996-07-10,12.7,0.0,34.6,cloudy
1996-07-11,15.45,0.0,26.2,cloudy
1996-07-12,13.5,0.2,19.6,cloudy
1996-07-13,14.399999999999999,0.2,28.6,cloudy
1996-07-14,14.5,1.2,26.0,cloudy
1996-07-15,13.2,0.6,36.2,cloudy
1996-07-16,13.7,0.0,35.7,cloudy
1996-07-17,12.5,0.0,35.1,cloudy
1996-07-18,14.85,0.4,29.2,cloudy
1996-07-19,13.9,0.0,15.0,cloudy
1996-07-20,14.9,0.0,11.2,partly_cloudy
1996-07-21,16.85,0.0,10.1,partly_cloudy
1996-07-22,18.05,0.0,13.7,partly_cloudy
1996-07-23,20.1,0.1,22.4,cloudy
1996-07-24,16.35,8.0,22.7,rainy
1996-07-25,16.85,1.0,28.2,cloudy
1996-07-26,15.3,0.0,23.4,cloudy
1996-07-27,14.4,5.9,20.6,rainy
1996-07-28,13.850000000000001,0.0,15.0,cloudy
1996-07-29,15.100000000000001,1.2,17.9,cloudy
1996-07-30,14.9,1.1,24.6,cloudy
1996-07-31,15.5,1.2,24.3,cloudy
1996-08-01,16.3,2.2,22.2,cloudy
1996-08-02,14.75,1.2,23.1,cloudy
1996-08-03,14.5,0.2,21.9,cloudy
1996-08-04,13.9,0.0,13.0,partly_cloudy
1996-08-05,16.25,0.0,24.2,cloudy
1996-08-06,17.700000000000003,0.0,28.2,cloudy
1996-08-07,15.95,7.0,27.0,rainy
1996-08-08,15.8,0.0,13.0,partly_cloudy
1996-08-09,18.8,0.0,22.6,cloudy
1996-08-10,21.05,0.0,28.5,cloudy
1996-08-11,19.75,6.5,23.2,rainy
1996-08-12,19.0,2.0,24.1,cloudy
1996-08-13,19.95,0.2,29.2,cloudy
1996-08-14,17.85,0.4,19.3,cloudy
1996-08-15,18.55,0.2,21.2,cloudy
1996-08-16,17.85,0.0,21.7,cloudy
1996-08-17,17.2,0.0,13.7,partly_cloudy
1996-08-18,18.4,0.1,16.3,cloudy
1996-08-19,21.299999999999997,0.0,18.9,sunny
1996-08-20,22.9,0.0,21.4,cloudy
1996-08-21,22.950000000000003,0.0,19.9,sunny
1996-08-22,21.2,0.0,13.0,sunny
1996-08-23,20.6,3.1,13.4,cloudy
1996-08-24,19.1,2.1,15.6,cloudy
1996-08-25,17.25,1.2,30.2,cloudy
1996-08-26,16.450000000000003,1.6,15.0,cloudy
1996-08-27,16.3,0.5,13.2,partly_cloudy
1996-08-28,17.8,19.4,34.9,rainy
1996-08-29,15.95,4.4,31.9,cloudy
1996-08-30,15.05,5.5,28.8,rainy
1996-08-31,14.6,4.8,32.4,cloudy
1996-09-01,14.1,0.3,24.4,cloudy
1996-09-02,14.45,0.0,10.4,partly_cloudy
1996-09-03,13.8,0.1,17.4,cloudy
1996-09-04,16.75,0.0,18.1,cloudy
1996-09-05,14.8,0.0,19.6,cloudy
1996-09-06,12.85,0.7,21.7,cloudy
1996-09-07,12.65,0.2,24.1,cloudy
1996-09-08,13.65,0.7,19.9,cloudy
1996-09-09,14.1,0.0,18.4,cloudy
1996-09-10,13.7,0.5,36.7,cloudy
1996-09-11,10.399999999999999,4.5,27.9,cloudy
1996-09-12,11.2,9.5,33.7,rainy
1996-09-13,12.15,0.5,29.3,cloudy
1996-09-14,11.65,0.6,18.0,cloudy
1996-09-15,11.65,0.0,15.5,cloudy
1996-09-16,11.8,0.0,12.6,partly_cloudy
1996-09-17,10.9,0.0,24.2,cloudy
1996-09-18,12.05,0.6,24.3,cloudy
1996-09-19,11.2,0.0,30.1,cloudy
1996-09-20,11.5,0.0,35.4,cloudy
1996-09-21,11.35,0.2,30.4,cloudy
1996-09-22,10.75,0.0,29.4,cloudy
1996-09-23,11.25,0.0,25.6,cloudy
1996-09-24,12.0,0.2,15.1,cloudy
1996-09-25,10.25,0.0,13.6,partly_cloudy
1996-09-26,11.899999999999999,0.0,23.8,cloudy
1996-09-27,13.0,9.6,26.0,rainy
1996-09-28,12.95,1.9,26.2,cloudy
1996-09-29,13.75,34.1,45.4,rainy
1996-09-30,13.8,3.3,37.5,cloudy
1996-10-01,10.75,5.7,17.1,rainy
1996-10-02,10.5,0.5,22.5,cloudy
1996-10-03,11.4,0.2,41.5,cloudy
1996-10-04,11.45,5.5,42.7,rainy
1996-10-05,9.75,7.7,26.8,rainy
1996-10-06,10.05,0.1,17.2,cloudy
1996-10-07,11.9,0.0,23.0,cloudy
1996-10-08,12.0,0.4,16.1,cloudy
1996-10-09,11.8,1.6,20.8,cloudy
1996-10-10,9.95,0.1,18.6,cloudy
1996-10-11,9.0,0.5,22.9,cloudy
1996-10-12,11.25,0.2,25.6,cloudy
1996-10-13,11.75,0.0,16.7,cloudy
1996-10-14,12.649999999999999,0.0,19.4,cloudy
1996-10-15,12.3,0.3,20.3,cloudy
1996-10-16,12.0,10.6,10.8,rainy
1996-10-17,10.85,0.0,16.8,cloudy
1996-10-18,10.8,0.0,22.0,cloudy
1996-10-19,10.8,2.3,29.7,cloudy
1996-10-20,10.15,0.1,24.9,cloudy
1996-10-21,10.399999999999999,8.0,36.6,rainy
1996-10-22,10.5,0.0,35.2,cloudy
1996-10-23,8.0,0.0,18.6,cloudy
1996-10-24,8.55,0.0,30.4,cloudy
1996-10-25,8.15,0.0,30.7,cloudy
1996-10-26,9.85,0.7,25.3,cloudy
1996-10-27,10.5,10.2,44.4,rainy
1996-10-28,12.4,3.2,39.0,cloudy
1996-10-29,10.45,14.4,62.4,stormy
1996-10-30,9.399999999999999,1.6,54.7,stormy
1996-10-31,9.75,5.2,35.2,rainy
1996-11-01,10.45,0.6,34.0,cloudy
1996-11-02,12.6,6.1,40.7,rainy
1996-11-03,13.2,3.6,44.0,cloudy
1996-11-04,12.25,8.2,40.0,rainy
1996-11-05,9.95,7.2,51.7,stormy
1996-11-06,10.3,8.4,62.0,stormy
1996-11-07,7.7,3.0,44.5,cloudy
1996-11-08,6.75,3.5,26.1,cloudy
1996-11-09,6.5,5.3,39.2,rainy
1996-11-10,4.25,2.1,31.5,cloudy
1996-11-11,6.65,7.8,28.0,rainy
1996-11-12,8.4,6.1,27.9,rainy
1996-11-13,4.4,1.4,29.6,cloudy
1996-11-14,2.6999999999999997,0.0,14.5,partly_cloudy
1996-11-15,2.0,0.0,12.6,partly_cloudy
1996-11-16,2.0999999999999996,0.0,18.8,cloudy
1996-11-17,3.45,1.7,22.8,cloudy
1996-11-18,4.8,1.2,22.1,cloudy
1996-11-19,4.15,2.7,21.4,cloudy
1996-11-20,4.05,1.8,27.8,cloudy
1996-11-21,5.0,3.9,43.6,cloudy
1996-11-22,5.1,5.0,38.1,cloudy
1996-11-23,3.35,6.3,29.5,rainy
1996-11-24,2.8,0.8,25.8,cloudy
1996-11-25,1.7,7.2,32.9,rainy
1996-11-26,2.05,4.8,28.7,cloudy
1996-11-27,2.7,0.1,25.0,cloudy
1996-11-28,0.55,0.0,23.5,cloudy
1996-11-29,1.15,6.9,34.9,rainy
1996-11-30,2.6,1.1,29.9,cloudy
1996-12-01,2.65,3.4,37.8,cloudy
1996-12-02,5.95,1.2,25.5,cloudy
1996-12-03,5.05,6.3,39.3,rainy
1996-12-04,5.95,2.2,38.2,cloudy
1996-12-05,4.9,0.3,27.9,cloudy
1996-12-06,4.4,0.4,8.5,partly_cloudy
1996-12-07,3.65,0.1,17.4,cloudy
1996-12-08,1.0999999999999999,0.0,15.3,cloudy
1996-12-09,-0.7999999999999999,0.0,15.7,cloudy
1996-12-10,0.25,0.1,15.9,cloudy
1996-12-11,0.35,0.2,12.8,partly_cloudy
1996-12-12,1.9999999999999998,0.6,23.7,cloudy
1996-12-13,1.35,0.9,22.2,cloudy
1996-12-14,1.95,3.9,42.3,cloudy
1996-12-15,2.25,4.2,45.0,cloudy
1996-12-16,0.8500000000000001,0.1,18.1,cloudy
1996-12-17,4.0,0.2,16.6,cloudy
1996-12-18,3.6,2.7,17.0,cloudy
1996-12-19,1.1,0.4,29.7,cloudy
1996-12-20,-2.15,0.0,29.8,cloudy
1996-12-21,-2.7,0.0,18.5,cloudy
1996-12-22,-0.3,0.0,15.1,cloudy
1996-12-23,-3.3,0.0,23.4,cloudy
1996-12-24,-2.95,0.0,18.6,cloudy
1996-12-25,-3.85,0.0,21.1,cloudy
1996-12-26,-6.25,0.0,22.4,cloudy
1996-12-27,-4.9,0.0,26.2,cloudy
1996-12-28,-6.550000000000001,0.0,14.7,partly_cloudy
1996-12-29,0.04999999999999993,0.4,26.6,cloudy
1996-12-30,-1.5999999999999999,0.9,38.0,cloudy
1996-12-31,-4.45,1.9,31.1,cloudy
1997-01-01,-7.25,0.0,19.0,cloudy
1997-01-02,-6.3500000000000005,0.0,20.6,cloudy
1997-01-03,-5.3,0.0,29.8,cloudy
1997-01-04,-5.15,0.0,26.3,cloudy
1997-01-05,-6.4,0.0,14.5,partly_cloudy
1997-01-06,-6.35,0.0,6.9,partly_cloudy
1997-01-07,-3.6999999999999997,0.0,18.1,cloudy
1997-01-08,-3.0,0.0,19.2,cloudy
1997-01-09,-3.2,0.1,16.1,cloudy
1997-01-10,-3.7,0.0,14.4,partly_cloudy
1997-01-11,-4.0,0.0,16.7,cloudy
1997-01-12,-1.7999999999999998,0.0,29.6,cloudy
1997-01-13,2.7,0.0,32.6,cloudy
1997-01-14,2.7,0.0,22.3,cloudy
1997-01-15,0.9000000000000001,0.0,19.1,cloudy
1997-01-16,-1.8,0.0,11.6,partly_cloudy
1997-01-17,-1.05,0.0,16.7,cloudy
1997-01-18,1.7,0.0,23.4,cloudy
1997-01-19,1.5,0.1,15.8,cloudy
1997-01-20,1.2,0.0,8.5,partly_cloudy
1997-01-21,0.04999999999999999,0.0,18.0,cloudy
1997-01-22,1.7500000000000002,0.2,24.7,cloudy
1997-01-23,2.65,0.1,24.5,cloudy
1997-01-24,0.6,0.0,16.3,cloudy
1997-01-25,0.9000000000000001,0.0,14.3,partly_cloudy
1997-01-26,-0.8999999999999999,0.0,14.7,partly_cloudy
1997-01-27,-1.7,0.0,19.1,cloudy
1997-01-28,2.8,0.0,27.6,cloudy
1997-01-29,2.8,0.0,24.7,cloudy
1997-01-30,3.2,0.0,31.9,cloudy
1997-01-31,0.8999999999999999,0.0,32.6,cloudy
1997-02-01,-1.0,0.0,12.2,partly_cloudy
1997-02-02,-1.0,0.0,22.0,cloudy
1997-02-03,1.5,0.2,31.1,cloudy
1997-02-04,2.8499999999999996,12.0,44.9,rainy
1997-02-05,2.65,0.0,34.1,cloudy
1997-02-06,3.5500000000000003,0.0,36.2,cloudy
1997-02-07,4.05,2.5,37.8,cloudy
1997-02-08,3.35,0.0,32.8,cloudy
1997-02-09,3.8000000000000003,0.6,36.5,cloudy
1997-02-10,5.0,5.3,43.1,rainy
1997-02-11,4.35,1.9,47.6,cloudy
1997-02-12,4.55,8.0,32.8,rainy
1997-02-13,5.1,4.1,38.2,cloudy
1997-02-14,2.2,6.6,46.5,rainy
1997-02-15,0.19999999999999996,0.0,10.2,partly_cloudy
1997-02-16,-0.9000000000000001,0.0,28.0,cloudy
1997-02-17,1.75,0.4,32.2,cloudy
1997-02-18,4.9,18.3,39.9,rainy
1997-02-19,4.25,0.5,45.0,cloudy
1997-02-20,4.85,6.0,49.2,rainy
1997-02-21,5.8,2.7,48.8,cloudy
1997-02-22,5.2,0.0,33.5,cloudy
1997-02-23,6.95,0.0,33.7,cloudy
1997-02-24,6.8,3.6,42.1,cloudy
1997-02-25,6.8,7.6,58.2,stormy
1997-02-26,3.5999999999999996,1.3,29.6,cloudy
1997-02-27,3.65,0.0,24.9,cloudy
1997-02-28,5.800000000000001,1.4,34.7,cloudy
1997-03-01,5.699999999999999,0.0,39.6,cloudy
1997-03-02,7.2,2.0,48.4,cloudy
1997-03-03,4.800000000000001,0.0,44.3,cloudy
1997-03-04,3.3000000000000003,0.0,20.2,cloudy
1997-03-05,4.3,0.0,21.7,cloudy
1997-03-06,4.05,1.2,25.7,cloudy
1997-03-07,4.05,0.0,20.5,cloudy
1997-03-08,4.55,0.0,21.3,cloudy
1997-03-09,3.8,0.0,10.0,partly_cloudy
1997-03-10,5.85,0.0,14.2,partly_cloudy
1997-03-11,3.85,0.0,16.0,cloudy
1997-03-12,4.45,0.0,17.6,cloudy
1997-03-13,5.65,0.0,30.3,cloudy
1997-03-14,6.0,0.8,29.0,cloudy
1997-03-15,4.6,1.5,24.5,cloudy
1997-03-16,1.8499999999999999,1.8,24.1,cloudy
1997-03-17,1.95,0.1,13.1,partly_cloudy
1997-03-18,1.0,7.5,31.9,rainy
1997-03-19,-0.09999999999999998,4.4,31.1,cloudy
1997-03-20,-0.5,0.6,21.6,cloudy
1997-03-21,2.65,1.3,22.3,cloudy
1997-03-22,3.1999999999999997,0.0,22.2,cloudy
1997-03-23,1.7,5.4,31.7,rainy
1997-03-24,3.2,0.0,22.2,cloudy
1997-03-25,3.7,0.0,22.9,cloudy
1997-03-26,5.9,4.0,45.1,cloudy
1997-03-27,6.9,2.5,41.8,cloudy
1997-03-28,4.5,12.2,45.1,rainy
1997-03-29,5.1,0.0,46.2,cloudy
1997-03-30,6.0,0.0,26.8,cloudy
1997-03-31,6.800000000000001,0.0,28.3,cloudy
1997-04-01,7.15,0.0,27.0,cloudy
1997-04-02,7.35,0.0,23.7,cloudy
1997-04-03,5.8,4.2,41.2,cloudy
1997-04-04,4.45,0.3,45.4,cloudy
1997-04-05,4.55,5.0,41.8,cloudy
1997-04-06,2.65,0.0,34.8,cloudy
1997-04-07,2.85,0.0,12.6,partly_cloudy
1997-04-08,5.25,0.0,18.9,cloudy
1997-04-09,7.85,0.0,19.0,cloudy
1997-04-10,6.55,0.0,40.9,cloudy
1997-04-11,5.55,0.6,55.0,stormy
1997-04-12,4.9,0.0,22.0,cloudy
1997-04-13,4.05,1.3,31.2,cloudy
1997-04-14,5.75,0.1,46.2,cloudy
1997-04-15,5.05,0.0,35.7,cloudy
1997-04-16,4.35,0.0,16.9,cloudy
1997-04-17,4.55,0.0,23.0,cloudy
1997-04-18,6.05,0.2,30.4,cloudy
1997-04-19,3.15,1.7,18.5,cloudy
1997-04-20,3.4,0.0,22.0,cloudy
1997-04-21,3.55,1.8,34.1,cloudy
1997-04-22,4.0,0.0,28.7,cloudy
1997-04-23,5.199999999999999,0.5,33.8,cloudy
1997-04-24,7.5,11.6,43.5,rainy
1997-04-25,5.35,0.0,30.7,cloudy
1997-04-26,6.0,0.0,20.6,cloudy
1997-04-27,8.4,0.0,20.1,cloudy
1997-04-28,9.2,6.1,24.8,rainy
1997-04-29,9.2,0.3,25.7,cloudy
1997-04-30,9.1,0.0,26.2,cloudy
1997-05-01,9.4,0.0,20.1,cloudy
1997-05-02,10.45,0.0,25.9,cloudy
1997-05-03,6.8500000000000005,0.0,24.1,cloudy
1997-05-04,8.45,7.7,34.4,rainy
1997-05-05,10.8,0.7,31.4,cloudy
1997-05-06,7.300000000000001,4.0,28.4,cloudy
1997-05-07,5.5,0.5,26.6,cloudy
1997-05-08,7.05,2.5,23.9,cloudy
1997-05-09,8.4,0.9,24.4,cloudy
1997-05-10,9.1,0.6,28.9,cloudy
1997-05-11,12.100000000000001,8.0,25.9,rainy
1997-05-12,11.3,2.0,24.6,cloudy
1997-05-13,12.25,0.0,14.8,partly_cloudy
1997-05-14,11.85,8.7,15.6,rainy
1997-05-15,12.6,0.4,16.7,cloudy
1997-05-16,13.7,0.0,23.9,cloudy
1997-05-17,15.100000000000001,0.0,25.9,cloudy
1997-05-18,15.350000000000001,3.1,19.8,cloudy
1997-05-19,12.0,5.9,14.1,rainy
1997-05-20,11.5,0.8,20.2,cloudy
1997-05-21,8.2,0.3,24.4,cloudy
1997-05-22,8.15,1.8,20.0,cloudy
1997-05-23,8.15,7.3,17.4,rainy
1997-05-24,8.9,0.3,13.4,partly_cloudy
1997-05-25,8.600000000000001,0.0,15.7,cloudy
1997-05-26,8.5,5.5,29.7,rainy
1997-05-27,10.0,0.3,36.9,cloudy
1997-05-28,10.5,0.0,22.5,cloudy
1997-05-29,10.1,0.0,35.7,cloudy
1997-05-30,11.1,0.0,16.2,cloudy
1997-05-31,11.9,0.0,13.0,partly_cloudy
1997-06-01,12.1,0.0,25.4,cloudy
1997-06-02,13.899999999999999,0.0,14.7,partly_cloudy
1997-06-03,13.45,0.0,18.5,cloudy
1997-06-04,10.6,0.0,17.3,cloudy
1997-06-05,13.7,0.0,21.3,cloudy
1997-06-06,18.1,0.0,25.4,cloudy
1997-06-07,19.7,0.0,30.7,cloudy
1997-06-08,19.15,0.6,25.6,cloudy
1997-06-09,14.850000000000001,2.1,20.3,cloudy
1997-06-10,14.8,0.0,14.4,partly_cloudy
1997-06-11,16.3,0.0,26.1,cloudy
1997-06-12,17.3,0.5,25.4,cloudy
1997-06-13,16.0,0.7,9.7,partly_cloudy
1997-06-14,15.1,1.8,18.8,cloudy
1997-06-15,13.0,1.6,30.8,cloudy
1997-06-16,11.7,0.1,33.7,cloudy
1997-06-17,11.899999999999999,0.0,30.6,cloudy
1997-06-18,11.649999999999999,0.0,27.1,cloudy
1997-06-19,12.75,0.0,16.2,cloudy
1997-06-20,14.95,4.6,19.5,cloudy
1997-06-21,14.0,11.1,25.6,rainy
1997-06-22,13.3,3.7,20.9,cloudy
1997-06-23,13.6,6.6,21.3,rainy
1997-06-24,12.399999999999999,0.1,37.4,cloudy
1997-06-25,12.850000000000001,0.0,26.9,cloudy
1997-06-26,13.15,4.7,30.7,cloudy
1997-06-27,16.3,15.8,25.6,rainy
1997-06-28,16.75,2.4,18.1,cloudy
1997-06-29,17.35,1.0,29.3,cloudy
1997-06-30,16.55,0.7,27.0,cloudy
1997-07-01,15.149999999999999,0.0,16.4,cloudy
1997-07-02,16.15,0.3,15.9,cloudy
1997-07-03,17.0,1.6,20.4,cloudy
1997-07-04,15.899999999999999,4.2,15.0,cloudy
1997-07-05,15.25,0.0,23.8,cloudy
1997-07-06,14.5,0.0,24.5,cloudy
1997-07-07,16.95,0.0,25.1,cloudy
1997-07-08,15.600000000000001,0.0,29.3,cloudy
1997-07-09,17.1,0.0,20.6,cloudy
1997-07-10,17.55,0.0,15.3,cloudy
1997-07-11,18.2,0.0,12.4,partly_cloudy
1997-07-12,18.200000000000003,0.0,13.0,partly_cloudy
1997-07-13,19.5,0.0,20.6,cloudy
1997-07-14,18.4,3.9,20.1,cloudy
1997-07-15,18.05,8.3,12.8,rainy
1997-07-16,16.95,0.1,12.2,partly_cloudy
1997-07-17,16.0,25.5,12.1,rainy
1997-07-18,17.75,9.4,25.5,rainy
1997-07-19,17.0,2.1,21.3,cloudy
1997-07-20,18.6,0.0,21.4,cloudy
1997-07-21,19.25,2.1,17.6,cloudy
1997-07-22,20.2,0.0,12.7,sunny
1997-07-23,19.2,2.6,13.1,cloudy
1997-07-24,18.549999999999997,1.9,15.7,cloudy
1997-07-25,18.2,7.5,11.6,rainy
1997-07-26,17.0,3.4,26.4,cloudy
1997-07-27,16.55,10.3,36.7,rainy
1997-07-28,16.55,1.4,30.3,cloudy
1997-07-29,16.4,0.4,18.9,cloudy
1997-07-30,18.05,4.0,21.9,cloudy
1997-07-31,15.600000000000001,6.8,24.6,rainy
1997-08-01,16.6,1.3,15.9,cloudy
1997-08-02,16.8,0.2,10.9,partly_cloudy
1997-08-03,17.85,0.0,17.9,cloudy
1997-08-04,16.5,0.0,20.9,cloudy
1997-08-05,18.65,0.0,17.9,cloudy
1997-08-06,19.75,0.0,20.5,cloudy
1997-08-07,20.25,0.0,15.9,sunny
1997-08-08,20.85,0.0,18.8,sunny
1997-08-09,21.8,0.0,14.8,sunny
1997-08-10,22.35,0.0,15.0,sunny
1997-08-11,23.4,0.0,19.1,sunny
1997-08-12,23.45,0.0,18.4,sunny
1997-08-13,23.05,0.0,13.4,sunny
1997-08-14,21.7,0.0,16.6,sunny
1997-08-15,20.5,0.0,22.9,cloudy
1997-08-16,19.700000000000003,0.1,13.2,partly_cloudy
1997-08-17,20.65,0.8,12.3,sunny
1997-08-18,22.3,0.1,11.2,sunny
1997-08-19,20.950000000000003,0.0,12.8,sunny
1997-08-20,22.7,0.1,18.8,sunny
1997-08-21,23.0,0.0,18.8,sunny
1997-08-22,19.35,1.8,21.6,cloudy
1997-08-23,19.25,0.6,13.7,partly_cloudy
1997-08-24,23.15,5.1,16.3,rainy
1997-08-25,23.15,0.6,18.3,sunny
1997-08-26,20.15,1.4,18.7,cloudy
1997-08-27,19.9,5.3,15.5,rainy
1997-08-28,20.25,26.1,24.9,rainy
1997-08-29,17.299999999999997,10.7,24.3,rainy
1997-08-30,17.85,1.4,16.5,cloudy
1997-08-31,18.6,0.5,21.6,cloudy
1997-09-01,19.549999999999997,0.5,20.9,cloudy
1997-09-02,16.5,9.0,25.0,rainy
1997-09-03,17.450000000000003,0.0,12.4,partly_cloudy
1997-09-04,18.25,2.7,21.1,cloudy
1997-09-05,17.35,0.8,15.1,cloudy
1997-09-06,15.75,2.1,31.3,cloudy
1997-09-07,15.65,5.8,27.3,rainy
1997-09-08,16.4,3.0,41.5,cloudy
1997-09-09,14.1,1.3,50.1,stormy
1997-09-10,13.850000000000001,0.6,39.7,cloudy
1997-09-11,14.95,0.0,25.0,cloudy
1997-09-12,15.5,4.9,39.2,cloudy
1997-09-13,12.05,5.2,35.9,rainy
1997-09-14,11.649999999999999,6.8,28.5,rainy
1997-09-15,14.05,2.5,37.5,cloudy
1997-09-16,16.0,0.2,31.5,cloudy
1997-09-17,13.25,0.1,32.4,cloudy
1997-09-18,12.0,0.0,14.7,partly_cloudy
1997-09-19,10.65,0.0,24.8,cloudy
1997-09-20,11.1,0.0,23.8,cloudy
1997-09-21,11.45,0.0,20.3,cloudy
1997-09-22,13.0,0.0,22.1,cloudy
1997-09-23,12.600000000000001,0.0,30.8,cloudy
1997-09-24,12.299999999999999,0.0,10.9,partly_cloudy
1997-09-25,12.399999999999999,0.0,9.2,partly_cloudy
1997-09-26,12.399999999999999,0.0,17.5,cloudy
1997-09-27,11.2,0.0,9.5,partly_cloudy
1997-09-28,10.899999999999999,0.0,9.9,partly_cloudy
1997-09-29,12.55,0.1,19.8,cloudy
1997-09-30,13.05,0.0,24.2,cloudy
1997-10-01,11.55,1.9,40.5,cloudy
1997-10-02,11.1,0.0,52.2,stormy
1997-10-03,11.8,0.8,27.1,cloudy
1997-10-04,14.600000000000001,1.4,41.0,cloudy
1997-10-05,14.7,0.9,41.4,cloudy
1997-10-06,13.399999999999999,0.2,19.8,cloudy
1997-10-07,14.1,7.0,39.2,rainy
1997-10-08,13.5,13.5,32.4,rainy
1997-10-09,15.049999999999999,13.9,46.8,rainy
1997-10-10,12.95,18.6,61.1,stormy
1997-10-11,10.05,5.3,50.4,stormy
1997-10-12,9.25,0.0,38.4,cloudy
1997-10-13,8.6,5.9,31.4,rainy
1997-10-14,8.0,1.2,21.0,cloudy
1997-10-15,6.3,0.0,16.4,cloudy
1997-10-16,4.4,0.0,17.7,cloudy
1997-10-17,9.3,3.3,23.7,cloudy
1997-10-18,12.600000000000001,0.0,24.3,cloudy
1997-10-19,11.850000000000001,0.0,19.3,cloudy
1997-10-20,5.8,0.0,22.4,cloudy
1997-10-21,4.7,0.0,13.7,partly_cloudy
1997-10-22,8.7,0.3,26.3,cloudy
1997-10-23,7.0,0.3,37.9,cloudy
1997-10-24,5.1,0.5,31.5,cloudy
1997-10-25,5.9,4.2,45.6,cloudy
1997-10-26,2.8000000000000003,0.0,18.7,cloudy
1997-10-27,1.9,0.0,10.1,partly_cloudy
1997-10-28,3.3000000000000003,0.2,24.6,cloudy
1997-10-29,8.3,0.0,25.4,cloudy
1997-10-30,5.15,0.0,13.4,partly_cloudy
1997-10-31,4.949999999999999,0.0,10.8,partly_cloudy
1997-11-01,6.0,0.0,21.9,cloudy
1997-11-02,8.399999999999999,0.4,23.3,cloudy
1997-11-03,4.3,0.0,26.2,cloudy
1997-11-04,2.35,0.0,32.1,cloudy
1997-11-05,4.0,1.7,29.2,cloudy
1997-11-06,8.0,1.9,18.0,cloudy
1997-11-07,10.2,5.0,43.0,cloudy
1997-11-08,9.45,0.5,31.9,cloudy
1997-11-09,8.6,2.0,29.3,cloudy
1997-11-10,7.949999999999999,0.2,29.1,cloudy
1997-11-11,8.4,2.5,29.5,cloudy
1997-11-12,6.5,0.1,18.0,cloudy
1997-11-13,7.050000000000001,0.6,15.8,cloudy
1997-11-14,6.55,1.4,24.1,cloudy
1997-11-15,7.6499999999999995,6.6,31.3,rainy
1997-11-16,5.7,0.0,26.7,cloudy
1997-11-17,5.15,0.0,27.4,cloudy
1997-11-18,3.75,0.0,32.5,cloudy
1997-11-19,0.5,0.0,34.4,cloudy
1997-11-20,0.9,0.0,34.8,cloudy
1997-11-21,1.85,0.0,30.4,cloudy
1997-11-22,2.65,0.0,17.0,cloudy
1997-11-23,3.35,0.3,12.6,partly_cloudy
1997-11-24,1.65,0.0,17.6,cloudy
1997-11-25,0.35000000000000003,0.0,25.9,cloudy
1997-11-26,1.9,0.0,30.6,cloudy
1997-11-27,1.25,0.0,27.6,cloudy
1997-11-28,0.9500000000000001,0.1,26.9,cloudy
1997-11-29,3.8000000000000003,3.5,23.9,cloudy
1997-11-30,4.8,2.4,23.4,cloudy
1997-12-01,3.25,0.0,17.5,cloudy
1997-12-02,-0.5999999999999999,0.0,15.1,cloudy
1997-12-03,0.5,0.0,22.4,cloudy
1997-12-04,-0.10000000000000009,0.1,19.5,cloudy
1997-12-05,3.5,0.5,27.3,cloudy
1997-12-06,6.25,7.7,39.6,rainy
1997-12-07,5.7,0.9,23.7,cloudy
1997-12-08,4.35,0.3,28.6,cloudy
1997-12-09,6.85,2.2,29.9,cloudy
1997-12-10,8.0,16.2,35.2,rainy
1997-12-11,7.7,4.3,36.2,cloudy
1997-12-12,5.75,0.9,24.2,cloudy
1997-12-13,5.6,1.1,22.9,cloudy
1997-12-14,3.65,0.0,31.5,cloudy
1997-12-15,1.7999999999999998,0.0,29.6,cloudy
1997-12-16,-1.8499999999999999,0.0,34.2,cloudy
1997-12-17,-4.35,0.0,39.5,cloudy
1997-12-18,-3.0,0.0,32.8,cloudy
1997-12-19,-1.0,0.4,27.8,cloudy
1997-12-20,1.0,0.0,19.6,cloudy
1997-12-21,2.2,0.0,21.1,cloudy
1997-12-22,0.7,0.0,13.5,partly_cloudy
1997-12-23,1.45,0.0,14.6,partly_cloudy
1997-12-24,4.75,7.8,32.1,rainy
1997-12-25,7.6000000000000005,5.9,54.8,stormy
1997-12-26,6.2,10.7,45.9,rainy
1997-12-27,4.45,1.1,17.9,cloudy
1997-12-28,4.8,1.0,20.5,cloudy
1997-12-29,3.3,3.1,18.7,cloudy
1997-12-30,4.5,0.0,24.5,cloudy
1997-12-31,6.199999999999999,3.1,29.4,cloudy
1998-01-01,5.0,0.0,29.5,cloudy
1998-01-02,5.550000000000001,3.1,32.3,cloudy
1998-01-03,6.6,12.8,47.0,rainy
1998-01-04,5.449999999999999,6.5,48.0,rainy
1998-01-05,4.5,9.9,44.2,rainy
1998-01-06,4.0,1.6,25.1,cloudy
1998-01-07,6.05,7.5,35.6,rainy
1998-01-08,4.35,8.1,33.9,rainy
1998-01-09,5.65,8.3,26.5,rainy
1998-01-10,7.0,0.0,29.5,cloudy
1998-01-11,5.6,0.0,21.0,cloudy
1998-01-12,5.550000000000001,0.0,19.6,cloudy
1998-01-13,4.9,0.0,14.7,partly_cloudy
1998-01-14,6.6,0.4,36.7,cloudy
1998-01-15,5.800000000000001,5.1,37.2,rainy
1998-01-16,5.9,1.8,29.0,cloudy
1998-01-17,5.5,4.2,38.1,cloudy
1998-01-18,5.1,3.9,35.7,cloudy
1998-01-19,4.05,8.2,27.8,rainy
1998-01-20,1.35,0.9,31.7,cloudy
1998-01-21,-1.5,0.0,19.6,cloudy
1998-01-22,-1.9000000000000001,0.0,10.6,partly_cloudy
1998-01-23,0.3999999999999999,1.1,24.2,cloudy
1998-01-24,0.9000000000000001,0.0,36.4,cloudy
1998-01-25,-1.15,0.0,25.0,cloudy
1998-01-26,0.44999999999999996,0.0,17.9,cloudy
1998-01-27,2.35,0.1,28.2,cloudy
1998-01-28,2.6999999999999997,0.7,30.5,cloudy
1998-01-29,0.55,0.0,15.2,cloudy
1998-01-30,2.3,0.6,31.4,cloudy
1998-01-31,-3.6500000000000004,0.0,22.5,cloudy
1998-02-01,-5.7,0.0,21.0,cloudy
1998-02-02,-0.25,3.7,32.2,cloudy
1998-02-03,1.8,0.9,41.7,cloudy
1998-02-04,4.0,2.6,36.4,cloudy
1998-02-05,4.45,0.0,26.8,cloudy
1998-02-06,4.4,0.0,28.1,cloudy
1998-02-07,3.1999999999999997,2.4,30.1,cloudy
1998-02-08,4.35,0.0,31.6,cloudy
1998-02-09,5.5,0.1,31.3,cloudy
1998-02-10,5.9,0.0,31.3,cloudy
1998-02-11,6.75,2.3,42.4,cloudy
1998-02-12,7.699999999999999,0.9,39.8,cloudy
1998-02-13,7.050000000000001,0.0,31.4,cloudy
1998-02-14,7.699999999999999,0.2,26.4,cloudy
1998-02-15,7.050000000000001,0.7,28.1,cloudy
1998-02-16,6.550000000000001,3.0,41.9,cloudy
1998-02-17,2.7,0.0,28.6,cloudy
1998-02-18,5.95,0.0,24.7,cloudy
1998-02-19,5.0,0.0,22.1,cloudy
1998-02-20,6.949999999999999,0.0,25.7,cloudy
1998-02-21,7.6,6.9,28.0,rainy
1998-02-22,5.75,0.1,31.2,cloudy
1998-02-23,5.55,0.0,37.4,cloudy
1998-02-24,7.050000000000001,0.0,28.8,cloudy
1998-02-25,7.0,0.0,21.4,cloudy
1998-02-26,6.5,0.0,35.6,cloudy
1998-02-27,6.050000000000001,4.8,53.0,stormy
1998-02-28,2.9,2.2,41.1,cloudy
1998-03-01,1.4,3.5,38.5,cloudy
1998-03-02,3.25,5.0,46.4,cloudy
1998-03-03,7.300000000000001,20.9,44.7,rainy
1998-03-04,7.35,8.8,52.2,stormy
1998-03-05,4.1,6.5,41.2,rainy
1998-03-06,2.1,1.4,36.8,cloudy
1998-03-07,2.95,14.3,27.6,rainy
1998-03-08,-0.050000000000000044,1.0,29.3,cloudy
1998-03-09,1.5999999999999999,0.0,24.6,cloudy
1998-03-10,2.1500000000000004,0.0,23.5,cloudy
1998-03-11,3.9000000000000004,0.9,28.6,cloudy
1998-03-12,1.5999999999999999,0.6,32.2,cloudy
1998-03-13,3.15,0.9,31.8,cloudy
1998-03-14,4.4,0.0,33.3,cloudy
1998-03-15,6.85,0.0,27.0,cloudy
1998-03-16,7.05,0.0,22.9,cloudy
1998-03-17,6.550000000000001,0.0,23.3,cloudy
1998-03-18,5.95,0.2,31.6,cloudy
1998-03-19,4.35,0.2,37.5,cloudy
1998-03-20,2.7,0.0,35.6,cloudy
1998-03-21,2.8,0.0,19.4,cloudy
1998-03-22,4.85,0.0,14.6,partly_cloudy
1998-03-23,2.65,0.0,30.5,cloudy
1998-03-24,2.65,0.0,18.1,cloudy
1998-03-25,5.35,0.0,24.1,cloudy
1998-03-26,5.85,3.4,35.6,cloudy
1998-03-27,7.4,2.5,36.4,cloudy
1998-03-28,8.0,0.0,13.9,partly_cloudy
1998-03-29,11.7,0.5,23.1,cloudy
1998-03-30,11.9,0.0,23.5,cloudy
1998-03-31,8.75,0.0,22.3,cloudy
1998-04-01,6.0,0.2,20.6,cloudy
1998-04-02,3.3,7.2,31.7,rainy
1998-04-03,5.45,16.5,36.9,rainy
1998-04-04,8.100000000000001,12.5,23.9,rainy
1998-04-05,8.25,4.9,25.8,cloudy
1998-04-06,7.699999999999999,3.4,13.4,cloudy
1998-04-07,7.25,2.8,18.8,cloudy
1998-04-08,6.45,0.0,20.7,cloudy
1998-04-09,5.300000000000001,3.0,21.5,cloudy
1998-04-10,7.15,2.5,31.8,cloudy
1998-04-11,7.05,4.3,25.4,cloudy
1998-04-12,6.1,1.0,40.1,cloudy
1998-04-13,5.25,4.9,34.3,cloudy
1998-04-14,4.2,5.8,30.7,rainy
1998-04-15,5.7,3.1,28.1,cloudy
1998-04-16,5.699999999999999,7.1,38.3,rainy
1998-04-17,7.0,0.0,17.5,cloudy
1998-04-18,6.800000000000001,0.3,18.1,cloudy
1998-04-19,6.199999999999999,0.0,14.9,partly_cloudy
1998-04-20,6.6,4.0,19.3,cloudy
1998-04-21,8.6,0.0,12.3,partly_cloudy
1998-04-22,8.85,0.0,20.9,cloudy
1998-04-23,11.65,0.0,26.0,cloudy
1998-04-24,10.1,3.1,21.7,cloudy
1998-04-25,10.55,4.9,24.8,cloudy
1998-04-26,9.75,1.2,21.9,cloudy
1998-04-27,9.45,2.3,15.0,cloudy
1998-04-28,8.95,1.3,18.1,cloudy
1998-04-29,8.25,6.3,20.7,rainy
1998-04-30,13.149999999999999,6.7,17.0,rainy
1998-05-01,14.65,0.0,18.6,cloudy
1998-05-02,12.6,1.4,22.2,cloudy
1998-05-03,10.3,0.1,31.9,cloudy
1998-05-04,9.0,0.0,30.7,cloudy
1998-05-05,9.45,2.6,26.3,cloudy
1998-05-06,9.75,11.6,37.2,rainy
1998-05-07,10.85,0.6,36.2,cloudy
1998-05-08,13.45,0.0,29.1,cloudy
1998-05-09,16.1,0.0,20.1,cloudy
1998-05-10,14.45,0.0,19.6,cloudy
1998-05-11,14.75,0.0,25.6,cloudy
1998-05-12,13.2,2.8,30.6,cloudy
1998-05-13,12.0,0.1,34.1,cloudy
1998-05-14,11.5,0.0,25.8,cloudy
1998-05-15,13.0,0.0,19.7,cloudy
1998-05-16,12.200000000000001,0.0,13.1,partly_cloudy
1998-05-17,13.45,0.0,10.9,partly_cloudy
1998-05-18,13.7,0.0,18.2,cloudy
1998-05-19,11.350000000000001,0.0,24.9,cloudy
1998-05-20,10.0,0.0,26.5,cloudy
1998-05-21,8.95,2.0,37.7,cloudy
1998-05-22,9.9,0.2,29.1,cloudy
1998-05-23,9.2,0.9,23.1,cloudy
1998-05-24,10.75,3.2,25.5,cloudy
1998-05-25,11.0,0.1,27.0,cloudy
1998-05-26,11.9,3.5,16.6,cloudy
1998-05-27,12.7,5.2,10.5,rainy
1998-05-28,13.649999999999999,0.7,23.6,cloudy
1998-05-29,16.65,0.0,25.6,cloudy
1998-05-30,15.2,0.0,25.9,cloudy
1998-05-31,14.25,2.7,18.4,cloudy
1998-06-01,13.05,0.0,21.4,cloudy
1998-06-02,15.350000000000001,1.5,17.8,cloudy
1998-06-03,14.899999999999999,1.5,34.0,cloudy
1998-06-04,11.55,3.2,25.0,cloudy
1998-06-05,10.9,0.1,20.2,cloudy
1998-06-06,15.15,0.9,23.8,cloudy
1998-06-07,15.05,22.7,21.1,rainy
1998-06-08,13.9,0.7,33.2,cloudy
1998-06-09,14.950000000000001,9.5,34.6,rainy
1998-06-10,13.95,10.9,27.9,rainy
1998-06-11,13.899999999999999,0.1,23.3,cloudy
1998-06-12,11.100000000000001,3.5,32.4,cloudy
1998-06-13,11.05,0.0,25.2,cloudy
1998-06-14,12.75,0.0,23.2,cloudy
1998-06-15,15.45,0.0,22.0,cloudy
1998-06-16,13.55,0.0,34.8,cloudy
1998-06-17,12.45,0.0,43.8,cloudy
1998-06-18,13.2,0.4,32.4,cloudy
1998-06-19,13.95,0.4,14.0,partly_cloudy
1998-06-20,15.149999999999999,0.0,14.8,partly_cloudy
1998-06-21,20.55,0.9,18.3,sunny
1998-06-22,15.55,0.5,27.8,cloudy
1998-06-23,14.8,3.9,22.7,cloudy
1998-06-24,16.1,1.4,7.6,cloudy
1998-06-25,18.65,8.2,22.6,rainy
1998-06-26,16.25,0.1,20.8,cloudy
1998-06-27,17.55,2.0,18.0,cloudy
1998-06-28,14.600000000000001,13.9,29.1,rainy
1998-06-29,14.55,8.7,26.1,rainy
1998-06-30,14.05,5.2,17.6,rainy
1998-07-01,14.2,10.6,25.9,rainy
1998-07-02,13.8,0.0,22.3,cloudy
1998-07-03,13.9,0.1,34.9,cloudy
1998-07-04,14.35,2.4,37.7,cloudy
1998-07-05,14.55,4.8,38.4,cloudy
1998-07-06,13.0,0.7,40.3,cloudy
1998-07-07,12.0,3.2,35.6,cloudy
1998-07-08,13.8,0.2,30.1,cloudy
1998-07-09,13.95,7.1,25.4,rainy
1998-07-10,14.1,0.0,27.5,cloudy
1998-07-11,14.0,13.5,31.7,rainy
1998-07-12,15.049999999999999,6.3,31.9,rainy
1998-07-13,14.100000000000001,2.7,34.1,cloudy
1998-07-14,12.95,12.3,43.7,rainy
1998-07-15,13.05,0.7,36.1,cloudy
1998-07-16,13.450000000000001,0.6,11.7,partly_cloudy
1998-07-17,14.75,3.1,22.5,cloudy
1998-07-18,14.05,6.0,29.6,rainy
1998-07-19,14.149999999999999,4.3,38.9,cloudy
1998-07-20,18.3,0.9,15.9,cloudy
1998-07-21,20.6,0.5,33.4,cloudy
1998-07-22,16.049999999999997,1.2,29.0,cloudy
1998-07-23,17.65,2.0,20.0,cloudy
1998-07-24,14.6,1.1,30.7,cloudy
1998-07-25,14.4,0.2,25.2,cloudy
1998-07-26,14.85,0.0,14.5,partly_cloudy
1998-07-27,17.4,1.8,16.5,cloudy
1998-07-28,15.25,10.8,13.7,rainy
1998-07-29,16.0,12.7,22.0,rainy
1998-07-30,15.1,3.3,28.5,cloudy
1998-07-31,15.4,11.7,24.9,rainy
1998-08-01,14.6,0.0,20.7,cloudy
1998-08-02,14.25,0.1,16.2,cloudy
1998-08-03,15.4,4.0,29.0,cloudy
1998-08-04,16.15,5.9,32.9,rainy
1998-08-05,15.65,1.0,35.9,cloudy
1998-08-06,16.1,2.6,29.0,cloudy
1998-08-07,15.95,0.1,24.2,cloudy
1998-08-08,17.2,0.1,31.3,cloudy
1998-08-09,14.95,0.0,24.8,cloudy
1998-08-10,16.299999999999997,0.0,20.3,cloudy
1998-08-11,20.049999999999997,0.0,19.9,sunny
1998-08-12,18.35,0.0,24.3,cloudy
1998-08-13,15.3,7.7,30.5,rainy
1998-08-14,15.8,0.6,25.1,cloudy
1998-08-15,16.6,0.6,26.7,cloudy
1998-08-16,15.0,0.0,25.9,cloudy
1998-08-17,17.8,0.0,29.9,cloudy
1998-08-18,15.05,0.0,23.4,cloudy
1998-08-19,14.75,0.2,25.6,cloudy
1998-08-20,16.75,4.0,34.3,cloudy
1998-08-21,14.5,19.1,32.8,rainy
1998-08-22,13.65,6.4,36.8,rainy
1998-08-23,13.6,2.0,35.2,cloudy
1998-08-24,13.100000000000001,14.4,35.5,rainy
1998-08-25,12.9,0.3,32.7,cloudy
1998-08-26,12.75,0.0,26.0,cloudy
1998-08-27,12.5,2.0,32.6,cloudy
1998-08-28,14.100000000000001,0.2,28.8,cloudy
1998-08-29,14.0,0.0,20.5,cloudy
1998-08-30,13.65,0.2,15.8,cloudy
1998-08-31,14.35,0.0,15.7,cloudy
1998-09-01,13.8,0.9,24.3,cloudy
1998-09-02,15.45,0.0,33.4,cloudy
1998-09-03,14.4,0.5,38.5,cloudy
1998-09-04,15.15,6.6,29.8,rainy
1998-09-05,16.55,1.2,26.1,cloudy
1998-09-06,15.95,1.1,11.2,cloudy
1998-09-07,16.35,0.3,15.6,cloudy
1998-09-08,16.6,2.6,22.4,cloudy
1998-09-09,16.6,13.2,35.2,rainy
1998-09-10,16.0,13.1,38.2,rainy
1998-09-11,14.3,3.4,38.6,cloudy
1998-09-12,13.2,1.1,18.2,cloudy
1998-09-13,11.85,0.5,22.9,cloudy
1998-09-14,8.85,4.0,23.5,cloudy
1998-09-15,9.9,1.7,35.6,cloudy
1998-09-16,11.85,11.8,32.0,rainy
1998-09-17,12.55,1.5,26.3,cloudy
1998-09-18,12.85,0.0,20.6,cloudy
1998-09-19,13.55,0.4,15.0,cloudy
1998-09-20,13.25,0.0,9.7,partly_cloudy
1998-09-21,13.3,0.0,8.9,partly_cloudy
1998-09-22,12.600000000000001,0.0,6.6,partly_cloudy
1998-09-23,13.0,0.0,15.4,cloudy
1998-09-24,13.0,0.0,21.3,cloudy
1998-09-25,13.4,0.0,18.0,cloudy
1998-09-26,13.649999999999999,0.6,17.3,cloudy
1998-09-27,14.15,4.0,21.9,cloudy
1998-09-28,15.2,2.7,14.2,cloudy
1998-09-29,14.149999999999999,8.4,26.6,rainy
1998-09-30,12.55,0.1,38.9,cloudy
1998-10-01,10.4,0.0,38.2,cloudy
1998-10-02,9.15,0.1,37.5,cloudy
1998-10-03,8.7,0.4,29.0,cloudy
1998-10-04,6.6,0.2,23.3,cloudy
1998-10-05,8.85,0.0,27.2,cloudy
1998-10-06,9.25,0.0,32.1,cloudy
1998-10-07,9.25,14.0,33.0,rainy
1998-10-08,9.600000000000001,12.7,27.5,rainy
1998-10-09,10.350000000000001,0.9,31.0,cloudy
1998-10-10,11.399999999999999,9.2,35.7,rainy
1998-10-11,10.1,5.6,38.1,rainy
1998-10-12,9.15,3.2,30.6,cloudy
1998-10-13,10.8,2.6,34.1,cloudy
1998-10-14,12.3,13.2,34.7,rainy
1998-10-15,10.15,1.9,40.3,cloudy
1998-10-16,10.65,7.9,43.3,rainy
1998-10-17,11.55,9.0,44.5,rainy
1998-10-18,8.25,0.5,36.1,cloudy
1998-10-19,7.949999999999999,3.8,36.4,cloudy
1998-10-20,7.8,0.6,32.0,cloudy
1998-10-21,10.25,12.1,41.5,rainy
1998-10-22,13.5,1.9,38.1,cloudy
1998-10-23,10.85,6.7,49.9,rainy
1998-10-24,8.6,8.1,44.6,rainy
1998-10-25,10.0,13.6,50.4,stormy
1998-10-26,7.7,4.6,47.9,cloudy
1998-10-27,9.25,21.0,43.6,rainy
1998-10-28,9.2,7.1,50.4,stormy
1998-10-29,8.6,8.1,44.2,rainy
1998-10-30,7.4,6.8,42.2,rainy
1998-10-31,6.65,4.2,35.0,cloudy
1998-11-01,5.5,0.0,18.1,cloudy
1998-11-02,5.45,1.9,15.9,cloudy
1998-11-03,4.3,12.9,26.4,rainy
1998-11-04,2.5,4.6,25.3,cloudy
1998-11-05,4.35,7.4,37.8,rainy
1998-11-06,6.3,1.5,43.1,cloudy
1998-11-07,6.35,0.5,21.8,cloudy
1998-11-08,6.6,0.0,23.2,cloudy
1998-11-09,7.3500000000000005,10.6,31.8,rainy
1998-11-10,7.6,4.0,27.5,cloudy
1998-11-11,7.0,2.0,27.6,cloudy
1998-11-12,5.3,1.8,13.4,cloudy
1998-11-13,3.3,4.3,25.7,cloudy
1998-11-14,5.2,6.1,16.4,rainy
1998-11-15,2.8,0.0,18.0,cloudy
1998-11-16,1.15,0.0,23.6,cloudy
1998-11-17,0.55,0.0,22.0,cloudy
1998-11-18,0.19999999999999996,0.0,7.6,partly_cloudy
1998-11-19,-0.95,0.0,16.5,cloudy
1998-11-20,-1.2999999999999998,0.0,10.9,partly_cloudy
1998-11-21,-0.7000000000000001,0.0,26.7,cloudy
1998-11-22,-3.4,0.0,25.9,cloudy
1998-11-23,-3.4000000000000004,0.0,20.0,cloudy
1998-11-24,-0.2,0.0,16.3,cloudy
1998-11-25,0.09999999999999998,0.0,12.6,partly_cloudy
1998-11-26,1.45,2.3,27.7,cloudy
1998-11-27,1.8499999999999999,0.9,23.7,cloudy
1998-11-28,2.15,0.0,21.2,cloudy
1998-11-29,2.4,0.0,20.4,cloudy
1998-11-30,2.4000000000000004,0.0,15.4,cloudy
1998-12-01,0.34999999999999987,0.0,17.2,cloudy
1998-12-02,-2.25,0.0,17.0,cloudy
1998-12-03,-2.7,0.0,13.1,partly_cloudy
1998-12-04,0.9500000000000001,2.1,24.4,cloudy
1998-12-05,0.7000000000000001,0.1,31.2,cloudy
1998-12-06,0.0,0.0,34.9,cloudy
1998-12-07,-1.9000000000000001,0.0,27.6,cloudy
1998-12-08,-3.15,0.0,21.0,cloudy
1998-12-09,-1.2,0.9,22.1,cloudy
1998-12-10,-1.5499999999999998,0.0,23.2,cloudy
1998-12-11,-4.95,0.0,25.9,cloudy
1998-12-12,-0.44999999999999973,0.9,23.4,cloudy
1998-12-13,5.05,6.9,36.6,rainy
1998-12-14,6.75,1.3,29.5,cloudy
1998-12-15,6.8999999999999995,1.4,31.8,cloudy
1998-12-16,6.550000000000001,0.0,32.0,cloudy
1998-12-17,6.05,0.0,33.8,cloudy
1998-12-18,6.4,0.0,34.5,cloudy
1998-12-19,4.9,4.4,24.0,cloudy
1998-12-20,3.15,0.0,29.1,cloudy
1998-12-21,1.1500000000000001,0.0,23.3,cloudy
1998-12-22,0.75,0.9,15.9,cloudy
1998-12-23,3.2,5.9,32.3,rainy
1998-12-24,3.25,6.8,34.8,rainy
1998-12-25,5.3,12.4,44.3,rainy
1998-12-26,5.9,14.3,49.0,rainy
1998-12-27,6.1,2.6,54.6,stormy
1998-12-28,6.55,1.8,35.9,cloudy
1998-12-29,4.1,0.2,37.6,cloudy
1998-12-30,3.4000000000000004,0.0,29.5,cloudy
1998-12-31,1.7,0.0,21.7,cloudy
1999-01-01,1.3,0.0,21.7,cloudy
1999-01-02,3.75,1.9,29.6,cloudy
1999-01-03,3.8000000000000003,0.9,25.2,cloudy
1999-01-04,4.6,6.1,43.0,rainy
1999-01-05,6.85,8.5,40.6,rainy
1999-01-06,8.15,1.5,43.7,cloudy
1999-01-07,4.800000000000001,5.0,25.2,cloudy
1999-01-08,2.4,8.0,31.6,rainy
1999-01-09,-0.95,0.0,21.6,cloudy
1999-01-10,-2.25,0.0,10.6,partly_cloudy
1999-01-11,-1.6500000000000001,0.7,25.2,cloudy
1999-01-12,-2.0,4.2,23.1,cloudy
1999-01-13,-1.45,0.1,19.5,cloudy
1999-01-14,2.3,6.0,39.3,rainy
1999-01-15,4.699999999999999,9.4,42.3,rainy
1999-01-16,5.949999999999999,6.1,47.5,rainy
1999-01-17,4.5,0.0,28.2,cloudy
1999-01-18,4.4,0.0,32.2,cloudy
1999-01-19,5.85,1.5,37.7,cloudy
1999-01-20,8.15,3.7,35.3,cloudy
1999-01-21,6.1499999999999995,6.1,21.3,rainy
1999-01-22,4.35,0.0,18.8,cloudy
1999-01-23,3.0,0.0,26.9,cloudy
1999-01-24,5.5,4.2,34.2,cloudy
1999-01-25,6.800000000000001,7.8,51.1,stormy
1999-01-26,4.75,1.8,34.7,cloudy
1999-01-27,3.05,1.1,18.0,cloudy
1999-01-28,-0.9000000000000001,0.2,24.3,cloudy
1999-01-29,-2.4,0.0,19.0,cloudy
1999-01-30,0.0,0.0,12.0,partly_cloudy
1999-01-31,2.35,0.5,24.0,cloudy
1999-02-01,4.2,0.0,25.5,cloudy
1999-02-02,4.05,0.0,25.3,cloudy
1999-02-03,6.0,1.1,29.2,cloudy
1999-02-04,6.6,0.8,54.3,stormy
1999-02-05,4.35,1.9,62.2,stormy
1999-02-06,2.85,0.0,50.6,stormy
1999-02-07,0.44999999999999996,1.7,17.0,cloudy
1999-02-08,-2.0,0.9,21.8,cloudy
1999-02-09,-3.35,0.6,28.1,cloudy
1999-02-10,-0.65,1.2,28.4,cloudy
1999-02-11,-2.4499999999999997,0.0,20.6,cloudy
1999-02-12,-4.05,0.0,15.5,cloudy
1999-02-13,-3.95,0.0,9.7,partly_cloudy
1999-02-14,-2.55,1.4,29.3,cloudy
1999-02-15,2.1,3.5,41.1,cloudy
1999-02-16,2.8000000000000003,6.5,42.6,rainy
1999-02-17,0.9,1.7,45.7,cloudy
1999-02-18,2.45,0.5,28.1,cloudy
1999-02-19,4.75,4.5,32.3,cloudy
1999-02-20,4.3,1.1,27.2,cloudy
1999-02-21,4.25,10.3,31.8,rainy
1999-02-22,2.0,0.8,25.3,cloudy
1999-02-23,1.0999999999999999,0.7,27.0,cloudy
1999-02-24,1.5,0.1,23.3,cloudy
1999-02-25,2.6999999999999997,2.2,30.7,cloudy
1999-02-26,5.1,0.4,30.8,cloudy
1999-02-27,4.949999999999999,7.5,27.9,rainy
1999-02-28,5.4,3.9,56.3,stormy
1999-03-01,4.7,7.9,46.9,rainy
1999-03-02,4.699999999999999,7.6,28.8,rainy
1999-03-03,6.5,7.9,36.7,rainy
1999-03-04,5.550000000000001,3.2,21.3,cloudy
1999-03-05,5.0,2.0,16.7,cloudy
1999-03-06,2.85,13.2,23.8,rainy
1999-03-07,3.3499999999999996,8.5,35.4,rainy
1999-03-08,3.35,0.1,21.8,cloudy
1999-03-09,3.35,0.0,26.0,cloudy
1999-03-10,2.9,0.9,18.7,cloudy
1999-03-11,1.0499999999999998,0.0,18.8,cloudy
1999-03-12,2.6999999999999997,0.0,28.8,cloudy
1999-03-13,3.4499999999999997,2.1,30.6,cloudy
1999-03-14,4.6,0.0,20.8,cloudy
1999-03-15,4.2,0.0,13.0,partly_cloudy
1999-03-16,3.1999999999999997,0.2,19.6,cloudy
1999-03-17,3.75,2.2,21.7,cloudy
1999-03-18,6.25,6.5,19.2,rainy
1999-03-19,5.15,2.1,27.0,cloudy
1999-03-20,4.5,2.7,28.5,cloudy
1999-03-21,5.5,3.0,27.1,cloudy
1999-03-22,4.4,0.1,35.0,cloudy
1999-03-23,3.65,4.1,37.4,cloudy
1999-03-24,5.25,2.0,28.4,cloudy
1999-03-25,8.9,0.0,23.4,cloudy
1999-03-26,7.1000000000000005,2.1,23.9,cloudy
1999-03-27,4.2,7.2,19.5,rainy
1999-03-28,3.9,0.0,10.2,partly_cloudy
1999-03-29,6.1000000000000005,0.0,21.3,cloudy
1999-03-30,8.6,1.2,20.5,cloudy
1999-03-31,10.399999999999999,1.4,14.1,cloudy
1999-04-01,11.05,0.0,21.4,cloudy
1999-04-02,10.3,0.0,20.4,cloudy
1999-04-03,10.649999999999999,0.0,16.8,cloudy
1999-04-04,9.4,0.0,12.5,partly_cloudy
1999-04-05,7.449999999999999,3.7,25.3,cloudy
1999-04-06,8.95,1.6,31.4,cloudy
1999-04-07,7.949999999999999,0.1,33.0,cloudy
1999-04-08,8.4,0.1,31.9,cloudy
1999-04-09,7.800000000000001,0.0,28.3,cloudy
1999-04-10,8.95,0.5,32.0,cloudy
1999-04-11,7.15,0.1,40.4,cloudy
1999-04-12,6.9,9.1,36.4,rainy
1999-04-13,5.75,7.7,37.8,rainy
1999-04-14,3.4000000000000004,3.6,22.9,cloudy
1999-04-15,3.5999999999999996,1.0,29.4,cloudy
1999-04-16,5.6000000000000005,1.4,34.8,cloudy
1999-04-17,5.15,0.0,25.0,cloudy
1999-04-18,6.1,0.0,43.5,cloudy
1999-04-19,4.55,0.4,36.0,cloudy
1999-04-20,5.45,0.0,27.8,cloudy
1999-04-21,6.3,2.6,30.3,cloudy
1999-04-22,9.2,2.9,22.5,cloudy
1999-04-23,10.2,0.0,14.5,partly_cloudy
1999-04-24,11.2,0.0,19.1,cloudy
1999-04-25,9.75,1.0,19.9,cloudy
1999-04-26,10.850000000000001,0.1,27.5,cloudy
1999-04-27,12.2,0.0,25.8,cloudy
1999-04-28,10.0,0.0,28.7,cloudy
1999-04-29,8.5,0.0,26.2,cloudy
1999-04-30,7.1,0.0,26.8,cloudy
1999-05-01,7.800000000000001,0.0,21.2,cloudy
1999-05-02,6.6,0.0,14.5,partly_cloudy
1999-05-03,6.949999999999999,0.0,20.5,cloudy
1999-05-04,8.95,0.0,27.0,cloudy
1999-05-05,9.45,0.0,35.3,cloudy
1999-05-06,10.95,0.0,33.1,cloudy
1999-05-07,11.899999999999999,0.0,23.0,cloudy
1999-05-08,10.5,8.7,25.4,rainy
1999-05-09,10.5,4.1,26.1,cloudy
1999-05-10,12.9,5.4,14.8,rainy
1999-05-11,11.45,0.5,19.8,cloudy
1999-05-12,10.850000000000001,9.7,22.0,rainy
1999-05-13,10.3,3.5,19.9,cloudy
1999-05-14,8.7,1.7,26.2,cloudy
1999-05-15,8.6,0.0,27.8,cloudy
1999-05-16,8.149999999999999,0.5,16.2,cloudy
1999-05-17,10.35,0.0,19.4,cloudy
1999-05-18,12.05,0.0,26.7,cloudy
1999-05-19,13.399999999999999,0.0,32.5,cloudy
1999-05-20,14.45,0.3,22.7,cloudy
1999-05-21,13.05,0.0,21.9,cloudy
1999-05-22,10.95,2.5,29.3,cloudy
1999-05-23,11.55,0.9,34.1,cloudy
1999-05-24,12.75,1.2,26.5,cloudy
1999-05-25,11.2,2.4,27.1,cloudy
1999-05-26,12.15,0.0,24.0,cloudy
1999-05-27,13.8,0.0,14.1,partly_cloudy
1999-05-28,18.1,0.6,26.4,cloudy
1999-05-29,15.1,0.0,20.3,cloudy
1999-05-30,12.05,8.8,23.7,rainy
1999-05-31,11.1,0.0,19.7,cloudy
1999-06-01,9.75,0.0,10.5,partly_cloudy
1999-06-02,13.3,3.9,24.5,cloudy
1999-06-03,15.05,2.6,35.1,cloudy
1999-06-04,14.05,5.4,31.8,rainy
1999-06-05,11.55,6.2,26.5,rainy
1999-06-06,12.55,10.0,27.4,rainy
1999-06-07,13.600000000000001,0.7,23.4,cloudy
1999-06-08,13.3,8.7,22.4,rainy
1999-06-09,12.0,6.2,38.3,rainy
1999-06-10,12.3,6.2,38.1,rainy
1999-06-11,11.85,6.7,12.1,rainy
1999-06-12,12.25,0.0,11.2,partly_cloudy
1999-06-13,12.95,0.0,16.5,cloudy
1999-06-14,13.55,0.0,14.4,partly_cloudy
1999-06-15,14.350000000000001,0.0,16.3,cloudy
1999-06-16,15.049999999999999,0.0,11.8,partly_cloudy
1999-06-17,15.75,1.7,27.2,cloudy
1999-06-18,13.65,0.0,28.7,cloudy
1999-06-19,13.100000000000001,0.0,21.9,cloudy
1999-06-20,13.350000000000001,15.9,34.8,rainy
1999-06-21,12.0,0.7,27.1,cloudy
1999-06-22,11.4,0.5,25.5,cloudy
1999-06-23,11.149999999999999,0.1,20.0,cloudy
1999-06-24,11.55,0.1,22.3,cloudy
1999-06-25,12.3,0.1,14.1,partly_cloudy
1999-06-26,12.0,2.8,19.3,cloudy
1999-06-27,14.7,1.4,17.8,cloudy
1999-06-28,15.0,5.9,24.0,rainy
1999-06-29,15.2,5.6,28.8,rainy
1999-06-30,14.95,4.4,16.8,cloudy
1999-07-01,15.350000000000001,0.6,19.8,cloudy
1999-07-02,15.0,1.3,20.8,cloudy
1999-07-03,17.6,5.7,15.3,rainy
1999-07-04,17.85,0.0,20.3,cloudy
1999-07-05,17.75,15.0,22.3,rainy
1999-07-06,15.85,0.0,17.9,cloudy
1999-07-07,16.25,0.0,17.4,cloudy
1999-07-08,15.95,0.0,20.3,cloudy
1999-07-09,17.9,0.0,20.3,cloudy
1999-07-10,18.85,0.0,24.9,cloudy
1999-07-11,20.1,0.0,20.2,cloudy
1999-07-12,20.95,0.0,17.2,sunny
1999-07-13,20.25,7.2,12.0,rainy
1999-07-14,16.45,1.1,33.2,cloudy
1999-07-15,15.3,0.1,26.5,cloudy
1999-07-16,15.5,5.5,29.2,rainy
1999-07-17,16.5,4.4,27.9,cloudy
1999-07-18,17.3,0.0,12.6,partly_cloudy
1999-07-19,21.450000000000003,1.0,15.8,cloudy
1999-07-20,19.45,5.0,29.4,cloudy
1999-07-21,15.850000000000001,5.6,35.2,rainy
1999-07-22,15.55,10.9,35.0,rainy
1999-07-23,15.5,0.0,33.1,cloudy
1999-07-24,18.4,0.0,24.9,cloudy
1999-07-25,15.899999999999999,0.0,19.0,cloudy
1999-07-26,14.299999999999999,0.0,22.0,cloudy
1999-07-27,15.0,0.0,15.1,cloudy
1999-07-28,15.9,0.0,11.7,partly_cloudy
1999-07-29,17.7,0.0,11.1,partly_cloudy
1999-07-30,19.200000000000003,0.0,13.1,partly_cloudy
1999-07-31,21.1,0.0,17.0,sunny
1999-08-01,21.85,0.7,21.4,cloudy
1999-08-02,21.0,0.0,22.4,cloudy
1999-08-03,20.95,0.0,21.0,cloudy
1999-08-04,21.7,0.0,21.0,cloudy
1999-08-05,21.65,0.4,17.3,sunny
1999-08-06,19.25,0.0,19.6,cloudy
1999-08-07,19.45,1.6,11.2,cloudy
1999-08-08,19.55,2.0,13.8,cloudy
1999-08-09,18.25,5.0,27.9,cloudy
1999-08-10,17.0,0.2,25.6,cloudy
1999-08-11,15.15,0.0,33.2,cloudy
1999-08-12,14.7,0.0,25.7,cloudy
1999-08-13,15.05,0.0,20.0,cloudy
1999-08-14,15.65,10.6,30.4,rainy
1999-08-15,15.25,6.8,25.8,rainy
1999-08-16,14.8,3.5,20.5,cloudy
1999-08-17,14.799999999999999,0.1,9.1,partly_cloudy
1999-08-18,15.350000000000001,10.5,26.9,rainy
1999-08-19,15.350000000000001,14.7,30.2,rainy
1999-08-20,17.05,5.4,22.3,rainy
1999-08-21,14.45,0.1,33.0,cloudy
1999-08-22,15.100000000000001,0.0,24.4,cloudy
1999-08-23,14.2,0.0,16.8,cloudy
1999-08-24,14.85,0.0,12.3,partly_cloudy
1999-08-25,15.85,0.0,27.7,cloudy
1999-08-26,18.75,1.2,29.8,cloudy
1999-08-27,17.55,0.2,24.5,cloudy
1999-08-28,16.55,0.0,19.0,cloudy
1999-08-29,15.8,0.0,13.2,partly_cloudy
1999-08-30,16.35,2.7,22.3,cloudy
1999-08-31,15.15,1.5,24.4,cloudy
1999-09-01,15.399999999999999,0.0,19.3,cloudy
1999-09-02,17.7,0.0,14.8,partly_cloudy
1999-09-03,17.8,0.0,14.0,partly_cloudy
1999-09-04,18.85,0.0,15.1,cloudy
1999-09-05,19.0,0.0,17.9,cloudy
1999-09-06,19.1,0.0,19.3,cloudy
1999-09-07,18.2,0.0,21.2,cloudy
1999-09-08,19.0,0.0,18.1,cloudy
1999-09-09,18.8,0.0,19.4,cloudy
1999-09-10,16.75,0.0,18.0,cloudy
1999-09-11,20.8,0.0,24.3,cloudy
1999-09-12,21.35,0.0,23.8,cloudy
1999-09-13,20.55,0.0,25.7,cloudy
1999-09-14,19.35,0.0,22.2,cloudy
1999-09-15,19.0,0.0,24.6,cloudy
1999-09-16,15.55,5.7,22.3,rainy
1999-09-17,15.600000000000001,5.0,30.2,cloudy
1999-09-18,15.600000000000001,3.1,9.5,cloudy
1999-09-19,16.4,0.0,28.8,cloudy
1999-09-20,18.75,0.7,35.9,cloudy
1999-09-21,17.15,9.0,18.3,rainy
1999-09-22,16.4,0.1,16.3,cloudy
1999-09-23,16.85,6.5,24.3,rainy
1999-09-24,17.2,5.1,29.8,rainy
1999-09-25,15.600000000000001,7.2,28.0,rainy
1999-09-26,15.200000000000001,7.1,28.6,rainy
1999-09-27,14.65,15.3,30.8,rainy
1999-09-28,14.8,16.9,31.2,rainy
1999-09-29,14.7,6.7,34.3,rainy
1999-09-30,14.7,6.9,26.6,rainy
1999-10-01,12.7,13.0,39.8,rainy
1999-10-02,13.350000000000001,16.2,48.1,rainy
1999-10-03,11.45,10.2,36.2,rainy
1999-10-04,12.1,3.8,31.1,cloudy
1999-10-05,12.3,0.8,24.6,cloudy
1999-10-06,11.05,0.0,19.9,cloudy
1999-10-07,10.649999999999999,8.0,28.6,rainy
1999-10-08,12.45,4.4,26.6,cloudy
1999-10-09,12.8,1.5,36.4,cloudy
1999-10-10,13.600000000000001,1.5,29.5,cloudy
1999-10-11,13.25,1.0,34.3,cloudy
1999-10-12,12.100000000000001,0.0,34.2,cloudy
1999-10-13,11.850000000000001,0.0,26.5,cloudy
1999-10-14,12.350000000000001,0.1,28.8,cloudy
1999-10-15,9.3,0.0,12.4,partly_cloudy
1999-10-16,7.05,0.0,14.7,partly_cloudy
1999-10-17,6.3,0.0,14.7,partly_cloudy
1999-10-18,6.0,0.0,14.0,partly_cloudy
1999-10-19,6.449999999999999,0.6,21.0,cloudy
1999-10-20,6.25,0.0,31.7,cloudy
1999-10-21,5.25,0.8,40.3,cloudy
1999-10-22,7.6,1.6,31.1,cloudy
1999-10-23,9.4,0.5,26.6,cloudy
1999-10-24,11.100000000000001,6.2,25.8,rainy
1999-10-25,11.35,0.9,26.6,cloudy
1999-10-26,12.05,4.6,39.0,cloudy
1999-10-27,11.75,0.0,27.1,cloudy
1999-10-28,10.399999999999999,0.7,34.5,cloudy
1999-10-29,9.55,0.0,18.4,cloudy
1999-10-30,9.3,0.0,24.2,cloudy
1999-10-31,12.2,2.1,38.7,cloudy
1999-11-01,12.15,1.5,36.5,cloudy
1999-11-02,11.9,0.7,41.9,cloudy
1999-11-03,10.45,0.4,22.3,cloudy
1999-11-04,8.35,0.0,21.9,cloudy
1999-11-05,6.449999999999999,0.0,29.0,cloudy
1999-11-06,9.2,2.6,37.4,cloudy
1999-11-07,8.55,3.7,26.8,cloudy
1999-11-08,6.800000000000001,0.0,10.5,partly_cloudy
1999-11-09,6.85,1.3,19.7,cloudy
1999-11-10,6.5,0.0,25.6,cloudy
1999-11-11,4.2,0.0,15.3,cloudy
1999-11-12,5.800000000000001,0.0,15.0,cloudy
1999-11-13,9.25,0.0,28.4,cloudy
1999-11-14,5.75,0.0,30.7,cloudy
1999-11-15,1.5999999999999999,0.0,24.4,cloudy
1999-11-16,2.3,0.0,29.0,cloudy
1999-11-17,4.25,2.4,29.0,cloudy
1999-11-18,2.55,1.5,31.1,cloudy
1999-11-19,3.05,0.3,31.9,cloudy
1999-11-20,1.95,0.3,31.3,cloudy
1999-11-21,0.5999999999999999,0.0,15.4,cloudy
1999-11-22,1.25,0.9,23.1,cloudy
1999-11-23,3.9,0.0,22.5,cloudy
1999-11-24,6.75,0.0,25.4,cloudy
1999-11-25,8.850000000000001,5.8,34.1,rainy
1999-11-26,8.75,0.0,36.8,cloudy
1999-11-27,7.6,2.9,35.9,cloudy
1999-11-28,8.05,0.0,38.7,cloudy
1999-11-29,7.1,0.7,42.5,cloudy
1999-11-30,7.05,2.8,53.5,stormy
1999-12-01,7.8,5.0,52.5,stormy
1999-12-02,5.05,5.1,40.4,rainy
1999-12-03,6.8,17.3,82.1,stormy
1999-12-04,4.2,1.9,54.9,stormy
1999-12-05,2.45,0.2,33.3,cloudy
1999-12-06,6.2,16.0,44.1,rainy
1999-12-07,7.5,6.7,39.3,rainy
1999-12-08,6.65,5.9,42.0,rainy
1999-12-09,7.300000000000001,2.1,45.1,cloudy
1999-12-10,6.2,3.8,45.2,cloudy
1999-12-11,6.0,19.8,33.8,rainy
1999-12-12,5.6,6.4,35.6,rainy
1999-12-13,4.1,1.7,21.1,cloudy
1999-12-14,1.1,4.6,28.3,cloudy
1999-12-15,-1.25,0.1,27.5,cloudy
1999-12-16,0.7000000000000002,1.0,29.2,cloudy
1999-12-17,5.75,11.0,57.8,stormy
1999-12-18,2.5,0.9,37.2,cloudy
1999-12-19,1.7,1.1,28.2,cloudy
1999-12-20,1.0,0.0,28.2,cloudy
1999-12-21,-0.9999999999999999,0.0,21.7,cloudy
1999-12-22,0.7,0.0,34.8,cloudy
1999-12-23,3.8499999999999996,8.4,39.4,rainy
1999-12-24,4.85,8.7,42.5,rainy
1999-12-25,5.65,14.6,49.5,rainy
1999-12-26,2.9000000000000004,7.7,37.8,rainy
1999-12-27,2.9499999999999997,0.6,20.2,cloudy
1999-12-28,0.8999999999999999,0.0,10.1,partly_cloudy
1999-12-29,-0.19999999999999996,0.0,12.2,partly_cloudy
1999-12-30,2.5,1.9,24.0,cloudy
1999-12-31,3.3,2.3,17.4,cloudy
2000-01-01,5.1,3.2,26.5,cloudy
2000-01-02,5.550000000000001,0.0,30.8,cloudy
2000-01-03,6.85,3.0,38.0,cloudy
2000-01-04,4.75,3.6,32.4,cloudy
2000-01-05,5.1,0.9,38.6,cloudy
2000-01-06,5.4,4.2,36.1,cloudy
2000-01-07,4.7,0.0,36.9,cloudy
2000-01-08,5.5,1.4,38.9,cloudy
2000-01-09,4.2,0.1,22.3,cloudy
2000-01-10,2.85,0.0,29.7,cloudy
2000-01-11,3.8,0.9,33.6,cloudy
2000-01-12,3.65,0.0,35.6,cloudy
2000-01-13,2.0,0.0,29.6,cloudy
2000-01-14,1.15,0.0,17.0,cloudy
2000-01-15,2.6,0.0,21.6,cloudy
2000-01-16,5.9,0.7,36.7,cloudy
2000-01-17,6.9,0.0,47.1,cloudy
2000-01-18,4.5,0.0,52.5,stormy
2000-01-19,2.6999999999999997,0.1,30.6,cloudy
2000-01-20,5.449999999999999,0.4,44.6,cloudy
2000-01-21,3.1999999999999997,0.0,45.0,cloudy
2000-01-22,0.6499999999999999,7.0,21.6,rainy
2000-01-23,-2.1,0.2,14.8,partly_cloudy
2000-01-24,-2.9,0.0,16.6,cloudy
2000-01-25,2.9000000000000004,0.2,23.2,cloudy
2000-01-26,4.75,0.0,30.1,cloudy
2000-01-27,4.7,0.5,32.8,cloudy
2000-01-28,4.75,10.2,40.3,rainy
2000-01-29,6.4,11.9,55.1,stormy
2000-01-30,4.85,3.6,62.3,stormy
2000-01-31,6.5,4.2,55.9,stormy
2000-02-01,6.45,6.4,39.1,rainy
2000-02-02,5.449999999999999,0.9,41.1,cloudy
2000-02-03,4.550000000000001,0.6,44.6,cloudy
2000-02-04,5.949999999999999,2.3,40.7,cloudy
2000-02-05,6.75,0.0,34.6,cloudy
2000-02-06,6.3,0.1,29.3,cloudy
2000-02-07,6.2,5.9,42.6,rainy
2000-02-08,6.3,4.5,44.4,cloudy
2000-02-09,5.25,4.7,59.3,stormy
2000-02-10,5.6,6.3,43.6,rainy
2000-02-11,5.4,0.0,32.0,cloudy
2000-02-12,4.05,4.7,47.1,cloudy
2000-02-13,4.1,3.0,39.6,cloudy
2000-02-14,3.8,0.7,31.6,cloudy
2000-02-15,4.85,2.2,27.4,cloudy
2000-02-16,2.6500000000000004,9.5,36.5,rainy
2000-02-17,2.5500000000000003,0.1,24.6,cloudy
2000-02-18,2.1,3.5,31.7,cloudy
2000-02-19,2.55,3.8,27.3,cloudy
2000-02-20,1.0,0.0,22.8,cloudy
2000-02-21,0.30000000000000004,0.0,18.9,cloudy
2000-02-22,3.05,1.4,21.4,cloudy
2000-02-23,2.9000000000000004,0.3,21.3,cloudy
2000-02-24,4.3,5.4,32.2,rainy
2000-02-25,5.1,1.0,35.4,cloudy
2000-02-26,4.65,0.0,25.9,cloudy
2000-02-27,5.55,0.0,36.7,cloudy
2000-02-28,7.0,5.2,42.5,rainy
2000-02-29,6.1,2.4,41.1,cloudy
2000-03-01,4.9,1.4,36.4,cloudy
2000-03-02,4.0,5.7,45.0,rainy
2000-03-03,5.25,12.5,50.3,stormy
2000-03-04,1.7999999999999998,1.3,43.5,cloudy
2000-03-05,2.25,1.4,31.3,cloudy
2000-03-06,5.95,3.8,44.0,cloudy
2000-03-07,6.05,5.2,41.5,rainy
2000-03-08,6.5,3.2,40.5,cloudy
2000-03-09,5.0,3.9,40.3,cloudy
2000-03-10,3.0,4.1,27.1,cloudy
2000-03-11,4.800000000000001,5.5,40.8,rainy
2000-03-12,4.0,2.0,22.8,cloudy
2000-03-13,5.05,0.4,23.0,cloudy
2000-03-14,4.8,4.2,40.1,cloudy
2000-03-15,4.3,2.4,41.3,cloudy
2000-03-16,4.8,0.4,37.7,cloudy
2000-03-17,6.2,0.3,36.9,cloudy
2000-03-18,4.1,0.3,19.6,cloudy
2000-03-19,3.85,0.0,21.3,cloudy
2000-03-20,5.25,0.0,18.0,cloudy
2000-03-21,5.7,0.0,17.5,cloudy
2000-03-22,6.449999999999999,0.0,18.3,cloudy
2000-03-23,5.15,0.0,14.6,partly_cloudy
2000-03-24,5.0,1.4,32.1,cloudy
2000-03-25,6.5,4.3,22.2,cloudy
2000-03-26,4.7,3.6,13.4,cloudy
2000-03-27,4.199999999999999,0.0,26.2,cloudy
2000-03-28,2.8,0.2,34.2,cloudy
2000-03-29,4.1,0.0,26.1,cloudy
2000-03-30,5.05,0.0,21.7,cloudy
2000-03-31,4.65,0.0,11.5,partly_cloudy
2000-04-01,4.449999999999999,0.0,12.3,partly_cloudy
2000-04-02,5.3,0.3,17.1,cloudy
2000-04-03,9.3,0.0,23.2,cloudy
2000-04-04,6.05,4.3,32.1,cloudy
2000-04-05,3.85,2.7,30.1,cloudy
2000-04-06,4.8500000000000005,0.0,25.0,cloudy
2000-04-07,6.800000000000001,0.0,29.2,cloudy
2000-04-08,5.4,0.0,13.2,partly_cloudy
2000-04-09,5.1,0.0,13.7,partly_cloudy
2000-04-10,4.5,0.0,14.3,partly_cloudy
2000-04-11,6.199999999999999,0.2,25.9,cloudy
2000-04-12,6.5,6.3,33.2,rainy
2000-04-13,5.95,1.1,21.1,cloudy
2000-04-14,6.1,1.5,27.9,cloudy
2000-04-15,6.8,2.1,18.2,cloudy
2000-04-16,5.65,0.1,31.9,cloudy
2000-04-17,6.8,1.0,25.4,cloudy
2000-04-18,9.65,0.0,25.8,cloudy
2000-04-19,8.1,4.7,15.9,cloudy
2000-04-20,10.4,0.0,19.1,cloudy
2000-04-21,10.65,0.0,20.7,cloudy
2000-04-22,11.05,7.3,30.4,rainy
2000-04-23,10.4,4.8,12.9,cloudy
2000-04-24,8.55,3.8,22.9,cloudy
2000-04-25,9.4,0.0,17.9,cloudy
2000-04-26,12.0,0.0,27.8,cloudy
2000-04-27,13.149999999999999,0.3,24.2,cloudy
2000-04-28,16.55,0.0,30.4,cloudy
2000-04-29,15.450000000000001,2.3,21.7,cloudy
2000-04-30,11.8,0.0,14.4,partly_cloudy
2000-05-01,11.5,1.7,14.4,cloudy
2000-05-02,11.850000000000001,0.6,12.7,partly_cloudy
2000-05-03,13.45,0.8,16.2,cloudy
2000-05-04,13.8,0.0,12.6,partly_cloudy
2000-05-05,13.149999999999999,0.0,13.2,partly_cloudy
2000-05-06,13.45,0.0,20.6,cloudy
2000-05-07,12.700000000000001,0.0,27.2,cloudy
2000-05-08,13.850000000000001,0.0,23.6,cloudy
2000-05-09,16.05,0.0,18.2,cloudy
2000-05-10,14.9,0.0,15.6,cloudy
2000-05-11,14.45,0.0,21.3,cloudy
2000-05-12,12.899999999999999,0.0,27.1,cloudy
2000-05-13,13.2,0.0,15.3,cloudy
2000-05-14,14.850000000000001,0.0,9.9,partly_cloudy
2000-05-15,17.2,0.0,12.4,partly_cloudy
2000-05-16,18.45,0.0,16.4,cloudy
2000-05-17,14.05,4.5,34.3,cloudy
2000-05-18,11.05,3.4,30.8,cloudy
2000-05-19,10.0,4.5,19.0,cloudy
2000-05-20,10.45,0.6,21.4,cloudy
2000-05-21,10.25,0.4,14.3,partly_cloudy
2000-05-22,11.2,0.0,19.7,cloudy
2000-05-23,13.3,3.7,28.4,cloudy
2000-05-24,12.05,7.0,31.9,rainy
2000-05-25,11.65,8.8,41.6,rainy
2000-05-26,12.2,0.2,29.2,cloudy
2000-05-27,12.8,5.8,44.8,rainy
2000-05-28,12.25,8.7,39.2,rainy
2000-05-29,10.2,6.9,41.3,rainy
2000-05-30,9.5,1.5,23.3,cloudy
2000-05-31,9.5,0.0,20.1,cloudy
2000-06-01,13.15,2.7,29.3,cloudy
2000-06-02,12.85,0.0,30.4,cloudy
2000-06-03,12.55,0.0,14.0,partly_cloudy
2000-06-04,11.45,11.7,25.0,rainy
2000-06-05,13.2,1.7,11.5,cloudy
2000-06-06,11.649999999999999,5.1,20.1,rainy
2000-06-07,11.15,3.3,33.0,cloudy
2000-06-08,12.7,0.0,21.8,cloudy
2000-06-09,16.9,0.0,29.5,cloudy
2000-06-10,16.7,0.0,20.9,cloudy
2000-06-11,14.0,0.0,20.9,cloudy
2000-06-12,13.7,0.0,32.7,cloudy
2000-06-13,14.15,0.0,32.4,cloudy
2000-06-14,13.350000000000001,0.1,20.0,cloudy
2000-06-15,12.65,1.1,33.2,cloudy
2000-06-16,11.45,0.0,35.7,cloudy
2000-06-17,11.600000000000001,0.0,24.7,cloudy
2000-06-18,14.350000000000001,0.0,23.3,cloudy
2000-06-19,19.05,0.0,22.2,cloudy
2000-06-20,21.7,0.0,14.5,sunny
2000-06-21,19.6,2.8,27.1,cloudy
2000-06-22,16.200000000000003,1.2,30.1,cloudy
2000-06-23,14.75,8.1,32.7,rainy
2000-06-24,13.75,3.0,23.1,cloudy
2000-06-25,12.850000000000001,8.4,34.7,rainy
2000-06-26,11.9,0.0,43.3,cloudy
2000-06-27,11.55,0.4,42.6,cloudy
2000-06-28,11.25,1.2,34.9,cloudy
2000-06-29,12.350000000000001,1.4,24.5,cloudy
2000-06-30,12.5,0.2,34.0,cloudy
2000-07-01,12.8,0.0,26.7,cloudy
2000-07-02,14.55,0.0,12.0,partly_cloudy
2000-07-03,16.4,0.0,15.2,cloudy
2000-07-04,17.5,0.0,12.0,partly_cloudy
2000-07-05,16.0,0.0,20.0,cloudy
2000-07-06,13.25,0.0,26.5,cloudy
2000-07-07,12.649999999999999,0.0,23.9,cloudy
2000-07-08,12.850000000000001,1.2,23.5,cloudy
2000-07-09,13.25,9.0,27.0,rainy
2000-07-10,14.0,11.1,28.8,rainy
2000-07-11,14.100000000000001,3.6,23.1,cloudy
2000-07-12,13.6,0.5,34.0,cloudy
2000-07-13,13.600000000000001,0.0,26.9,cloudy
2000-07-14,13.5,1.6,27.1,cloudy
2000-07-15,13.35,0.6,15.9,cloudy
2000-07-16,13.75,0.0,16.6,cloudy
2000-07-17,13.7,0.1,19.8,cloudy
2000-07-18,13.1,0.2,28.3,cloudy
2000-07-19,13.65,0.1,41.7,cloudy
2000-07-20,14.05,0.0,38.4,cloudy
2000-07-21,15.75,0.0,25.8,cloudy
2000-07-22,16.95,2.0,18.1,cloudy
2000-07-23,16.049999999999997,0.4,16.1,cloudy
2000-07-24,16.45,0.0,16.1,cloudy
2000-07-25,17.15,1.1,17.4,cloudy
2000-07-26,16.25,0.3,18.9,cloudy
2000-07-27,15.0,0.4,20.9,cloudy
2000-07-28,15.1,1.1,18.0,cloudy
2000-07-29,16.15,1.8,21.9,cloudy
2000-07-30,15.45,0.0,23.2,cloudy
2000-07-31,15.799999999999999,0.0,25.5,cloudy
2000-08-01,17.25,2.4,20.4,cloudy
2000-08-02,16.65,1.1,14.3,cloudy
2000-08-03,15.75,4.1,19.3,cloudy
2000-08-04,16.0,0.3,19.1,cloudy
2000-08-05,15.3,0.1,20.2,cloudy
2000-08-06,15.9,0.0,23.8,cloudy
2000-08-07,14.4,0.0,29.3,cloudy
2000-08-08,14.3,0.5,24.2,cloudy
2000-08-09,14.5,0.0,22.9,cloudy
2000-08-10,16.45,3.4,22.4,cloudy
2000-08-11,15.5,0.2,27.3,cloudy
2000-08-12,15.3,0.0,16.8,cloudy
2000-08-13,16.450000000000003,0.0,14.9,partly_cloudy
2000-08-14,19.5,1.8,16.0,cloudy
2000-08-15,17.45,0.0,24.2,cloudy
2000-08-16,16.0,5.4,24.8,rainy
2000-08-17,16.6,7.2,22.1,rainy
2000-08-18,16.75,1.7,22.7,cloudy
2000-08-19,17.4,0.3,20.6,cloudy
2000-08-20,15.75,0.4,22.5,cloudy
2000-08-21,14.55,0.9,18.2,cloudy
2000-08-22,14.0,0.0,20.4,cloudy
2000-08-23,13.7,0.0,22.5,cloudy
2000-08-24,14.899999999999999,0.2,41.1,cloudy
2000-08-25,14.65,0.0,27.0,cloudy
2000-08-26,15.899999999999999,0.0,28.2,cloudy
2000-08-27,18.05,0.9,27.7,cloudy
2000-08-28,16.3,3.3,15.3,cloudy
2000-08-29,14.399999999999999,2.3,18.9,cloudy
2000-08-30,14.45,0.0,19.2,cloudy
2000-08-31,13.350000000000001,0.0,13.0,partly_cloudy
2000-09-01,13.85,4.3,23.2,cloudy
2000-09-02,15.399999999999999,7.6,24.6,rainy
2000-09-03,13.850000000000001,3.6,32.7,cloudy
2000-09-04,13.8,0.0,21.2,cloudy
2000-09-05,13.600000000000001,0.0,14.8,partly_cloudy
2000-09-06,14.5,15.0,34.7,rainy
2000-09-07,14.100000000000001,0.8,26.8,cloudy
2000-09-08,15.7,4.6,34.4,cloudy
2000-09-09,15.850000000000001,0.0,21.3,cloudy
2000-09-10,14.55,0.0,14.0,partly_cloudy
2000-09-11,13.649999999999999,1.2,13.7,cloudy
2000-09-12,15.649999999999999,3.5,25.5,cloudy
2000-09-13,16.2,1.7,21.6,cloudy
2000-09-14,15.200000000000001,1.4,14.8,cloudy
2000-09-15,14.95,6.0,26.6,rainy
2000-09-16,14.05,3.4,29.3,cloudy
2000-09-17,13.85,0.0,23.0,cloudy
2000-09-18,13.2,1.7,27.9,cloudy
2000-09-19,11.5,0.0,36.8,cloudy
2000-09-20,11.149999999999999,0.0,40.8,cloudy
2000-09-21,12.899999999999999,0.0,31.1,cloudy
2000-09-22,13.35,0.0,23.3,cloudy
2000-09-23,13.399999999999999,0.0,23.1,cloudy
2000-09-24,11.75,0.0,30.4,cloudy
2000-09-25,11.600000000000001,1.7,24.5,cloudy
2000-09-26,12.2,1.8,19.9,cloudy
2000-09-27,14.600000000000001,3.5,24.1,cloudy
2000-09-28,14.799999999999999,3.2,26.9,cloudy
2000-09-29,17.85,0.0,22.0,cloudy
2000-09-30,15.649999999999999,0.0,23.3,cloudy
2000-10-01,14.5,0.0,14.9,partly_cloudy
2000-10-02,14.149999999999999,5.6,19.4,rainy
2000-10-03,13.75,0.5,23.8,cloudy
2000-10-04,13.55,0.1,24.6,cloudy
2000-10-05,12.85,2.6,23.6,cloudy
2000-10-06,11.3,0.0,23.6,cloudy
2000-10-07,10.35,0.0,16.2,cloudy
2000-10-08,10.2,0.7,26.6,cloudy
2000-10-09,10.4,3.8,24.5,cloudy
2000-10-10,9.15,5.1,39.5,rainy
2000-10-11,9.15,5.4,45.7,rainy
2000-10-12,11.05,0.0,27.9,cloudy
2000-10-13,11.7,1.9,21.0,cloudy
2000-10-14,10.95,0.2,18.1,cloudy
2000-10-15,10.95,0.1,27.8,cloudy
2000-10-16,13.7,0.0,38.2,cloudy
2000-10-17,11.35,0.4,38.6,cloudy
2000-10-18,10.15,0.0,25.4,cloudy
2000-10-19,9.45,3.3,27.6,cloudy
2000-10-20,10.25,0.0,21.3,cloudy
2000-10-21,12.3,0.2,24.4,cloudy
2000-10-22,13.25,1.9,21.5,cloudy
2000-10-23,13.600000000000001,4.6,28.0,cloudy
2000-10-24,12.4,8.7,37.8,rainy
2000-10-25,11.7,8.2,47.0,rainy
2000-10-26,10.4,5.5,34.8,rainy
2000-10-27,10.7,2.7,25.7,cloudy
2000-10-28,12.1,1.8,28.8,cloudy
2000-10-29,10.7,8.0,49.0,rainy
2000-10-30,10.350000000000001,15.8,56.4,stormy
2000-10-31,9.75,5.3,53.2,stormy
2000-11-01,8.7,9.1,41.8,rainy
2000-11-02,9.0,3.4,38.4,cloudy
2000-11-03,8.65,1.1,37.7,cloudy
2000-11-04,8.15,6.1,24.7,rainy
2000-11-05,6.949999999999999,5.8,25.2,rainy
2000-11-06,6.3,1.1,37.3,cloudy
2000-11-07,8.5,6.7,26.6,rainy
2000-11-08,8.7,1.7,31.4,cloudy
2000-11-09,8.6,5.8,35.5,rainy
2000-11-10,8.649999999999999,8.9,28.6,rainy
2000-11-11,8.0,8.1,34.0,rainy
2000-11-12,7.95,6.7,32.4,rainy
2000-11-13,8.45,1.8,26.8,cloudy
2000-11-14,7.199999999999999,0.0,17.7,cloudy
2000-11-15,6.25,2.4,25.0,cloudy
2000-11-16,6.95,4.0,29.1,cloudy
2000-11-17,6.6,3.0,28.3,cloudy
2000-11-18,6.25,3.9,41.4,cloudy
2000-11-19,7.7,11.5,42.3,rainy
2000-11-20,6.800000000000001,0.7,26.8,cloudy
2000-11-21,4.95,0.0,20.6,cloudy
2000-11-22,6.1,2.2,31.2,cloudy
2000-11-23,6.65,0.9,30.0,cloudy
2000-11-24,7.65,0.3,26.1,cloudy
2000-11-25,5.55,0.1,30.1,cloudy
2000-11-26,5.6,0.3,30.1,cloudy
2000-11-27,7.35,2.7,22.4,cloudy
2000-11-28,8.3,6.7,28.5,rainy
2000-11-29,10.399999999999999,0.0,26.1,cloudy
2000-11-30,8.25,0.9,27.8,cloudy
2000-12-01,8.1,0.8,23.5,cloudy
2000-12-02,9.1,1.5,26.4,cloudy
2000-12-03,8.55,4.5,26.7,cloudy
2000-12-04,7.05,1.1,29.2,cloudy
2000-12-05,8.05,0.0,27.5,cloudy
2000-12-06,8.85,5.4,26.8,rainy
2000-12-07,8.45,0.9,31.8,cloudy
2000-12-08,9.5,4.6,29.7,cloudy
2000-12-09,8.9,0.0,31.9,cloudy
2000-12-10,8.5,4.0,33.5,cloudy
2000-12-11,9.5,6.5,39.0,rainy
2000-12-12,10.35,6.1,35.7,rainy
2000-12-13,9.5,9.7,60.0,stormy
2000-12-14,7.85,1.4,44.6,cloudy
2000-12-15,5.9,4.0,41.0,cloudy
2000-12-16,5.45,1.7,36.6,cloudy
2000-12-17,4.6,0.0,16.1,cloudy
2000-12-18,3.6,1.5,12.8,cloudy
2000-12-19,1.75,0.0,16.9,cloudy
2000-12-20,0.0,0.0,29.3,cloudy
2000-12-21,-1.35,0.0,27.6,cloudy
2000-12-22,-2.5,0.0,22.9,cloudy
2000-12-23,-0.04999999999999982,0.0,15.7,cloudy
2000-12-24,0.3999999999999999,0.0,17.9,cloudy
2000-12-25,-2.8,0.0,18.3,cloudy
2000-12-26,-3.35,0.0,17.8,cloudy
2000-12-27,0.04999999999999999,0.3,16.6,cloudy
2000-12-28,1.55,5.8,24.5,rainy
2000-12-29,2.3,4.6,32.9,cloudy
2000-12-30,0.75,3.5,30.9,cloudy
2000-12-31,0.7,0.0,21.0,cloudy
2001-01-01,1.9500000000000002,7.0,35.5,rainy
2001-01-02,5.05,0.7,26.7,cloudy
2001-01-03,5.15,2.1,27.5,cloudy
2001-01-04,3.8,4.5,26.5,cloudy
2001-01-05,5.75,9.1,29.1,rainy
2001-01-06,5.85,0.6,32.8,cloudy
2001-01-07,5.5,0.1,32.4,cloudy
2001-01-08,4.85,0.9,29.5,cloudy
2001-01-09,4.550000000000001,0.4,22.0,cloudy
2001-01-10,0.55,0.0,13.0,partly_cloudy
2001-01-11,0.8499999999999999,0.0,24.8,cloudy
2001-01-12,-0.34999999999999987,0.0,14.2,partly_cloudy
2001-01-13,-0.3500000000000001,0.0,14.5,partly_cloudy
2001-01-14,0.8,0.0,16.6,cloudy
2001-01-15,-1.5,0.0,16.5,cloudy
2001-01-16,-2.05,0.0,17.9,cloudy
2001-01-17,-1.75,0.0,22.8,cloudy
2001-01-18,-1.6500000000000001,0.2,19.5,cloudy
2001-01-19,-1.15,0.8,18.6,cloudy
2001-01-20,-0.65,0.4,19.5,cloudy
2001-01-21,0.3,0.3,20.4,cloudy
2001-01-22,0.3,0.0,30.4,cloudy
2001-01-23,2.4,2.8,31.7,cloudy
2001-01-24,6.1,10.4,40.8,rainy
2001-01-25,4.25,3.6,24.8,cloudy
2001-01-26,4.05,1.1,24.4,cloudy
2001-01-27,2.5,0.0,20.0,cloudy
2001-01-28,2.55,0.0,16.7,cloudy
2001-01-29,1.75,0.7,12.3,partly_cloudy
2001-01-30,2.35,0.0,8.6,partly_cloudy
2001-01-31,2.25,0.0,9.6,partly_cloudy
2001-02-01,0.29999999999999993,0.0,23.1,cloudy
2001-02-02,-4.1,0.0,19.1,cloudy
2001-02-03,-5.05,0.0,30.3,cloudy
2001-02-04,-3.2,0.9,38.8,cloudy
2001-02-05,-0.6000000000000001,16.0,41.4,rainy
2001-02-06,5.1,5.9,38.8,rainy
2001-02-07,6.449999999999999,1.1,34.3,cloudy
2001-02-08,4.85,10.8,34.7,rainy
2001-02-09,0.10000000000000009,0.1,18.4,cloudy
2001-02-10,-0.6000000000000001,0.0,25.0,cloudy
2001-02-11,4.65,8.7,40.5,rainy
2001-02-12,6.25,7.8,39.8,rainy
2001-02-13,4.85,0.0,23.6,cloudy
2001-02-14,3.7,0.0,18.8,cloudy
2001-02-15,2.0,0.0,18.5,cloudy
2001-02-16,3.2,0.0,16.6,cloudy
2001-02-17,1.9500000000000002,0.0,25.0,cloudy
2001-02-18,5.55,0.0,36.7,cloudy
2001-02-19,3.95,0.1,33.7,cloudy
2001-02-20,4.55,0.2,33.5,cloudy
2001-02-21,4.95,0.9,41.8,cloudy
2001-02-22,2.4499999999999997,2.6,40.7,cloudy
2001-02-23,-2.75,0.2,21.3,cloudy
2001-02-24,-3.0,2.9,27.2,cloudy
2001-02-25,-0.04999999999999993,1.5,19.2,cloudy
2001-02-26,-2.05,0.0,14.0,partly_cloudy
2001-02-27,-0.19999999999999996,0.0,20.9,cloudy
2001-02-28,-0.24999999999999994,2.3,23.4,cloudy
2001-03-01,0.0,3.4,25.7,cloudy
2001-03-02,-2.4,0.0,19.3,cloudy
2001-03-03,-3.0500000000000003,0.0,15.1,cloudy
2001-03-04,-1.7999999999999998,0.0,21.3,cloudy
2001-03-05,-2.05,0.0,14.0,partly_cloudy
2001-03-06,0.7499999999999998,0.0,20.1,cloudy
2001-03-07,0.95,0.4,27.9,cloudy
2001-03-08,4.9,1.2,25.6,cloudy
2001-03-09,6.35,2.5,27.2,cloudy
2001-03-10,6.699999999999999,0.6,20.7,cloudy
2001-03-11,6.800000000000001,0.0,21.8,cloudy
2001-03-12,6.2,6.8,43.4,rainy
2001-03-13,3.9,6.6,30.7,rainy
2001-03-14,3.8499999999999996,2.0,22.6,cloudy
2001-03-15,4.550000000000001,0.4,18.4,cloudy
2001-03-16,2.4499999999999997,0.4,20.5,cloudy
2001-03-17,0.9500000000000001,0.1,25.3,cloudy
2001-03-18,1.0,7.1,36.8,rainy
2001-03-19,-1.75,16.6,43.6,rainy
2001-03-20,-2.45,0.0,18.2,cloudy
2001-03-21,-3.3000000000000003,0.0,23.8,cloudy
2001-03-22,-0.6,0.0,31.7,cloudy
2001-03-23,-0.4999999999999999,0.8,29.8,cloudy
2001-03-24,1.45,0.8,27.6,cloudy
2001-03-25,1.0999999999999999,0.0,37.0,cloudy
2001-03-26,0.6499999999999999,0.0,25.2,cloudy
2001-03-27,0.19999999999999996,0.0,29.8,cloudy
2001-03-28,0.8999999999999999,0.0,36.5,cloudy
2001-03-29,4.35,10.6,30.6,rainy
2001-03-30,4.95,0.0,16.6,cloudy
2001-03-31,6.5,2.3,30.8,cloudy
2001-04-01,6.55,0.7,29.6,cloudy
2001-04-02,9.35,0.1,20.7,cloudy
2001-04-03,6.6,0.0,32.1,cloudy
2001-04-04,8.45,6.5,40.8,rainy
2001-04-05,6.5,2.5,42.8,cloudy
2001-04-06,6.85,1.6,28.5,cloudy
2001-04-07,6.050000000000001,3.7,22.1,cloudy
2001-04-08,5.25,0.4,22.7,cloudy
2001-04-09,6.4,0.0,18.7,cloudy
2001-04-10,7.3,0.3,26.6,cloudy
2001-04-11,6.699999999999999,0.0,29.1,cloudy
2001-04-12,3.5,0.9,39.3,cloudy
2001-04-13,2.45,0.0,29.9,cloudy
2001-04-14,1.75,2.2,27.7,cloudy
2001-04-15,3.35,5.7,28.1,rainy
2001-04-16,4.95,0.1,18.7,cloudy
2001-04-17,4.85,4.7,34.4,cloudy
2001-04-18,4.1,3.8,26.7,cloudy
2001-04-19,3.5,1.6,16.4,cloudy
2001-04-20,3.9,1.3,14.5,cloudy
2001-04-21,5.3999999999999995,0.0,17.6,cloudy
2001-04-22,5.0,0.0,15.5,cloudy
2001-04-23,4.35,0.0,18.2,cloudy
2001-04-24,8.5,0.0,27.0,cloudy
2001-04-25,8.5,7.5,26.4,rainy
2001-04-26,7.550000000000001,1.9,22.1,cloudy
2001-04-27,7.35,0.8,16.5,cloudy
2001-04-28,7.550000000000001,6.2,30.0,rainy
2001-04-29,9.0,1.0,21.1,cloudy
2001-04-30,10.9,1.7,20.0,cloudy
2001-05-01,8.1,0.0,22.4,cloudy
2001-05-02,9.05,0.0,16.3,cloudy
2001-05-03,11.3,2.7,25.6,cloudy
2001-05-04,7.85,1.8,25.4,cloudy
2001-05-05,7.6,0.0,25.1,cloudy
2001-05-06,9.1,0.0,23.2,cloudy
2001-05-07,8.15,0.0,18.8,cloudy
2001-05-08,11.5,0.0,15.8,cloudy
2001-05-09,12.35,0.0,22.1,cloudy
2001-05-10,14.25,0.0,17.3,cloudy
2001-05-11,14.350000000000001,0.0,14.6,partly_cloudy
2001-05-12,13.6,0.0,11.8,partly_cloudy
2001-05-13,12.100000000000001,0.0,9.6,partly_cloudy
2001-05-14,11.700000000000001,0.0,15.8,cloudy
2001-05-15,11.350000000000001,1.8,23.0,cloudy
2001-05-16,10.850000000000001,7.4,30.2,rainy
2001-05-17,11.850000000000001,3.9,31.1,cloudy
2001-05-18,9.75,5.0,35.2,cloudy
2001-05-19,9.85,1.2,33.9,cloudy
2001-05-20,10.2,0.0,25.6,cloudy
2001-05-21,10.15,0.0,23.2,cloudy
2001-05-22,10.2,0.0,19.2,cloudy
2001-05-23,11.3,0.0,15.9,cloudy
2001-05-24,10.85,0.0,24.3,cloudy
2001-05-25,11.95,0.0,20.0,cloudy
2001-05-26,12.7,0.0,11.5,partly_cloudy
2001-05-27,13.3,2.9,24.2,cloudy
2001-05-28,13.75,0.5,27.6,cloudy
2001-05-29,13.0,2.6,45.2,cloudy
2001-05-30,12.75,0.0,30.4,cloudy
2001-05-31,12.3,8.4,24.3,rainy
2001-06-01,11.8,1.8,27.4,cloudy
2001-06-02,10.899999999999999,8.5,34.9,rainy
2001-06-03,10.7,10.4,44.8,rainy
2001-06-04,10.45,1.9,30.8,cloudy
2001-06-05,12.8,0.0,22.9,cloudy
2001-06-06,13.35,0.0,18.5,cloudy
2001-06-07,11.1,10.0,42.5,rainy
2001-06-08,9.8,0.5,27.6,cloudy
2001-06-09,9.65,0.2,16.6,cloudy
2001-06-10,10.5,1.0,16.0,cloudy
2001-06-11,9.75,0.0,28.8,cloudy
2001-06-12,11.0,1.1,30.0,cloudy
2001-06-13,10.0,0.0,16.9,cloudy
2001-06-14,10.7,0.0,16.7,cloudy
2001-06-15,12.200000000000001,2.5,21.5,cloudy
2001-06-16,14.4,6.1,15.9,rainy
2001-06-17,14.0,6.4,18.3,rainy
2001-06-18,13.95,0.8,30.3,cloudy
2001-06-19,11.25,0.0,27.3,cloudy
2001-06-20,13.4,1.9,23.5,cloudy
2001-06-21,13.45,2.2,26.2,cloudy
2001-06-22,13.45,3.2,24.1,cloudy
2001-06-23,14.399999999999999,0.0,27.7,cloudy
2001-06-24,12.3,0.0,19.5,cloudy
2001-06-25,13.8,0.0,21.2,cloudy
2001-06-26,15.45,0.0,12.6,partly_cloudy
2001-06-27,18.35,0.3,23.8,cloudy
2001-06-28,16.75,9.8,19.9,rainy
2001-06-29,16.75,0.0,18.0,cloudy
2001-06-30,16.9,5.0,21.7,cloudy
2001-07-01,15.450000000000001,0.2,29.7,cloudy
2001-07-02,15.8,0.0,24.2,cloudy
2001-07-03,17.6,0.1,17.6,cloudy
2001-07-04,19.5,0.0,20.4,cloudy
2001-07-05,20.95,0.0,17.3,sunny
2001-07-06,22.55,0.1,20.6,cloudy
2001-07-07,22.700000000000003,3.3,26.3,cloudy
2001-07-08,18.6,14.3,22.6,rainy
2001-07-09,17.05,0.2,25.4,cloudy
2001-07-10,17.9,7.0,25.5,rainy
2001-07-11,14.85,14.7,37.2,rainy
2001-07-12,14.100000000000001,19.9,38.7,rainy
2001-07-13,14.1,2.9,30.5,cloudy
2001-07-14,15.75,3.2,20.3,cloudy
2001-07-15,14.55,0.8,29.3,cloudy
2001-07-16,13.85,0.0,10.7,partly_cloudy
2001-07-17,14.5,0.0,12.4,partly_cloudy
2001-07-18,15.75,0.8,25.1,cloudy
2001-07-19,16.85,5.4,15.3,rainy
2001-07-20,16.2,0.7,16.9,cloudy
2001-07-21,16.55,0.0,22.7,cloudy
2001-07-22,17.55,1.8,22.8,cloudy
2001-07-23,17.85,0.0,14.6,partly_cloudy
2001-07-24,19.0,3.3,15.3,cloudy
2001-07-25,18.25,0.0,19.1,cloudy
2001-07-26,18.15,0.0,13.3,partly_cloudy
2001-07-27,19.05,0.0,10.8,partly_cloudy
2001-07-28,19.5,4.1,16.1,cloudy
2001-07-29,17.55,0.0,20.4,cloudy
2001-07-30,18.0,0.0,28.2,cloudy
2001-07-31,15.7,4.5,17.3,cloudy
2001-08-01,15.2,0.0,22.8,cloudy
2001-08-02,16.25,0.2,26.3,cloudy
2001-08-03,18.05,7.5,33.1,rainy
2001-08-04,17.05,1.7,26.1,cloudy
2001-08-05,14.95,9.9,26.5,rainy
2001-08-06,15.649999999999999,14.7,25.0,rainy
2001-08-07,16.35,4.5,16.3,cloudy
2001-08-08,16.05,22.3,40.3,rainy
2001-08-09,15.25,6.4,43.1,rainy
2001-08-10,14.1,1.3,26.6,cloudy
2001-08-11,14.55,0.6,24.9,cloudy
2001-08-12,16.35,13.1,34.5,rainy
2001-08-13,17.75,2.9,26.1,cloudy
2001-08-14,18.55,0.0,23.7,cloudy
2001-08-15,21.799999999999997,0.0,12.2,sunny
2001-08-16,20.6,0.0,26.6,cloudy
2001-08-17,17.2,0.0,22.9,cloudy
2001-08-18,16.9,0.0,22.7,cloudy
2001-08-19,18.950000000000003,8.5,24.5,rainy
2001-08-20,17.35,0.1,23.3,cloudy
2001-08-21,17.3,0.0,9.8,partly_cloudy
2001-08-22,18.35,0.0,13.3,partly_cloudy
2001-08-23,19.25,0.9,12.9,partly_cloudy
2001-08-24,20.85,0.6,14.2,sunny
2001-08-25,21.35,0.0,14.5,sunny
2001-08-26,20.8,1.8,20.3,cloudy
2001-08-27,16.0,4.4,38.8,cloudy
2001-08-28,15.05,0.2,43.9,cloudy
2001-08-29,15.8,0.0,27.5,cloudy
2001-08-30,15.65,0.0,20.4,cloudy
2001-08-31,16.15,1.6,19.8,cloudy
2001-09-01,15.399999999999999,0.4,31.4,cloudy
2001-09-02,15.55,3.2,31.6,cloudy
2001-09-03,15.55,5.1,21.0,rainy
2001-09-04,14.85,3.6,15.8,cloudy
2001-09-05,14.6,0.3,26.7,cloudy
2001-09-06,14.45,1.1,18.7,cloudy
2001-09-07,13.7,11.5,27.4,rainy
2001-09-08,11.7,19.9,38.1,rainy
2001-09-09,13.05,6.8,41.2,rainy
2001-09-10,14.8,2.4,39.0,cloudy
2001-09-11,12.4,7.7,31.1,rainy
2001-09-12,12.25,1.5,23.2,cloudy
2001-09-13,12.9,9.5,30.4,rainy
2001-09-14,13.0,0.3,23.7,cloudy
2001-09-15,12.7,6.8,32.4,rainy
2001-09-16,11.55,1.0,11.3,cloudy
2001-09-17,12.5,3.7,21.3,cloudy
2001-09-18,12.5,12.2,19.8,rainy
2001-09-19,13.25,4.5,32.7,cloudy
2001-09-20,12.8,4.9,28.3,cloudy
2001-09-21,12.4,7.5,28.2,rainy
2001-09-22,12.25,2.2,11.0,cloudy
2001-09-23,12.2,1.8,20.4,cloudy
2001-09-24,12.15,5.4,28.5,rainy
2001-09-25,11.1,9.6,24.8,rainy
2001-09-26,12.2,2.4,15.3,cloudy
2001-09-27,12.0,5.9,10.4,rainy
2001-09-28,11.7,0.6,10.5,partly_cloudy
2001-09-29,14.5,0.6,24.5,cloudy
2001-09-30,14.25,7.8,23.2,rainy
2001-10-01,14.95,13.3,46.3,rainy
2001-10-02,14.899999999999999,4.8,36.2,cloudy
2001-10-03,14.7,0.2,34.3,cloudy
2001-10-04,13.600000000000001,7.8,30.4,rainy
2001-10-05,12.75,0.3,22.1,cloudy
2001-10-06,13.35,0.2,23.9,cloudy
2001-10-07,14.3,3.6,26.6,cloudy
2001-10-08,13.850000000000001,0.4,36.7,cloudy
2001-10-09,13.45,8.8,39.8,rainy
2001-10-10,13.8,9.0,42.9,rainy
2001-10-11,13.649999999999999,0.0,24.7,cloudy
2001-10-12,14.3,0.0,26.0,cloudy
2001-10-13,14.15,0.0,18.6,cloudy
2001-10-14,16.15,0.0,17.8,cloudy
2001-10-15,15.3,0.2,19.9,cloudy
2001-10-16,11.850000000000001,0.2,20.6,cloudy
2001-10-17,9.6,0.0,20.8,cloudy
2001-10-18,13.1,0.0,29.4,cloudy
2001-10-19,12.649999999999999,3.8,22.1,cloudy
2001-10-20,12.399999999999999,0.0,27.4,cloudy
2001-10-21,10.899999999999999,0.2,28.7,cloudy
2001-10-22,11.55,0.0,21.7,cloudy
2001-10-23,10.649999999999999,0.0,29.0,cloudy
2001-10-24,9.4,6.5,28.1,rainy
2001-10-25,10.9,0.2,19.1,cloudy
2001-10-26,12.25,0.0,30.9,cloudy
2001-10-27,12.75,7.3,30.8,rainy
2001-10-28,11.45,1.0,33.8,cloudy
2001-10-29,12.0,5.1,43.1,rainy
2001-10-30,14.55,0.2,45.9,cloudy
2001-10-31,11.899999999999999,4.8,49.9,cloudy
2001-11-01,9.399999999999999,0.1,45.1,cloudy
2001-11-02,11.1,0.1,25.6,cloudy
2001-11-03,12.0,0.1,25.7,cloudy
2001-11-04,10.1,3.8,40.1,cloudy
2001-11-05,7.25,1.0,38.8,cloudy
2001-11-06,9.2,15.2,42.1,rainy
2001-11-07,6.9,3.5,29.7,cloudy
2001-11-08,4.45,4.8,29.6,cloudy
2001-11-09,2.3000000000000003,0.0,35.9,cloudy
2001-11-10,5.95,0.5,34.8,cloudy
2001-11-11,9.7,1.2,32.6,cloudy
2001-11-12,7.2,3.7,26.3,cloudy
2001-11-13,4.5,0.0,23.9,cloudy
2001-11-14,2.45,0.0,20.9,cloudy
2001-11-15,4.8999999999999995,0.0,37.2,cloudy
2001-11-16,8.15,0.0,31.1,cloudy
2001-11-17,8.9,0.0,22.0,cloudy
2001-11-18,8.8,0.0,20.8,cloudy
2001-11-19,4.5,0.0,19.2,cloudy
2001-11-20,4.3,0.1,20.5,cloudy
2001-11-21,9.65,13.3,47.6,rainy
2001-11-22,5.45,2.4,40.8,cloudy
2001-11-23,3.0999999999999996,0.0,26.8,cloudy
2001-11-24,5.15,1.3,14.1,cloudy
2001-11-25,8.25,1.5,21.5,cloudy
2001-11-26,5.95,3.3,24.3,cloudy
2001-11-27,3.3000000000000003,0.5,34.0,cloudy
2001-11-28,5.05,4.5,33.3,cloudy
2001-11-29,5.95,8.2,18.9,rainy
2001-11-30,6.15,0.0,31.1,cloudy
2001-12-01,7.199999999999999,4.8,31.3,cloudy
2001-12-02,6.65,0.0,17.8,cloudy
2001-12-03,3.95,3.2,22.4,cloudy
2001-12-04,4.65,5.9,28.6,rainy
2001-12-05,6.75,1.4,28.3,cloudy
2001-12-06,2.9,0.5,22.7,cloudy
2001-12-07,1.3,0.0,9.7,partly_cloudy
2001-12-08,0.9500000000000001,0.0,13.0,partly_cloudy
2001-12-09,1.6500000000000001,0.0,13.7,partly_cloudy
2001-12-10,5.0,0.0,16.6,cloudy
2001-12-11,2.0,0.0,8.3,partly_cloudy
2001-12-12,0.9500000000000001,0.0,18.9,cloudy
2001-12-13,0.44999999999999996,0.0,18.4,cloudy
2001-12-14,-0.55,0.0,12.6,partly_cloudy
2001-12-15,1.2,0.0,16.0,cloudy
2001-12-16,1.1500000000000001,0.0,22.0,cloudy
2001-12-17,1.3,0.0,16.7,cloudy
2001-12-18,2.4000000000000004,0.0,26.2,cloudy
2001-12-19,4.05,2.1,42.1,cloudy
2001-12-20,0.7000000000000002,4.0,47.7,cloudy
2001-12-21,2.05,9.7,45.1,rainy
2001-12-22,-3.0999999999999996,0.0,24.5,cloudy
2001-12-23,-1.9000000000000004,1.2,39.0,cloudy
2001-12-24,4.85,13.1,46.0,rainy
2001-12-25,4.7,3.5,43.9,cloudy
2001-12-26,2.2,0.1,26.9,cloudy
2001-12-27,1.95,7.7,37.1,rainy
2001-12-28,0.75,8.1,34.4,rainy
2001-12-29,-1.1500000000000001,0.0,31.7,cloudy
2001-12-30,-4.95,0.0,22.4,cloudy
2001-12-31,-3.3499999999999996,1.2,21.2,cloudy
2002-01-01,2.95,0.2,47.1,cloudy
2002-01-02,1.0,1.1,45.1,cloudy
2002-01-03,-2.9000000000000004,0.0,22.0,cloudy
2002-01-04,-3.8499999999999996,0.0,18.0,cloudy
2002-01-05,0.25,0.0,23.8,cloudy
2002-01-06,4.6,0.3,24.3,cloudy
2002-01-07,3.5999999999999996,0.0,17.1,cloudy
2002-01-08,3.45,0.0,16.1,cloudy
2002-01-09,1.8,0.0,15.0,cloudy
2002-01-10,1.2,0.0,17.5,cloudy
2002-01-11,-0.15000000000000002,2.6,16.9,cloudy
2002-01-12,1.7000000000000002,0.0,16.2,cloudy
2002-01-13,2.8,0.0,20.9,cloudy
2002-01-14,1.9500000000000002,0.0,22.0,cloudy
2002-01-15,3.0,1.4,27.1,cloudy
2002-01-16,3.2,1.1,25.7,cloudy
2002-01-17,4.25,0.2,29.3,cloudy
2002-01-18,4.800000000000001,4.5,31.4,cloudy
2002-01-19,4.550000000000001,5.0,30.9,cloudy
2002-01-20,6.300000000000001,7.7,46.1,rainy
2002-01-21,6.95,0.2,39.6,cloudy
2002-01-22,6.35,2.3,40.7,cloudy
2002-01-23,5.9,2.7,42.5,cloudy
2002-01-24,6.0,11.8,40.5,rainy
2002-01-25,3.4,1.1,38.8,cloudy
2002-01-26,4.8,16.2,48.0,rainy
2002-01-27,6.5,1.8,39.8,cloudy
2002-01-28,7.3,7.2,68.9,stormy
2002-01-29,7.55,2.7,59.5,stormy
2002-01-30,7.050000000000001,1.3,45.3,cloudy
2002-01-31,7.1,5.2,32.7,rainy
2002-02-01,8.15,8.2,43.6,rainy
2002-02-02,10.2,0.2,42.5,cloudy
2002-02-03,8.45,0.0,29.4,cloudy
2002-02-04,7.85,6.1,43.3,rainy
2002-02-05,7.6,15.8,40.0,rainy
2002-02-06,6.75,3.3,30.2,cloudy
2002-02-07,5.6,3.8,39.8,cloudy
2002-02-08,6.6,4.5,38.9,cloudy
2002-02-09,7.449999999999999,5.2,46.9,rainy
2002-02-10,6.25,2.3,33.6,cloudy
2002-02-11,7.699999999999999,14.2,47.7,rainy
2002-02-12,6.85,2.7,45.2,cloudy
2002-02-13,3.85,0.0,19.7,cloudy
2002-02-14,1.05,0.0,18.5,cloudy
2002-02-15,1.95,0.0,15.4,cloudy
2002-02-16,4.1,0.0,15.1,cloudy
2002-02-17,2.3,0.0,15.2,cloudy
2002-02-18,4.75,2.4,32.8,cloudy
2002-02-19,4.1,8.2,45.1,rainy
2002-02-20,3.35,9.4,49.0,rainy
2002-02-21,0.7000000000000001,0.4,51.3,stormy
2002-02-22,4.3,16.3,53.9,stormy
2002-02-23,3.0,1.3,49.4,cloudy
2002-02-24,2.0,1.5,36.1,cloudy
2002-02-25,1.7,5.6,33.8,rainy
2002-02-26,6.5,20.2,73.1,stormy
2002-02-27,5.15,0.2,48.0,cloudy
2002-02-28,4.25,1.6,33.0,cloudy
2002-03-01,1.75,0.3,25.5,cloudy
2002-03-02,2.6,2.3,38.2,cloudy
2002-03-03,3.0500000000000003,0.5,33.5,cloudy
2002-03-04,6.300000000000001,0.0,30.5,cloudy
2002-03-05,5.6,0.2,32.2,cloudy
2002-03-06,6.05,8.1,48.7,rainy
2002-03-07,6.199999999999999,7.0,46.7,rainy
2002-03-08,6.05,0.3,37.7,cloudy
2002-03-09,5.2,4.1,42.2,cloudy
2002-03-10,5.2,2.4,44.4,cloudy
2002-03-11,7.4,5.1,42.4,rainy
2002-03-12,6.25,0.2,20.0,cloudy
2002-03-13,4.550000000000001,0.0,24.3,cloudy
2002-03-14,2.85,0.0,34.0,cloudy
2002-03-15,3.2,0.0,38.2,cloudy
2002-03-16,4.8,0.0,25.9,cloudy
2002-03-17,4.8,5.1,18.4,rainy
2002-03-18,8.85,7.6,31.6,rainy
2002-03-19,6.75,3.0,34.6,cloudy
2002-03-20,5.35,0.0,28.9,cloudy
2002-03-21,4.4,1.5,24.9,cloudy
2002-03-22,4.35,0.4,32.2,cloudy
2002-03-23,3.9,0.0,21.6,cloudy
2002-03-24,2.05,0.0,16.1,cloudy
2002-03-25,1.1,0.0,14.8,partly_cloudy
2002-03-26,1.8499999999999999,0.0,14.8,partly_cloudy
2002-03-27,4.449999999999999,0.0,10.1,partly_cloudy
2002-03-28,4.6,0.0,10.0,partly_cloudy
2002-03-29,6.55,0.0,16.6,cloudy
2002-03-30,7.65,0.0,18.6,cloudy
2002-03-31,8.3,0.0,18.3,cloudy
2002-04-01,8.2,0.0,14.0,partly_cloudy
2002-04-02,11.95,0.0,23.7,cloudy
2002-04-03,9.25,0.0,31.7,cloudy
2002-04-04,6.6,0.0,27.1,cloudy
2002-04-05,3.3,0.0,34.2,cloudy
2002-04-06,4.1499999999999995,0.0,21.0,cloudy
2002-04-07,5.15,0.2,12.8,partly_cloudy
2002-04-08,6.1000000000000005,1.6,16.9,cloudy
2002-04-09,5.1,0.5,20.1,cloudy
2002-04-10,6.15,0.0,22.8,cloudy
2002-04-11,6.45,0.3,23.8,cloudy
2002-04-12,7.35,0.4,17.4,cloudy
2002-04-13,6.6,0.1,18.8,cloudy
2002-04-14,8.05,1.3,11.4,cloudy
2002-04-15,8.15,1.6,14.0,cloudy
2002-04-16,7.449999999999999,0.1,14.6,partly_cloudy
2002-04-17,5.75,1.5,11.1,cloudy
2002-04-18,7.3500000000000005,1.2,12.4,cloudy
2002-04-19,7.3,5.7,17.7,rainy
2002-04-20,8.55,1.6,11.7,cloudy
2002-04-21,8.4,0.0,11.6,partly_cloudy
2002-04-22,10.55,0.0,22.0,cloudy
2002-04-23,10.5,1.0,22.4,cloudy
2002-04-24,9.65,0.1,18.4,cloudy
2002-04-25,8.75,0.5,13.5,partly_cloudy
2002-04-26,8.45,5.3,24.0,rainy
2002-04-27,6.4,6.1,43.3,rainy
2002-04-28,7.0,8.2,30.8,rainy
2002-04-29,8.7,9.8,41.1,rainy
2002-04-30,9.05,5.4,33.3,rainy
2002-05-01,9.75,6.2,33.8,rainy
2002-05-02,9.0,0.1,19.1,cloudy
2002-05-03,9.4,0.0,19.7,cloudy
2002-05-04,9.850000000000001,0.5,24.1,cloudy
2002-05-05,10.0,3.6,25.1,cloudy
2002-05-06,11.25,1.4,20.6,cloudy
2002-05-07,10.4,9.2,19.1,rainy
2002-05-08,11.4,0.0,19.5,cloudy
2002-05-09,14.649999999999999,0.0,31.1,cloudy
2002-05-10,14.25,0.0,31.1,cloudy
2002-05-11,14.399999999999999,8.2,24.9,rainy
2002-05-12,9.3,0.2,20.1,cloudy
2002-05-13,10.75,0.0,21.3,cloudy
2002-05-14,12.75,0.6,36.0,cloudy
2002-05-15,12.2,0.0,25.3,cloudy
2002-05-16,12.7,0.4,23.5,cloudy
2002-05-17,11.100000000000001,0.0,20.3,cloudy
2002-05-18,12.85,1.5,12.7,cloudy
2002-05-19,12.45,6.6,18.3,rainy
2002-05-20,14.350000000000001,0.7,20.5,cloudy
2002-05-21,16.45,0.0,24.1,cloudy
2002-05-22,18.45,2.3,25.6,cloudy
2002-05-23,13.35,6.6,18.9,rainy
2002-05-24,14.0,0.1,29.2,cloudy
2002-05-25,12.5,1.2,29.6,cloudy
2002-05-26,13.5,0.5,22.7,cloudy
2002-05-27,13.399999999999999,0.0,17.0,cloudy
2002-05-28,14.7,0.5,11.6,partly_cloudy
2002-05-29,13.4,0.0,21.8,cloudy
2002-05-30,12.75,0.6,23.5,cloudy
2002-05-31,11.75,7.5,29.6,rainy
2002-06-01,12.35,0.0,19.7,cloudy
2002-06-02,14.05,0.0,19.7,cloudy
2002-06-03,16.65,0.0,26.5,cloudy
2002-06-04,17.6,5.7,20.7,rainy
2002-06-05,19.5,0.0,37.4,cloudy
2002-06-06,18.95,0.0,36.2,cloudy
2002-06-07,16.700000000000003,2.1,35.4,cloudy
2002-06-08,16.6,0.9,24.1,cloudy
2002-06-09,15.399999999999999,2.5,12.7,cloudy
2002-06-10,14.8,3.9,21.4,cloudy
2002-06-11,13.25,1.2,26.1,cloudy
2002-06-12,13.2,0.0,19.3,cloudy
2002-06-13,13.35,4.7,29.9,cloudy
2002-06-14,14.399999999999999,0.6,27.4,cloudy
2002-06-15,16.049999999999997,13.2,31.1,rainy
2002-06-16,16.0,0.0,23.1,cloudy
2002-06-17,19.5,0.0,17.9,cloudy
2002-06-18,22.1,12.9,32.1,rainy
2002-06-19,16.45,0.0,19.5,cloudy
2002-06-20,15.95,33.4,32.9,rainy
2002-06-21,15.100000000000001,0.4,25.1,cloudy
2002-06-22,15.35,0.4,26.8,cloudy
2002-06-23,14.799999999999999,1.3,35.7,cloudy
2002-06-24,14.899999999999999,0.2,29.4,cloudy
2002-06-25,15.05,0.4,26.5,cloudy
2002-06-26,15.7,0.3,32.4,cloudy
2002-06-27,13.3,8.0,34.6,rainy
2002-06-28,13.2,10.7,40.5,rainy
2002-06-29,13.7,0.3,38.0,cloudy
2002-06-30,13.7,12.6,31.9,rainy
2002-07-01,13.9,13.8,35.4,rainy
2002-07-02,13.45,5.9,35.8,rainy
2002-07-03,13.6,11.5,27.7,rainy
2002-07-04,14.3,7.6,37.4,rainy
2002-07-05,14.25,2.0,22.0,cloudy
2002-07-06,15.100000000000001,4.4,12.0,cloudy
2002-07-07,15.25,0.5,21.0,cloudy
2002-07-08,17.95,0.1,24.7,cloudy
2002-07-09,21.200000000000003,4.3,16.2,cloudy
2002-07-10,16.4,18.6,30.1,rainy
2002-07-11,15.25,2.4,26.4,cloudy
2002-07-12,15.85,0.0,12.4,partly_cloudy
2002-07-13,17.75,3.1,22.3,cloudy
2002-07-14,18.4,0.2,20.1,cloudy
2002-07-15,18.6,0.0,15.5,cloudy
2002-07-16,19.15,0.0,17.2,cloudy
2002-07-17,17.85,0.5,27.3,cloudy
2002-07-18,16.0,40.9,33.1,rainy
2002-07-19,16.25,8.7,30.2,rainy
2002-07-20,14.65,0.0,16.0,cloudy
2002-07-21,14.100000000000001,6.0,24.1,rainy
2002-07-22,15.15,4.0,42.2,cloudy
2002-07-23,16.4,3.4,30.0,cloudy
2002-07-24,15.299999999999999,1.2,33.8,cloudy
2002-07-25,15.2,1.2,30.5,cloudy
2002-07-26,16.200000000000003,0.2,24.1,cloudy
2002-07-27,17.8,0.0,11.9,partly_cloudy
2002-07-28,20.700000000000003,0.0,13.5,sunny
2002-07-29,22.3,0.0,15.9,sunny
2002-07-30,22.299999999999997,0.0,21.6,cloudy
2002-07-31,22.2,0.0,22.7,cloudy
2002-08-01,22.65,3.6,18.7,cloudy
2002-08-02,17.700000000000003,12.5,26.0,rainy
2002-08-03,18.6,0.0,11.4,partly_cloudy
2002-08-04,19.0,0.6,13.0,partly_cloudy
2002-08-05,18.65,13.8,21.1,rainy
2002-08-06,18.450000000000003,9.3,26.9,rainy
2002-08-07,19.45,0.1,17.1,cloudy
2002-08-08,18.95,10.4,15.0,rainy
2002-08-09,19.049999999999997,7.7,16.0,rainy
2002-08-10,20.0,0.5,15.8,cloudy
2002-08-11,19.0,0.5,10.8,partly_cloudy
2002-08-12,19.25,0.6,31.2,cloudy
2002-08-13,18.45,0.0,30.0,cloudy
2002-08-14,18.85,0.0,20.3,cloudy
2002-08-15,18.65,0.0,8.1,partly_cloudy
2002-08-16,19.6,0.0,9.5,partly_cloudy
2002-08-17,20.4,0.2,16.8,sunny
2002-08-18,21.1,0.0,26.0,cloudy
2002-08-19,22.5,0.1,21.6,cloudy
2002-08-20,23.299999999999997,0.3,22.4,cloudy
2002-08-21,21.85,0.0,20.6,cloudy
2002-08-22,20.35,0.8,12.9,sunny
2002-08-23,20.9,1.4,15.4,cloudy
2002-08-24,20.4,10.1,14.1,rainy
2002-08-25,18.95,5.5,13.0,rainy
2002-08-26,18.3,0.0,11.6,partly_cloudy
2002-08-27,20.1,9.3,16.9,rainy
2002-08-28,18.75,0.0,19.8,cloudy
2002-08-29,17.4,0.0,18.5,cloudy
2002-08-30,19.799999999999997,0.7,26.1,cloudy
2002-08-31,17.5,1.2,31.6,cloudy
2002-09-01,15.75,0.1,25.0,cloudy
2002-09-02,15.350000000000001,0.0,10.4,partly_cloudy
2002-09-03,16.85,1.1,24.9,cloudy
2002-09-04,17.95,1.9,22.6,cloudy
2002-09-05,16.6,0.0,16.3,cloudy
2002-09-06,17.3,2.5,27.2,cloudy
2002-09-07,18.5,0.6,31.0,cloudy
2002-09-08,19.3,0.3,22.4,cloudy
2002-09-09,20.05,0.0,30.0,cloudy
2002-09-10,20.05,0.5,23.0,cloudy
2002-09-11,18.75,0.0,22.6,cloudy
2002-09-12,17.4,0.0,15.5,cloudy
2002-09-13,16.25,0.0,16.3,cloudy
2002-09-14,16.7,0.0,25.5,cloudy
2002-09-15,13.85,0.0,21.5,cloudy
2002-09-16,13.149999999999999,0.4,29.5,cloudy
2002-09-17,14.75,0.7,26.6,cloudy
2002-09-18,15.5,0.0,26.9,cloudy
2002-09-19,15.0,0.0,15.0,cloudy
2002-09-20,14.0,0.5,23.5,cloudy
2002-09-21,12.75,2.3,17.4,cloudy
2002-09-22,11.15,3.1,38.7,cloudy
2002-09-23,10.3,0.0,28.1,cloudy
2002-09-24,9.9,0.1,18.4,cloudy
2002-09-25,14.399999999999999,1.2,24.2,cloudy
2002-09-26,12.05,0.9,19.3,cloudy
2002-09-27,9.55,0.0,15.3,cloudy
2002-09-28,13.25,0.0,21.5,cloudy
2002-09-29,14.5,0.1,22.3,cloudy
2002-09-30,14.5,0.0,18.9,cloudy
2002-10-01,13.2,0.0,10.5,partly_cloudy
2002-10-02,12.15,0.0,9.5,partly_cloudy
2002-10-03,12.950000000000001,1.1,28.2,cloudy
2002-10-04,13.6,0.3,31.9,cloudy
2002-10-05,13.35,10.2,29.4,rainy
2002-10-06,8.55,2.7,35.4,cloudy
2002-10-07,5.9,0.0,21.4,cloudy
2002-10-08,5.8,0.0,17.3,cloudy
2002-10-09,9.2,0.4,26.5,cloudy
2002-10-10,8.600000000000001,0.2,30.3,cloudy
2002-10-11,7.75,0.1,28.8,cloudy
2002-10-12,7.0,0.0,37.0,cloudy
2002-10-13,4.65,0.0,26.2,cloudy
2002-10-14,4.55,0.2,23.8,cloudy
2002-10-15,5.1,0.0,14.8,partly_cloudy
2002-10-16,7.9,9.5,22.8,rainy
2002-10-17,8.75,14.1,19.1,rainy
2002-10-18,6.1,0.3,17.6,cloudy
2002-10-19,5.1,0.2,15.8,cloudy
2002-10-20,6.5,0.4,18.2,cloudy
2002-10-21,4.949999999999999,12.2,27.9,rainy
2002-10-22,9.3,4.5,29.4,cloudy
2002-10-23,10.05,3.6,37.3,cloudy
2002-10-24,7.15,4.7,31.7,cloudy
2002-10-25,9.1,9.5,32.8,rainy
2002-10-26,10.05,6.6,31.5,rainy
2002-10-27,10.25,21.1,59.3,stormy
2002-10-28,8.6,1.7,50.5,stormy
2002-10-29,8.15,8.6,25.1,rainy
2002-10-30,7.3999999999999995,2.9,11.3,cloudy
2002-10-31,5.9,0.4,18.1,cloudy
2002-11-01,8.4,7.6,18.4,rainy
2002-11-02,6.2,5.2,30.2,rainy
2002-11-03,3.65,9.7,40.9,rainy
2002-11-04,3.35,2.8,26.5,cloudy
2002-11-05,1.4000000000000001,0.0,20.2,cloudy
2002-11-06,2.9,0.0,31.9,cloudy
2002-11-07,6.85,5.5,28.4,rainy
2002-11-08,6.449999999999999,16.3,33.9,rainy
2002-11-09,4.15,8.1,31.6,rainy
2002-11-10,2.7,0.4,23.4,cloudy
2002-11-11,4.35,2.2,25.8,cloudy
2002-11-12,6.6,3.1,32.1,cloudy
2002-11-13,8.649999999999999,5.1,30.3,rainy
2002-11-14,8.0,1.6,24.4,cloudy
2002-11-15,6.25,0.0,16.2,cloudy
2002-11-16,6.699999999999999,4.9,23.4,cloudy
2002-11-17,6.8,5.7,21.8,rainy
2002-11-18,6.35,1.0,17.1,cloudy
2002-11-19,2.1,0.0,20.6,cloudy
2002-11-20,0.19999999999999996,0.0,22.0,cloudy
2002-11-21,1.7,0.6,33.5,cloudy
2002-11-22,4.6,0.8,29.4,cloudy
2002-11-23,5.4,3.2,13.6,cloudy
2002-11-24,4.95,0.7,21.0,cloudy
2002-11-25,5.15,4.8,20.3,cloudy
2002-11-26,5.949999999999999,0.6,20.8,cloudy
2002-11-27,5.65,0.0,25.9,cloudy
2002-11-28,4.9,0.3,26.8,cloudy
2002-11-29,6.75,1.0,16.9,cloudy
2002-11-30,5.3,0.0,18.0,cloudy
2002-12-01,4.35,0.0,28.8,cloudy
2002-12-02,5.449999999999999,2.6,28.6,cloudy
2002-12-03,5.75,0.0,18.8,cloudy
2002-12-04,4.2,0.0,19.6,cloudy
2002-12-05,3.7,0.0,24.0,cloudy
2002-12-06,2.25,0.0,29.7,cloudy
2002-12-07,1.2,0.0,37.2,cloudy
2002-12-08,1.0,0.0,35.3,cloudy
2002-12-09,0.29999999999999993,0.0,28.9,cloudy
2002-12-10,-1.65,0.0,22.9,cloudy
2002-12-11,-0.25,0.0,21.3,cloudy
2002-12-12,-2.05,0.0,24.3,cloudy
2002-12-13,-2.25,0.0,23.2,cloudy
2002-12-14,-2.4,0.0,30.8,cloudy
2002-12-15,-1.75,0.0,33.4,cloudy
2002-12-16,-0.4,1.5,29.3,cloudy
2002-12-17,-0.9000000000000001,0.4,20.4,cloudy
2002-12-18,1.4,0.0,22.9,cloudy
2002-12-19,-1.0,0.0,15.7,cloudy
2002-12-20,0.75,0.0,16.1,cloudy
2002-12-21,0.050000000000000044,0.0,17.5,cloudy
2002-12-22,-1.7999999999999998,0.0,34.0,cloudy
2002-12-23,-0.9,0.0,36.6,cloudy
2002-12-24,-2.3,3.7,38.8,cloudy
2002-12-25,-0.6000000000000001,1.9,29.0,cloudy
2002-12-26,2.35,4.0,25.5,cloudy
2002-12-27,4.949999999999999,12.9,24.0,rainy
2002-12-28,5.6,2.2,19.8,cloudy
2002-12-29,2.5,3.4,20.8,cloudy
2002-12-30,-1.95,0.0,26.6,cloudy
2002-12-31,-4.65,0.0,27.6,cloudy
2003-01-01,-4.8,1.9,25.1,cloudy
2003-01-02,-1.1,6.2,26.3,rainy
2003-01-03,-2.35,3.3,24.4,cloudy
2003-01-04,-8.45,0.0,24.6,cloudy
2003-01-05,-5.5,1.8,23.7,cloudy
2003-01-06,-5.550000000000001,0.5,32.8,cloudy
2003-01-07,-6.25,0.0,13.9,partly_cloudy
2003-01-08,-4.75,0.0,9.5,partly_cloudy
2003-01-09,-3.8,0.0,18.3,cloudy
2003-01-10,-5.4,0.0,16.4,cloudy
2003-01-11,-0.8999999999999999,0.7,26.0,cloudy
2003-01-12,3.5,1.5,38.5,cloudy
2003-01-13,4.949999999999999,5.4,38.6,rainy
2003-01-14,6.35,0.1,39.9,cloudy
2003-01-15,5.85,0.6,42.5,cloudy
2003-01-16,5.75,0.0,40.7,cloudy
2003-01-17,4.0,0.0,34.1,cloudy
2003-01-18,3.85,0.0,30.3,cloudy
2003-01-19,3.6,4.0,33.0,cloudy
2003-01-20,5.5,1.7,31.4,cloudy
2003-01-21,5.75,3.8,31.8,cloudy
2003-01-22,4.05,0.9,18.9,cloudy
2003-01-23,3.5,0.3,26.6,cloudy
2003-01-24,3.0999999999999996,0.0,28.4,cloudy
2003-01-25,4.85,6.4,38.5,rainy
2003-01-26,5.6,1.9,31.4,cloudy
2003-01-27,6.65,1.3,39.7,cloudy
2003-01-28,5.4,3.5,42.7,cloudy
2003-01-29,2.1999999999999997,1.1,25.3,cloudy
2003-01-30,-2.7,2.3,29.7,cloudy
2003-01-31,-6.7,0.0,27.3,cloudy
2003-02-01,-4.6499999999999995,0.5,33.5,cloudy
2003-02-02,0.7999999999999999,5.4,37.5,rainy
2003-02-03,1.85,4.6,31.6,cloudy
2003-02-04,0.95,2.0,15.5,cloudy
2003-02-05,-0.9,0.0,17.6,cloudy
2003-02-06,-2.55,0.0,18.4,cloudy
2003-02-07,1.4000000000000001,1.4,24.9,cloudy
2003-02-08,3.3,0.0,20.6,cloudy
2003-02-09,0.95,0.0,24.8,cloudy
2003-02-10,-0.7,0.0,20.0,cloudy
2003-02-11,-1.75,0.0,17.7,cloudy
2003-02-12,-1.8499999999999999,0.0,17.1,cloudy
2003-02-13,-2.0,0.0,14.8,partly_cloudy
2003-02-14,-2.4000000000000004,0.0,16.9,cloudy
2003-02-15,-0.6000000000000001,0.0,14.2,partly_cloudy
2003-02-16,-1.9999999999999998,0.0,16.8,cloudy
2003-02-17,-3.15,0.0,12.5,partly_cloudy
2003-02-18,-1.05,0.0,17.5,cloudy
2003-02-19,-1.4,0.0,16.1,cloudy
2003-02-20,-0.6500000000000001,0.0,19.7,cloudy
2003-02-21,-1.3499999999999999,0.0,18.3,cloudy
2003-02-22,-0.25,0.0,19.7,cloudy
2003-02-23,1.0500000000000003,0.0,19.2,cloudy
2003-02-24,2.1999999999999997,0.0,12.2,partly_cloudy
2003-02-25,1.8000000000000003,0.0,18.8,cloudy
2003-02-26,1.55,0.0,20.5,cloudy
2003-02-27,-0.050000000000000044,0.0,15.9,cloudy
2003-02-28,0.3500000000000001,0.0,21.6,cloudy
2003-03-01,2.05,1.1,22.1,cloudy
2003-03-02,1.1,3.9,28.4,cloudy
2003-03-03,-0.15,1.8,22.3,cloudy
2003-03-04,1.7999999999999998,0.0,23.4,cloudy
2003-03-05,3.0,0.7,25.4,cloudy
2003-03-06,2.9,4.0,29.8,cloudy
2003-03-07,4.65,0.0,25.8,cloudy
2003-03-08,5.0,8.3,35.8,rainy
2003-03-09,6.15,2.3,30.6,cloudy
2003-03-10,6.95,0.3,35.4,cloudy
2003-03-11,6.8,3.0,34.5,cloudy
2003-03-12,4.2,0.9,26.3,cloudy
2003-03-13,3.2,0.0,14.9,partly_cloudy
2003-03-14,3.85,0.0,14.9,partly_cloudy
2003-03-15,3.3999999999999995,0.0,10.5,partly_cloudy
2003-03-16,3.75,0.0,17.1,cloudy
2003-03-17,6.550000000000001,0.0,21.7,cloudy
2003-03-18,3.8000000000000003,0.0,24.2,cloudy
2003-03-19,4.35,0.0,28.8,cloudy
2003-03-20,4.7,0.0,21.7,cloudy
2003-03-21,1.8000000000000003,0.0,22.1,cloudy
2003-03-22,3.1999999999999997,0.0,16.9,cloudy
2003-03-23,5.1000000000000005,0.0,12.3,partly_cloudy
2003-03-24,6.5,0.1,17.9,cloudy
2003-03-25,5.55,0.0,14.3,partly_cloudy
2003-03-26,5.6499999999999995,0.0,13.8,partly_cloudy
2003-03-27,6.4,0.0,10.9,partly_cloudy
2003-03-28,6.050000000000001,0.0,13.1,partly_cloudy
2003-03-29,8.1,0.1,14.5,partly_cloudy
2003-03-30,6.0,0.0,36.2,cloudy
2003-03-31,5.699999999999999,0.0,37.2,cloudy
2003-04-01,6.05,4.9,36.4,cloudy
2003-04-02,6.0,0.2,36.4,cloudy
2003-04-03,4.8,0.0,31.9,cloudy
2003-04-04,4.2,0.4,34.8,cloudy
2003-04-05,5.1000000000000005,0.0,37.0,cloudy
2003-04-06,2.7,0.0,29.8,cloudy
2003-04-07,1.25,0.0,21.1,cloudy
2003-04-08,0.8500000000000001,0.1,13.6,partly_cloudy
2003-04-09,1.35,0.4,21.5,cloudy
2003-04-10,2.55,0.8,19.4,cloudy
2003-04-11,3.9,0.2,23.7,cloudy
2003-04-12,6.5,0.0,21.5,cloudy
2003-04-13,7.2,0.0,21.0,cloudy
2003-04-14,9.3,0.0,29.9,cloudy
2003-04-15,10.95,0.0,25.2,cloudy
2003-04-16,11.100000000000001,0.0,21.2,cloudy
2003-04-17,10.9,0.0,17.3,cloudy
2003-04-18,7.8500000000000005,0.0,21.9,cloudy
2003-04-19,8.4,0.0,35.6,cloudy
2003-04-20,10.55,2.4,29.5,cloudy
2003-04-21,12.55,0.0,27.1,cloudy
2003-04-22,11.75,0.0,22.7,cloudy
2003-04-23,9.6,0.0,19.1,cloudy
2003-04-24,10.55,0.0,20.9,cloudy
2003-04-25,11.05,0.3,26.4,cloudy
2003-04-26,10.75,18.3,29.2,rainy
2003-04-27,9.35,8.7,33.5,rainy
2003-04-28,11.149999999999999,9.3,30.9,rainy
2003-04-29,11.350000000000001,1.0,37.0,cloudy
2003-04-30,12.0,3.5,21.9,cloudy
2003-05-01,9.8,7.1,35.7,rainy
2003-05-02,12.0,1.6,26.0,cloudy
2003-05-03,9.649999999999999,6.8,45.6,rainy
2003-05-04,12.6,0.0,26.8,cloudy
2003-05-05,13.399999999999999,0.5,25.8,cloudy
2003-05-06,10.55,2.6,26.5,cloudy
2003-05-07,9.8,0.0,24.0,cloudy
2003-05-08,10.95,0.0,23.8,cloudy
2003-05-09,10.15,0.0,13.8,partly_cloudy
2003-05-10,9.85,1.0,18.8,cloudy
2003-05-11,10.0,0.2,16.4,cloudy
2003-05-12,11.100000000000001,1.2,28.4,cloudy
2003-05-13,9.0,5.7,25.6,rainy
2003-05-14,8.65,6.1,32.4,rainy
2003-05-15,7.9,1.7,29.4,cloudy
2003-05-16,7.5,0.0,14.9,partly_cloudy
2003-05-17,10.6,0.9,20.0,cloudy
2003-05-18,11.95,2.9,24.3,cloudy
2003-05-19,12.05,6.8,23.6,rainy
2003-05-20,10.6,9.3,31.9,rainy
2003-05-21,10.65,0.1,21.3,cloudy
2003-05-22,12.25,3.8,19.0,cloudy
2003-05-23,12.5,10.2,29.1,rainy
2003-05-24,13.25,5.4,17.6,rainy
2003-05-25,13.45,2.6,21.0,cloudy
2003-05-26,11.3,0.0,17.0,cloudy
2003-05-27,11.700000000000001,0.0,13.2,partly_cloudy
2003-05-28,13.05,0.0,12.2,partly_cloudy
2003-05-29,14.45,0.0,12.2,partly_cloudy
2003-05-30,15.05,0.0,15.3,cloudy
2003-05-31,14.7,0.0,19.3,cloudy
2003-06-01,15.45,0.0,18.1,cloudy
2003-06-02,18.2,0.0,25.9,cloudy
2003-06-03,17.7,0.0,17.9,cloudy
2003-06-04,19.9,2.2,27.1,cloudy
2003-06-05,16.3,0.0,31.1,cloudy
2003-06-06,15.25,0.0,23.1,cloudy
2003-06-07,16.95,0.8,16.3,cloudy
2003-06-08,19.450000000000003,14.4,31.3,rainy
2003-06-09,14.3,3.5,45.1,cloudy
2003-06-10,16.05,7.4,18.9,rainy
2003-06-11,15.4,0.7,28.6,cloudy
2003-06-12,15.350000000000001,0.0,21.6,cloudy
2003-06-13,14.8,0.0,21.8,cloudy
2003-06-14,14.25,0.0,19.3,cloudy
2003-06-15,13.75,0.0,20.5,cloudy
2003-06-16,14.2,0.0,20.0,cloudy
2003-06-17,14.85,0.0,13.4,partly_cloudy
2003-06-18,17.3,3.8,22.7,cloudy
2003-06-19,15.25,8.2,32.7,rainy
2003-06-20,14.0,4.3,39.1,cloudy
2003-06-21,13.899999999999999,0.6,36.9,cloudy
2003-06-22,14.350000000000001,0.8,19.2,cloudy
2003-06-23,18.950000000000003,18.5,35.8,rainy
2003-06-24,14.600000000000001,1.2,39.6,cloudy
2003-06-25,14.3,0.0,33.0,cloudy
2003-06-26,17.3,0.0,14.8,partly_cloudy
2003-06-27,16.75,0.3,12.8,partly_cloudy
2003-06-28,17.6,0.0,14.2,partly_cloudy
2003-06-29,15.700000000000001,6.0,13.4,rainy
2003-06-30,15.55,1.2,25.8,cloudy
2003-07-01,15.850000000000001,9.9,31.7,rainy
2003-07-02,15.55,8.2,14.1,rainy
2003-07-03,15.85,4.6,26.2,cloudy
2003-07-04,15.450000000000001,9.3,31.2,rainy
2003-07-05,16.9,0.0,27.3,cloudy
2003-07-06,15.100000000000001,0.0,30.9,cloudy
2003-07-07,15.7,0.2,22.6,cloudy
2003-07-08,16.85,0.3,22.2,cloudy
2003-07-09,16.2,1.0,28.5,cloudy
2003-07-10,16.25,0.0,23.3,cloudy
2003-07-11,17.05,0.3,25.7,cloudy
2003-07-12,15.85,0.5,27.2,cloudy
2003-07-13,16.7,0.0,20.4,cloudy
2003-07-14,18.8,0.0,15.1,cloudy
2003-07-15,20.6,0.0,18.7,sunny
2003-07-16,21.0,0.0,29.5,cloudy
2003-07-17,19.95,6.5,28.1,rainy
2003-07-18,18.5,0.6,23.3,cloudy
2003-07-19,20.25,0.1,15.8,sunny
2003-07-20,23.35,0.0,26.3,cloudy
2003-07-21,19.75,0.1,14.8,partly_cloudy
2003-07-22,19.0,1.0,24.8,cloudy
2003-07-23,18.6,0.0,15.8,cloudy
2003-07-24,18.9,4.8,15.5,cloudy
2003-07-25,19.15,0.1,16.0,cloudy
2003-07-26,18.5,3.2,26.2,cloudy
2003-07-27,18.85,10.4,31.6,rainy
2003-07-28,18.4,0.4,16.1,cloudy
2003-07-29,18.2,0.0,13.6,partly_cloudy
2003-07-30,20.25,0.0,20.4,cloudy
2003-07-31,20.8,0.0,12.8,sunny
2003-08-01,20.55,0.6,18.3,sunny
2003-08-02,19.0,6.6,13.2,rainy
2003-08-03,17.55,0.0,15.1,cloudy
2003-08-04,17.85,0.0,17.5,cloudy
2003-08-05,18.65,0.0,17.8,cloudy
2003-08-06,18.9,0.0,14.8,partly_cloudy
2003-08-07,21.2,0.0,13.9,sunny
2003-08-08,21.8,0.0,15.4,sunny
2003-08-09,23.1,0.0,19.9,sunny
2003-08-10,23.2,0.0,20.4,cloudy
2003-08-11,23.15,0.2,16.9,sunny
2003-08-12,21.950000000000003,0.0,16.9,sunny
2003-08-13,20.049999999999997,0.4,36.1,cloudy
2003-08-14,17.6,5.5,39.3,rainy
2003-08-15,17.85,0.0,40.0,cloudy
2003-08-16,16.95,0.4,29.9,cloudy
2003-08-17,17.2,0.0,14.1,partly_cloudy
2003-08-18,19.6,0.8,17.0,cloudy
2003-08-19,18.45,0.0,24.7,cloudy
2003-08-20,17.700000000000003,1.4,28.9,cloudy
2003-08-21,17.2,0.6,30.0,cloudy
2003-08-22,18.2,3.8,34.7,cloudy
2003-08-23,17.25,0.4,37.4,cloudy
2003-08-24,17.4,0.0,27.5,cloudy
2003-08-25,18.0,0.0,19.9,cloudy
2003-08-26,17.1,0.2,35.1,cloudy
2003-08-27,14.350000000000001,0.2,39.5,cloudy
2003-08-28,13.45,0.3,12.6,partly_cloudy
2003-08-29,13.7,7.8,17.9,rainy
2003-08-30,13.95,8.1,18.1,rainy
2003-08-31,13.25,3.3,27.4,cloudy
2003-09-01,13.3,0.9,21.4,cloudy
2003-09-02,12.2,0.1,17.6,cloudy
2003-09-03,15.649999999999999,1.2,28.3,cloudy
2003-09-04,15.0,0.0,21.4,cloudy
2003-09-05,14.600000000000001,0.0,20.5,cloudy
2003-09-06,17.55,0.4,23.2,cloudy
2003-09-07,16.85,3.2,14.5,cloudy
2003-09-08,16.5,15.5,18.6,rainy
2003-09-09,15.0,1.8,32.7,cloudy
2003-09-10,13.75,0.6,11.5,partly_cloudy
2003-09-11,14.85,0.1,19.3,cloudy
2003-09-12,14.6,0.2,22.7,cloudy
2003-09-13,14.649999999999999,0.0,23.1,cloudy
2003-09-14,13.600000000000001,0.0,14.1,partly_cloudy
2003-09-15,15.649999999999999,0.0,16.7,cloudy
2003-09-16,17.1,0.0,17.8,cloudy
2003-09-17,17.0,0.0,17.6,cloudy
2003-09-18,18.25,0.0,24.8,cloudy
2003-09-19,17.15,0.0,29.7,cloudy
2003-09-20,17.95,0.0,17.0,cloudy
2003-09-21,15.549999999999999,0.6,36.7,cloudy
2003-09-22,19.1,3.8,37.7,cloudy
2003-09-23,11.75,2.4,35.2,cloudy
2003-09-24,11.95,0.8,24.9,cloudy
2003-09-25,13.45,0.0,24.9,cloudy
2003-09-26,13.15,1.0,24.5,cloudy
2003-09-27,11.5,0.2,27.5,cloudy
2003-09-28,10.8,0.0,16.2,cloudy
2003-09-29,10.1,7.0,18.9,rainy
2003-09-30,10.7,0.0,12.7,partly_cloudy
2003-10-01,10.8,0.0,13.2,partly_cloudy
2003-10-02,11.5,0.0,16.1,cloudy
2003-10-03,11.149999999999999,1.0,14.8,cloudy
2003-10-04,9.65,1.5,22.9,cloudy
2003-10-05,8.850000000000001,0.9,20.6,cloudy
2003-10-06,9.4,14.3,42.8,rainy
2003-10-07,9.15,2.9,25.4,cloudy
2003-10-08,10.350000000000001,8.7,40.0,rainy
2003-10-09,11.75,1.6,42.3,cloudy
2003-10-10,13.2,7.1,39.0,rainy
2003-10-11,11.35,0.1,39.6,cloudy
2003-10-12,9.7,0.0,28.3,cloudy
2003-10-13,7.85,0.0,18.2,cloudy
2003-10-14,7.35,0.0,15.3,cloudy
2003-10-15,6.9,0.0,10.9,partly_cloudy
2003-10-16,6.45,0.0,10.3,partly_cloudy
2003-10-17,5.300000000000001,0.0,10.2,partly_cloudy
2003-10-18,5.3,0.0,10.3,partly_cloudy
2003-10-19,7.050000000000001,0.5,15.1,cloudy
2003-10-20,5.25,0.0,29.2,cloudy
2003-10-21,4.2,2.8,24.1,cloudy
2003-10-22,4.35,3.2,27.8,cloudy
2003-10-23,1.15,0.0,17.7,cloudy
2003-10-24,1.9000000000000001,2.4,24.1,cloudy
2003-10-25,6.75,2.9,26.6,cloudy
2003-10-26,1.9,0.0,20.2,cloudy
2003-10-27,3.5,0.0,26.4,cloudy
2003-10-28,7.199999999999999,0.0,28.3,cloudy
2003-10-29,4.7,0.0,23.4,cloudy
2003-10-30,4.9,0.0,18.5,cloudy
2003-10-31,6.1,1.8,24.0,cloudy
2003-11-01,8.4,8.1,22.6,rainy
2003-11-02,9.55,3.9,39.3,cloudy
2003-11-03,10.4,9.6,36.9,rainy
2003-11-04,9.75,2.4,35.2,cloudy
2003-11-05,8.4,0.0,21.3,cloudy
2003-11-06,7.85,0.0,24.0,cloudy
2003-11-07,5.95,0.0,26.0,cloudy
2003-11-08,6.65,0.0,31.7,cloudy
2003-11-09,5.550000000000001,0.0,29.3,cloudy
2003-11-10,3.65,0.0,23.5,cloudy
2003-11-11,4.15,0.0,23.0,cloudy
2003-11-12,3.8,0.0,25.8,cloudy
2003-11-13,3.6999999999999997,0.0,18.6,cloudy
2003-11-14,6.4,0.3,27.3,cloudy
2003-11-15,7.6,2.6,33.7,cloudy
2003-11-16,8.35,0.8,26.7,cloudy
2003-11-17,7.800000000000001,3.5,25.1,cloudy
2003-11-18,10.05,2.1,36.0,cloudy
2003-11-19,10.149999999999999,0.3,40.6,cloudy
2003-11-20,9.3,1.8,26.0,cloudy
2003-11-21,9.3,5.4,26.2,rainy
2003-11-22,10.0,5.0,27.2,cloudy
2003-11-23,8.25,2.7,27.6,cloudy
2003-11-24,4.95,4.0,19.4,cloudy
2003-11-25,6.5,0.1,18.8,cloudy
2003-11-26,6.55,0.0,26.2,cloudy
2003-11-27,6.65,0.9,22.6,cloudy
2003-11-28,6.5,0.0,11.9,partly_cloudy
2003-11-29,3.7,0.0,27.4,cloudy
2003-11-30,6.35,5.3,27.9,rainy
2003-12-01,6.550000000000001,0.0,24.5,cloudy
2003-12-02,6.4,0.0,23.5,cloudy
2003-12-03,6.699999999999999,0.0,20.9,cloudy
2003-12-04,5.15,0.0,14.5,partly_cloudy
2003-12-05,7.75,0.0,38.9,cloudy
2003-12-06,4.25,0.0,45.3,cloudy
2003-12-07,1.5999999999999999,0.0,20.3,cloudy
2003-12-08,5.1,0.0,20.4,cloudy
2003-12-09,0.44999999999999996,0.0,14.0,partly_cloudy
2003-12-10,0.19999999999999996,0.0,14.6,partly_cloudy
2003-12-11,4.0,5.7,33.4,rainy
2003-12-12,4.15,0.0,28.2,cloudy
2003-12-13,6.550000000000001,16.7,33.8,rainy
2003-12-14,5.550000000000001,4.7,48.7,cloudy
2003-12-15,3.25,0.1,50.5,stormy
2003-12-16,4.1000000000000005,0.7,38.3,cloudy
2003-12-17,7.050000000000001,1.4,29.0,cloudy
2003-12-18,5.15,0.0,22.4,cloudy
2003-12-19,4.6,0.0,22.7,cloudy
2003-12-20,5.55,8.4,41.1,rainy
2003-12-21,4.9,3.2,43.6,cloudy
2003-12-22,-0.7999999999999999,0.0,31.8,cloudy
2003-12-23,0.44999999999999996,2.4,23.4,cloudy
2003-12-24,4.45,1.8,34.3,cloudy
2003-12-25,6.9,0.3,34.0,cloudy
2003-12-26,6.7,0.5,34.7,cloudy
2003-12-27,6.35,1.9,44.3,cloudy
2003-12-28,3.9,11.8,36.4,rainy
2003-12-29,3.85,2.2,32.6,cloudy
2003-12-30,1.95,0.9,11.2,partly_cloudy
2003-12-31,-2.0,0.0,14.3,partly_cloudy
2004-01-01,-2.05,0.0,25.3,cloudy
2004-01-02,-1.7000000000000002,0.0,21.9,cloudy
2004-01-03,-2.15,0.5,22.5,cloudy
2004-01-04,-2.55,2.1,26.1,cloudy
2004-01-05,-3.15,0.0,24.0,cloudy
2004-01-06,1.4000000000000001,13.0,30.3,rainy
2004-01-07,4.95,0.0,24.3,cloudy
2004-01-08,3.0,0.3,29.8,cloudy
2004-01-09,3.1500000000000004,4.6,25.2,cloudy
2004-01-10,3.95,0.1,23.4,cloudy
2004-01-11,5.4,9.3,37.0,rainy
2004-01-12,5.1,4.1,33.0,cloudy
2004-01-13,4.1,12.9,36.3,rainy
2004-01-14,3.55,2.4,31.9,cloudy
2004-01-15,3.15,3.6,25.2,cloudy
2004-01-16,3.5,11.9,31.4,rainy
2004-01-17,1.3,0.0,30.1,cloudy
2004-01-18,0.5499999999999998,0.6,43.5,cloudy
2004-01-19,3.6,10.6,43.3,rainy
2004-01-20,-0.15000000000000002,0.0,21.4,cloudy
2004-01-21,-2.0,0.0,12.3,partly_cloudy
2004-01-22,-1.35,0.5,24.9,cloudy
2004-01-23,0.95,1.8,23.2,cloudy
2004-01-24,0.55,4.2,23.9,cloudy
2004-01-25,-0.8999999999999999,0.0,13.2,partly_cloudy
2004-01-26,-2.85,0.0,13.6,partly_cloudy
2004-01-27,-3.65,0.9,14.7,partly_cloudy
2004-01-28,-0.3500000000000001,4.5,26.8,cloudy
2004-01-29,-2.5500000000000003,2.4,29.2,cloudy
2004-01-30,-0.6499999999999999,6.1,41.0,rainy
2004-01-31,4.2,18.1,44.6,rainy
2004-02-01,5.05,2.5,46.0,cloudy
2004-02-02,6.35,6.6,36.0,rainy
2004-02-03,8.45,6.7,41.6,rainy
2004-02-04,8.5,15.9,40.9,rainy
2004-02-05,8.05,0.2,42.4,cloudy
2004-02-06,5.95,5.3,29.7,rainy
2004-02-07,5.199999999999999,1.1,36.9,cloudy
2004-02-08,3.05,4.2,31.2,cloudy
2004-02-09,2.75,0.0,36.4,cloudy
2004-02-10,3.9,11.6,34.8,rainy
2004-02-11,1.8499999999999999,0.0,21.0,cloudy
2004-02-12,1.4500000000000002,0.6,19.0,cloudy
2004-02-13,5.35,0.0,26.2,cloudy
2004-02-14,4.2,0.0,11.7,partly_cloudy
2004-02-15,1.75,0.0,17.3,cloudy
2004-02-16,4.45,0.0,18.7,cloudy
2004-02-17,4.45,0.0,29.8,cloudy
2004-02-18,3.0,0.0,24.9,cloudy
2004-02-19,-0.2999999999999998,0.0,19.9,cloudy
2004-02-20,-0.1499999999999999,0.0,22.2,cloudy
2004-02-21,-0.15000000000000013,0.0,20.5,cloudy
2004-02-22,0.95,0.5,34.2,cloudy
2004-02-23,0.4999999999999999,0.0,32.4,cloudy
2004-02-24,0.85,5.4,38.7,rainy
2004-02-25,1.15,0.5,25.2,cloudy
2004-02-26,1.05,0.0,28.1,cloudy
2004-02-27,-0.30000000000000004,0.0,20.8,cloudy
2004-02-28,0.15000000000000013,0.0,14.1,partly_cloudy
2004-02-29,0.2999999999999998,0.0,19.6,cloudy
2004-03-01,1.15,0.0,30.0,cloudy
2004-03-02,4.9,0.0,35.4,cloudy
2004-03-03,1.5500000000000003,0.0,26.8,cloudy
2004-03-04,-0.25,0.0,23.7,cloudy
2004-03-05,-0.19999999999999996,0.0,23.8,cloudy
2004-03-06,-0.55,0.0,18.4,cloudy
2004-03-07,0.5,0.0,12.6,partly_cloudy
2004-03-08,1.4,0.0,19.2,cloudy
2004-03-09,1.05,0.0,27.1,cloudy
2004-03-10,1.2000000000000002,0.0,30.9,cloudy
2004-03-11,2.8,0.0,26.0,cloudy
2004-03-12,3.5999999999999996,0.0,31.9,cloudy
2004-03-13,5.65,7.5,31.5,rainy
2004-03-14,6.3500000000000005,3.0,40.2,cloudy
2004-03-15,7.65,2.5,39.6,cloudy
2004-03-16,7.449999999999999,2.1,37.8,cloudy
2004-03-17,8.100000000000001,0.0,26.1,cloudy
2004-03-18,7.050000000000001,3.7,22.8,cloudy
2004-03-19,7.199999999999999,9.0,51.4,stormy
2004-03-20,7.1,9.1,58.5,stormy
2004-03-21,6.6499999999999995,2.0,58.2,stormy
2004-03-22,5.5,2.1,26.4,cloudy
2004-03-23,4.0,0.2,17.7,cloudy
2004-03-24,3.0,0.0,18.6,cloudy
2004-03-25,2.3000000000000003,0.0,16.2,cloudy
2004-03-26,1.7000000000000002,0.0,14.2,partly_cloudy
2004-03-27,2.9499999999999997,0.2,23.2,cloudy
2004-03-28,6.35,1.0,23.8,cloudy
2004-03-29,5.9,0.0,21.7,cloudy
2004-03-30,5.6,0.0,18.4,cloudy
2004-03-31,7.800000000000001,0.0,28.1,cloudy
2004-04-01,7.449999999999999,0.0,35.3,cloudy
2004-04-02,6.65,0.0,35.8,cloudy
2004-04-03,8.600000000000001,2.5,25.8,cloudy
2004-04-04,7.8999999999999995,5.8,40.6,rainy
2004-04-05,6.15,5.3,29.0,rainy
2004-04-06,5.2,2.6,16.9,cloudy
2004-04-07,5.5,3.2,13.5,cloudy
2004-04-08,5.85,0.1,18.9,cloudy
2004-04-09,6.25,0.0,27.0,cloudy
2004-04-10,6.1,0.0,26.3,cloudy
2004-04-11,5.45,0.0,24.8,cloudy
2004-04-12,6.25,0.0,21.9,cloudy
2004-04-13,6.4,0.0,13.2,partly_cloudy
2004-04-14,6.35,0.0,11.8,partly_cloudy
2004-04-15,9.9,0.0,14.5,partly_cloudy
2004-04-16,11.350000000000001,0.0,13.1,partly_cloudy
2004-04-17,11.5,0.0,20.1,cloudy
2004-04-18,9.850000000000001,1.9,22.7,cloudy
2004-04-19,7.949999999999999,0.9,16.8,cloudy
2004-04-20,7.45,5.7,13.8,rainy
2004-04-21,8.7,0.0,19.5,cloudy
2004-04-22,11.399999999999999,0.7,16.9,cloudy
2004-04-23,9.25,0.0,20.4,cloudy
2004-04-24,9.9,0.0,18.4,cloudy
2004-04-25,8.75,1.6,15.1,cloudy
2004-04-26,10.15,1.1,10.5,cloudy
2004-04-27,10.75,3.5,17.8,cloudy
2004-04-28,11.45,0.0,29.1,cloudy
2004-04-29,10.1,0.4,31.8,cloudy
2004-04-30,11.7,0.0,33.4,cloudy
2004-05-01,12.65,0.0,23.9,cloudy
2004-05-02,11.1,0.0,15.5,cloudy
2004-05-03,10.45,0.0,17.4,cloudy
2004-05-04,11.399999999999999,2.0,20.7,cloudy
2004-05-05,10.9,1.3,10.1,cloudy
2004-05-06,11.55,6.8,27.3,rainy
2004-05-07,13.100000000000001,1.7,32.5,cloudy
2004-05-08,11.8,1.0,24.2,cloudy
2004-05-09,13.8,2.9,13.6,cloudy
2004-05-10,12.600000000000001,0.0,19.3,cloudy
2004-05-11,10.0,0.0,16.1,cloudy
2004-05-12,10.3,0.0,25.2,cloudy
2004-05-13,9.05,0.0,19.0,cloudy
2004-05-14,7.95,0.0,23.9,cloudy
2004-05-15,11.15,0.0,33.3,cloudy
2004-05-16,11.15,0.0,25.6,cloudy
2004-05-17,12.25,0.0,20.3,cloudy
2004-05-18,12.1,0.0,24.8,cloudy
2004-05-19,11.9,0.0,34.5,cloudy
2004-05-20,10.25,0.0,26.7,cloudy
2004-05-21,8.45,0.0,30.9,cloudy
2004-05-22,7.8,2.3,44.3,cloudy
2004-05-23,9.3,0.0,34.1,cloudy
2004-05-24,10.75,0.6,33.5,cloudy
2004-05-25,9.100000000000001,0.2,32.4,cloudy
2004-05-26,9.45,2.4,30.0,cloudy
2004-05-27,10.5,0.0,21.4,cloudy
2004-05-28,9.25,0.0,21.0,cloudy
2004-05-29,11.75,0.0,10.3,partly_cloudy
2004-05-30,15.8,0.0,22.3,cloudy
2004-05-31,15.149999999999999,0.0,27.6,cloudy
2004-06-01,14.8,0.0,24.5,cloudy
2004-06-02,14.5,0.0,17.7,cloudy
2004-06-03,13.65,0.0,16.4,cloudy
2004-06-04,12.600000000000001,2.1,23.1,cloudy
2004-06-05,13.95,0.0,21.7,cloudy
2004-06-06,13.5,0.0,20.3,cloudy
2004-06-07,15.8,4.1,26.0,cloudy
2004-06-08,14.35,2.3,18.6,cloudy
2004-06-09,14.95,6.1,24.2,rainy
2004-06-10,16.35,0.0,20.4,cloudy
2004-06-11,15.25,2.1,32.1,cloudy
2004-06-12,14.5,0.9,24.5,cloudy
2004-06-13,13.75,0.0,26.3,cloudy
2004-06-14,14.600000000000001,0.0,28.7,cloudy
2004-06-15,14.0,0.4,40.0,cloudy
2004-06-16,12.350000000000001,0.0,40.1,cloudy
2004-06-17,13.649999999999999,7.1,32.6,rainy
2004-06-18,11.899999999999999,1.4,25.3,cloudy
2004-06-19,10.9,7.6,29.3,rainy
2004-06-20,11.100000000000001,3.7,28.1,cloudy
2004-06-21,12.5,4.1,20.9,cloudy
2004-06-22,13.45,0.0,14.1,partly_cloudy
2004-06-23,14.0,13.7,33.4,rainy
2004-06-24,13.399999999999999,12.3,47.3,rainy
2004-06-25,13.0,13.0,43.8,rainy
2004-06-26,11.8,0.1,32.6,cloudy
2004-06-27,13.3,4.5,13.1,cloudy
2004-06-28,13.7,3.7,35.6,cloudy
2004-06-29,14.100000000000001,0.0,30.9,cloudy
2004-06-30,15.049999999999999,1.2,20.2,cloudy
2004-07-01,14.25,4.1,29.2,cloudy
2004-07-02,13.55,2.9,22.9,cloudy
2004-07-03,13.5,8.3,29.1,rainy
2004-07-04,13.6,7.6,27.6,rainy
2004-07-05,14.0,0.2,25.3,cloudy
2004-07-06,13.9,1.3,29.6,cloudy
2004-07-07,13.850000000000001,0.0,17.4,cloudy
2004-07-08,15.85,11.2,25.9,rainy
2004-07-09,15.15,0.5,17.8,cloudy
2004-07-10,14.2,0.2,30.1,cloudy
2004-07-11,13.8,0.9,34.6,cloudy
2004-07-12,13.7,0.3,35.9,cloudy
2004-07-13,13.600000000000001,0.8,38.7,cloudy
2004-07-14,14.600000000000001,8.7,30.4,rainy
2004-07-15,15.25,0.5,27.5,cloudy
2004-07-16,14.850000000000001,0.8,16.1,cloudy
2004-07-17,17.0,0.2,20.4,cloudy
2004-07-18,16.8,2.4,20.7,cloudy
2004-07-19,15.95,4.1,17.9,cloudy
2004-07-20,16.65,0.1,17.6,cloudy
2004-07-21,15.149999999999999,0.0,16.8,cloudy
2004-07-22,17.0,0.3,12.7,partly_cloudy
2004-07-23,18.25,8.4,18.4,rainy
2004-07-24,16.65,0.0,22.2,cloudy
2004-07-25,14.2,7.9,25.4,rainy
2004-07-26,14.9,1.0,22.5,cloudy
2004-07-27,15.149999999999999,0.3,19.7,cloudy
2004-07-28,14.65,0.0,12.2,partly_cloudy
2004-07-29,18.05,0.0,16.2,cloudy
2004-07-30,19.799999999999997,0.0,15.5,cloudy
2004-07-31,18.799999999999997,6.0,13.0,rainy
2004-08-01,18.2,0.0,17.7,cloudy
2004-08-02,19.0,0.0,12.9,partly_cloudy
2004-08-03,18.95,2.1,12.6,cloudy
2004-08-04,19.5,0.2,11.9,partly_cloudy
2004-08-05,22.299999999999997,0.3,18.8,sunny
2004-08-06,22.6,0.1,20.2,cloudy
2004-08-07,22.799999999999997,0.0,24.1,cloudy
2004-08-08,23.25,0.0,28.3,cloudy
2004-08-09,23.15,0.0,25.8,cloudy
2004-08-10,22.75,0.0,28.1,cloudy
2004-08-11,20.5,2.0,26.4,cloudy
2004-08-12,19.7,0.0,14.7,partly_cloudy
2004-08-13,17.5,19.3,16.7,rainy
2004-08-14,19.15,0.0,16.3,cloudy
2004-08-15,18.25,0.2,28.8,cloudy
2004-08-16,18.4,18.2,20.2,rainy
2004-08-17,18.35,3.8,24.5,cloudy
2004-08-18,18.65,5.2,18.4,rainy
2004-08-19,18.55,20.8,46.8,rainy
2004-08-20,17.0,6.4,32.7,rainy
2004-08-21,15.05,2.0,26.7,cloudy
2004-08-22,14.3,0.1,27.1,cloudy
2004-08-23,14.25,1.5,24.9,cloudy
2004-08-24,16.35,14.5,23.4,rainy
2004-08-25,15.8,7.5,28.5,rainy
2004-08-26,16.4,4.7,27.3,cloudy
2004-08-27,15.45,9.9,30.6,rainy
2004-08-28,15.3,0.1,24.2,cloudy
2004-08-29,15.2,3.8,26.7,cloudy
2004-08-30,13.8,16.2,30.8,rainy
2004-08-31,13.649999999999999,7.6,32.2,rainy
2004-09-01,14.850000000000001,3.6,35.9,cloudy
2004-09-02,15.7,0.0,15.9,cloudy
2004-09-03,17.3,0.0,15.9,cloudy
2004-09-04,17.4,0.0,8.5,partly_cloudy
2004-09-05,18.3,0.0,10.5,partly_cloudy
2004-09-06,17.8,0.0,20.6,cloudy
2004-09-07,15.5,0.0,20.6,cloudy
2004-09-08,15.55,0.0,19.8,cloudy
2004-09-09,13.850000000000001,0.0,15.0,cloudy
2004-09-10,16.05,0.0,21.9,cloudy
2004-09-11,18.0,0.6,28.9,cloudy
2004-09-12,15.45,5.0,44.4,cloudy
2004-09-13,15.7,11.1,43.5,rainy
2004-09-14,15.149999999999999,9.0,48.5,rainy
2004-09-15,13.6,3.7,47.4,cloudy
2004-09-16,13.2,0.0,31.9,cloudy
2004-09-17,14.85,0.1,29.7,cloudy
2004-09-18,16.25,4.0,30.7,cloudy
2004-09-19,14.3,3.7,27.8,cloudy
2004-09-20,13.45,19.5,46.0,rainy
2004-09-21,12.55,11.8,43.0,rainy
2004-09-22,11.9,2.9,39.7,cloudy
2004-09-23,11.850000000000001,4.5,32.0,cloudy
2004-09-24,12.899999999999999,2.8,35.4,cloudy
2004-09-25,12.25,2.3,31.2,cloudy
2004-09-26,13.15,1.1,27.2,cloudy
2004-09-27,13.25,0.9,31.5,cloudy
2004-09-28,13.149999999999999,7.2,25.1,rainy
2004-09-29,12.0,1.5,22.6,cloudy
2004-09-30,11.2,0.0,14.2,partly_cloudy
2004-10-01,11.0,0.0,22.4,cloudy
2004-10-02,13.149999999999999,4.1,26.0,cloudy
2004-10-03,13.0,1.9,28.0,cloudy
2004-10-04,13.3,5.7,35.1,rainy
2004-10-05,12.65,1.4,23.9,cloudy
2004-10-06,12.7,1.9,36.7,cloudy
2004-10-07,11.6,2.7,34.4,cloudy
2004-10-08,11.0,0.0,26.3,cloudy
2004-10-09,8.45,0.1,12.6,partly_cloudy
2004-10-10,7.65,0.0,21.0,cloudy
2004-10-11,7.9,0.0,23.9,cloudy
2004-10-12,6.4,0.0,35.7,cloudy
2004-10-13,7.85,0.0,29.0,cloudy
2004-10-14,8.9,1.8,25.9,cloudy
2004-10-15,8.6,3.2,21.5,cloudy
2004-10-16,8.4,2.2,26.4,cloudy
2004-10-17,8.15,3.5,23.9,cloudy
2004-10-18,9.75,5.4,23.2,rainy
2004-10-19,9.6,0.0,14.3,partly_cloudy
2004-10-20,8.9,7.7,36.3,rainy
2004-10-21,12.7,6.9,42.7,rainy
2004-10-22,12.149999999999999,1.6,41.8,cloudy
2004-10-23,13.2,9.2,39.5,rainy
2004-10-24,13.55,9.7,34.0,rainy
2004-10-25,12.850000000000001,5.7,46.1,rainy
2004-10-26,9.95,0.9,36.7,cloudy
2004-10-27,8.55,0.0,26.5,cloudy
2004-10-28,9.25,2.7,33.9,cloudy
2004-10-29,10.2,4.8,23.7,cloudy
2004-10-30,10.4,1.0,13.0,cloudy
2004-10-31,8.75,0.0,15.5,cloudy
2004-11-01,9.4,0.0,13.0,partly_cloudy
2004-11-02,9.55,0.0,26.2,cloudy
2004-11-03,9.75,1.0,29.5,cloudy
2004-11-04,10.350000000000001,0.4,27.0,cloudy
2004-11-05,8.8,4.7,39.5,cloudy
2004-11-06,8.350000000000001,1.1,29.8,cloudy
2004-11-07,6.1,0.0,16.3,cloudy
2004-11-08,5.8,0.6,16.9,cloudy
2004-11-09,4.1,3.2,25.8,cloudy
2004-11-10,7.0,8.3,26.6,rainy
2004-11-11,4.8,0.0,21.7,cloudy
2004-11-12,8.45,6.0,40.3,rainy
2004-11-13,5.4,0.8,37.7,cloudy
2004-11-14,6.800000000000001,0.0,23.9,cloudy
2004-11-15,9.25,0.4,33.6,cloudy
2004-11-16,7.45,0.0,25.0,cloudy
2004-11-17,8.05,4.0,45.0,cloudy
2004-11-18,6.449999999999999,2.1,61.6,stormy
2004-11-19,2.4,0.0,18.3,cloudy
2004-11-20,2.45,2.8,31.4,cloudy
2004-11-21,2.65,0.4,26.3,cloudy
2004-11-22,6.45,13.1,41.3,rainy
2004-11-23,4.15,0.0,40.8,cloudy
2004-11-24,2.75,0.0,22.7,cloudy
2004-11-25,6.15,0.0,24.9,cloudy
2004-11-26,6.050000000000001,2.6,29.3,cloudy
2004-11-27,7.4,0.4,23.9,cloudy
2004-11-28,6.35,3.3,18.4,cloudy
2004-11-29,5.45,0.0,8.6,partly_cloudy
2004-11-30,4.7,0.0,17.4,cloudy
2004-12-01,2.25,8.3,15.7,rainy
2004-12-02,4.25,1.1,14.2,cloudy
2004-12-03,5.25,0.0,17.6,cloudy
2004-12-04,7.35,0.3,26.9,cloudy
2004-12-05,8.55,0.2,32.9,cloudy
2004-12-06,7.65,0.0,29.3,cloudy
2004-12-07,7.75,0.0,28.2,cloudy
2004-12-08,5.699999999999999,0.0,19.7,cloudy
2004-12-09,2.7,0.0,15.3,cloudy
2004-12-10,1.6,0.0,17.1,cloudy
2004-12-11,5.75,0.0,13.3,partly_cloudy
2004-12-12,6.300000000000001,0.0,17.9,cloudy
2004-12-13,6.05,0.0,17.3,cloudy
2004-12-14,2.75,0.0,31.6,cloudy
2004-12-15,6.199999999999999,2.1,36.0,cloudy
2004-12-16,5.300000000000001,3.9,38.3,cloudy
2004-12-17,5.8,8.2,36.2,rainy
2004-12-18,4.1,0.3,35.5,cloudy
2004-12-19,2.55,0.3,28.4,cloudy
2004-12-20,4.9,0.1,35.5,cloudy
2004-12-21,2.6,0.7,24.8,cloudy
2004-12-22,5.3,6.6,45.7,rainy
2004-12-23,8.15,4.5,48.5,cloudy
2004-12-24,6.800000000000001,8.4,48.7,rainy
2004-12-25,5.15,9.7,35.7,rainy
2004-12-26,1.4500000000000002,0.0,18.6,cloudy
2004-12-27,-0.8999999999999999,0.0,27.2,cloudy
2004-12-28,1.8,4.4,33.5,cloudy
2004-12-29,3.25,0.0,25.1,cloudy
2004-12-30,6.199999999999999,0.7,36.6,cloudy
2004-12-31,5.6,11.7,24.7,rainy
2005-01-01,4.45,0.9,39.5,cloudy
2005-01-02,5.45,6.3,49.2,rainy
2005-01-03,5.550000000000001,2.9,42.9,cloudy
2005-01-04,7.199999999999999,1.6,45.5,cloudy
2005-01-05,6.1,2.0,33.8,cloudy
2005-01-06,6.800000000000001,2.4,41.6,cloudy
2005-01-07,8.5,2.3,48.7,cloudy
2005-01-08,7.8999999999999995,1.7,78.0,stormy
2005-01-09,7.050000000000001,1.3,54.2,stormy
2005-01-10,8.55,2.0,46.5,cloudy
2005-01-11,7.35,1.1,37.7,cloudy
2005-01-12,7.5,1.6,43.7,cloudy
2005-01-13,5.050000000000001,1.6,38.1,cloudy
2005-01-14,5.0,0.0,29.0,cloudy
2005-01-15,2.3499999999999996,0.0,23.4,cloudy
2005-01-16,2.4,0.0,23.8,cloudy
2005-01-17,4.95,4.1,38.2,cloudy
2005-01-18,4.6,9.4,38.1,rainy
2005-01-19,3.4,1.7,33.6,cloudy
2005-01-20,5.55,7.7,50.1,stormy
2005-01-21,3.8499999999999996,0.9,44.3,cloudy
2005-01-22,3.8000000000000003,0.0,32.6,cloudy
2005-01-23,2.05,0.4,36.0,cloudy
2005-01-24,0.6499999999999999,0.0,31.9,cloudy
2005-01-25,-0.65,0.0,26.4,cloudy
2005-01-26,-1.3,0.8,18.8,cloudy
2005-01-27,-0.45,0.7,13.9,partly_cloudy
2005-01-28,-0.35,0.2,14.8,partly_cloudy
2005-01-29,0.5,0.2,19.7,cloudy
2005-01-30,4.9,0.0,34.4,cloudy
2005-01-31,5.25,0.1,39.0,cloudy
2005-02-01,3.75,0.0,37.4,cloudy
2005-02-02,4.4,0.0,30.7,cloudy
2005-02-03,3.1,0.0,18.3,cloudy
2005-02-04,4.8,0.0,24.0,cloudy
2005-02-05,2.8,0.0,21.4,cloudy
2005-02-06,-0.3999999999999999,0.0,22.0,cloudy
2005-02-07,-1.1,0.0,20.3,cloudy
2005-02-08,-2.5500000000000003,0.0,17.9,cloudy
2005-02-09,1.2999999999999998,1.6,28.5,cloudy
2005-02-10,5.6,5.8,40.8,rainy
2005-02-11,4.1,0.0,31.6,cloudy
2005-02-12,3.35,18.9,52.9,stormy
2005-02-13,1.9,0.2,44.1,cloudy
2005-02-14,1.0,0.0,34.6,cloudy
2005-02-15,0.24999999999999994,0.0,32.5,cloudy
2005-02-16,-0.9500000000000001,0.0,20.8,cloudy
2005-02-17,-0.9999999999999999,0.0,15.5,cloudy
2005-02-18,1.9500000000000002,4.8,36.3,cloudy
2005-02-19,2.25,0.1,18.5,cloudy
2005-02-20,1.4,0.3,20.4,cloudy
2005-02-21,1.95,0.0,26.5,cloudy
2005-02-22,-0.25,0.4,34.1,cloudy
2005-02-23,-0.8,7.5,42.2,rainy
2005-02-24,0.65,4.0,34.1,cloudy
2005-02-25,-0.40000000000000013,0.2,21.3,cloudy
2005-02-26,-1.4,0.0,25.1,cloudy
2005-02-27,-5.05,0.0,31.1,cloudy
2005-02-28,-3.3,1.6,36.7,cloudy
2005-03-01,0.7,4.7,38.7,cloudy
2005-03-02,-1.25,0.0,23.4,cloudy
2005-03-03,-5.4,0.0,25.0,cloudy
2005-03-04,-7.1000000000000005,0.0,26.8,cloudy
2005-03-05,-3.5,0.0,26.8,cloudy
2005-03-06,-3.0,0.0,20.5,cloudy
2005-03-07,-0.4500000000000002,0.0,20.7,cloudy
2005-03-08,1.9500000000000002,0.0,16.6,cloudy
2005-03-09,1.2,0.9,17.9,cloudy
2005-03-10,-0.4500000000000002,0.0,29.4,cloudy
2005-03-11,3.2,9.3,41.9,rainy
2005-03-12,0.5000000000000001,1.7,35.1,cloudy
2005-03-13,0.0,1.4,26.7,cloudy
2005-03-14,2.75,0.7,30.4,cloudy
2005-03-15,3.6500000000000004,10.4,32.4,rainy
2005-03-16,6.75,2.3,36.1,cloudy
2005-03-17,6.8,8.3,37.5,rainy
2005-03-18,5.35,1.3,35.1,cloudy
2005-03-19,0.8,0.0,25.2,cloudy
2005-03-20,0.3500000000000001,0.0,16.0,cloudy
2005-03-21,3.15,0.0,19.2,cloudy
2005-03-22,5.55,0.0,26.5,cloudy
2005-03-23,6.5,1.2,19.2,cloudy
2005-03-24,7.75,0.0,20.9,cloudy
2005-03-25,6.6,5.1,21.2,rainy
2005-03-26,5.800000000000001,1.6,16.3,cloudy
2005-03-27,4.4,0.0,29.3,cloudy
2005-03-28,4.4,0.0,26.7,cloudy
2005-03-29,4.55,0.4,31.0,cloudy
2005-03-30,4.95,0.0,32.8,cloudy
2005-03-31,4.6,0.0,25.3,cloudy
2005-04-01,6.15,0.0,19.3,cloudy
2005-04-02,7.65,0.0,18.8,cloudy
2005-04-03,9.7,0.0,18.4,cloudy
2005-04-04,11.25,1.0,19.5,cloudy
2005-04-05,6.800000000000001,1.9,31.1,cloudy
2005-04-06,7.7,2.8,34.4,cloudy
2005-04-07,6.55,6.5,41.7,rainy
2005-04-08,5.6,0.2,27.8,cloudy
2005-04-09,3.65,0.0,26.0,cloudy
2005-04-10,5.1,2.0,23.6,cloudy
2005-04-11,8.3,0.0,23.5,cloudy
2005-04-12,8.25,0.0,25.3,cloudy
2005-04-13,6.85,6.7,12.6,rainy
2005-04-14,9.2,6.9,19.8,rainy
2005-04-15,12.25,0.2,20.9,cloudy
2005-04-16,11.25,0.0,25.8,cloudy
2005-04-17,10.0,0.0,29.9,cloudy
2005-04-18,8.15,2.4,30.4,cloudy
2005-04-19,7.35,4.4,29.9,cloudy
2005-04-20,6.35,0.0,25.4,cloudy
2005-04-21,5.65,0.0,20.1,cloudy
2005-04-22,6.0,0.0,14.3,partly_cloudy
2005-04-23,6.8,0.0,26.0,cloudy
2005-04-24,7.1,0.0,26.3,cloudy
2005-04-25,7.35,0.0,31.2,cloudy
2005-04-26,8.7,0.0,26.3,cloudy
2005-04-27,7.3999999999999995,11.8,25.1,rainy
2005-04-28,9.65,0.0,19.3,cloudy
2005-04-29,10.85,0.6,22.8,cloudy
2005-04-30,9.45,1.5,10.5,cloudy
2005-05-01,12.7,3.5,24.3,cloudy
2005-05-02,12.850000000000001,1.9,24.2,cloudy
2005-05-03,11.7,5.9,12.4,rainy
2005-05-04,9.15,6.2,27.7,rainy
2005-05-05,8.35,1.0,31.3,cloudy
2005-05-06,7.85,2.7,31.6,cloudy
2005-05-07,7.5,3.8,25.8,cloudy
2005-05-08,6.8500000000000005,2.4,26.6,cloudy
2005-05-09,7.6,3.7,28.5,cloudy
2005-05-10,7.85,1.4,28.3,cloudy
2005-05-11,8.1,0.2,32.3,cloudy
2005-05-12,8.55,0.0,20.9,cloudy
2005-05-13,8.1,0.0,14.3,partly_cloudy
2005-05-14,9.3,0.1,20.5,cloudy
2005-05-15,11.25,0.0,20.7,cloudy
2005-05-16,7.85,1.4,28.4,cloudy
2005-05-17,7.449999999999999,0.5,21.1,cloudy
2005-05-18,7.050000000000001,0.0,24.7,cloudy
2005-05-19,9.85,0.2,26.6,cloudy
2005-05-20,12.5,7.6,27.0,rainy
2005-05-21,13.2,5.1,24.0,rainy
2005-05-22,14.15,0.5,16.4,cloudy
2005-05-23,11.5,0.4,22.5,cloudy
2005-05-24,11.3,1.8,27.3,cloudy
2005-05-25,13.2,3.1,26.9,cloudy
2005-05-26,17.35,0.0,26.7,cloudy
2005-05-27,14.700000000000001,0.0,17.7,cloudy
2005-05-28,18.2,0.0,22.7,cloudy
2005-05-29,13.1,0.0,23.0,cloudy
2005-05-30,11.5,4.9,23.2,cloudy
2005-05-31,9.95,1.6,37.7,cloudy
2005-06-01,8.9,0.0,27.3,cloudy
2005-06-02,10.2,5.8,27.4,rainy
2005-06-03,15.1,17.5,24.6,rainy
2005-06-04,12.2,9.5,44.2,rainy
2005-06-05,11.149999999999999,0.4,30.9,cloudy
2005-06-06,9.75,0.3,40.8,cloudy
2005-06-07,11.399999999999999,0.0,33.4,cloudy
2005-06-08,10.600000000000001,0.0,19.6,cloudy
2005-06-09,10.95,0.0,17.0,cloudy
2005-06-10,10.899999999999999,0.0,35.2,cloudy
2005-06-11,10.25,0.3,34.0,cloudy
2005-06-12,10.25,0.8,25.2,cloudy
2005-06-13,10.75,12.7,33.1,rainy
2005-06-14,14.3,0.0,23.2,cloudy
2005-06-15,15.05,0.0,18.8,cloudy
2005-06-16,15.7,4.0,18.7,cloudy
2005-06-17,14.3,1.5,26.3,cloudy
2005-06-18,13.95,0.0,27.3,cloudy
2005-06-19,15.899999999999999,0.0,8.0,partly_cloudy
2005-06-20,20.3,0.0,17.5,sunny
2005-06-21,17.95,0.0,26.5,cloudy
2005-06-22,15.899999999999999,0.0,21.5,cloudy
2005-06-23,17.950000000000003,0.0,13.9,partly_cloudy
2005-06-24,20.6,0.2,12.1,sunny
2005-06-25,16.3,1.4,25.9,cloudy
2005-06-26,14.1,0.0,23.2,cloudy
2005-06-27,13.7,0.0,26.4,cloudy
2005-06-28,14.299999999999999,0.0,25.7,cloudy
2005-06-29,15.95,0.0,17.7,cloudy
2005-06-30,17.75,0.0,22.2,cloudy
2005-07-01,17.5,3.3,17.3,cloudy
2005-07-02,17.25,0.0,10.2,partly_cloudy
2005-07-03,18.05,1.7,13.3,cloudy
2005-07-04,21.5,4.9,35.5,cloudy
2005-07-05,15.45,9.8,22.0,rainy
2005-07-06,16.25,0.2,19.1,cloudy
2005-07-07,16.5,3.7,16.6,cloudy
2005-07-08,18.55,3.2,15.0,cloudy
2005-07-09,20.55,0.0,14.5,sunny
2005-07-10,20.75,0.0,22.9,cloudy
2005-07-11,19.55,0.0,18.0,cloudy
2005-07-12,19.950000000000003,0.0,19.6,cloudy
2005-07-13,17.3,0.0,18.6,cloudy
2005-07-14,17.65,0.4,17.9,cloudy
2005-07-15,19.1,0.9,26.7,cloudy
2005-07-16,15.850000000000001,1.3,30.0,cloudy
2005-07-17,16.2,0.0,27.5,cloudy
2005-07-18,19.0,0.2,16.1,cloudy
2005-07-19,16.25,4.8,34.9,cloudy
2005-07-20,14.35,23.2,33.2,rainy
2005-07-21,15.75,10.3,39.6,rainy
2005-07-22,16.95,0.6,21.4,cloudy
2005-07-23,15.05,0.4,25.2,cloudy
2005-07-24,14.350000000000001,0.0,24.9,cloudy
2005-07-25,14.3,3.5,11.9,cloudy
2005-07-26,14.950000000000001,0.2,22.2,cloudy
2005-07-27,15.55,0.0,13.2,partly_cloudy
2005-07-28,18.35,7.4,14.5,rainy
2005-07-29,19.6,12.2,13.8,rainy
2005-07-30,17.200000000000003,6.7,25.8,rainy
2005-07-31,16.3,15.6,31.4,rainy
2005-08-01,16.15,0.6,27.7,cloudy
2005-08-02,14.600000000000001,0.2,19.0,cloudy
2005-08-03,15.15,3.9,24.4,cloudy
2005-08-04,15.350000000000001,2.1,29.5,cloudy
2005-08-05,14.25,11.9,29.1,rainy
2005-08-06,13.600000000000001,4.7,29.6,cloudy
2005-08-07,13.600000000000001,4.5,23.9,cloudy
2005-08-08,13.45,3.2,20.6,cloudy
2005-08-09,15.4,1.9,18.2,cloudy
2005-08-10,15.15,1.1,39.0,cloudy
2005-08-11,14.5,0.1,37.4,cloudy
2005-08-12,14.75,0.1,29.8,cloudy
2005-08-13,14.95,0.4,29.9,cloudy
2005-08-14,15.2,8.2,17.7,rainy
2005-08-15,15.85,0.0,22.5,cloudy
2005-08-16,14.85,0.0,19.8,cloudy
2005-08-17,15.149999999999999,0.0,9.8,partly_cloudy
2005-08-18,18.1,0.0,18.8,cloudy
2005-08-19,19.9,0.0,21.8,cloudy
2005-08-20,18.549999999999997,0.5,17.7,cloudy
2005-08-21,18.7,0.2,20.0,cloudy
2005-08-22,18.8,0.0,17.7,cloudy
2005-08-23,15.549999999999999,0.4,20.5,cloudy
2005-08-24,14.75,0.4,25.9,cloudy
2005-08-25,14.8,10.9,29.9,rainy
2005-08-26,12.9,8.5,29.3,rainy
2005-08-27,13.8,2.6,29.5,cloudy
2005-08-28,16.05,0.6,26.5,cloudy
2005-08-29,17.9,0.0,29.6,cloudy
2005-08-30,15.350000000000001,0.0,14.0,partly_cloudy
2005-08-31,17.15,0.0,25.2,cloudy
2005-09-01,20.700000000000003,5.1,25.3,rainy
2005-09-02,15.600000000000001,0.3,16.3,cloudy
2005-09-03,15.05,0.0,15.5,cloudy
2005-09-04,14.799999999999999,0.0,13.1,partly_cloudy
2005-09-05,18.0,0.0,15.6,cloudy
2005-09-06,19.1,0.0,15.3,cloudy
2005-09-07,18.35,0.0,22.2,cloudy
2005-09-08,17.6,0.1,30.8,cloudy
2005-09-09,16.75,0.9,20.6,cloudy
2005-09-10,17.65,0.0,22.0,cloudy
2005-09-11,16.200000000000003,0.0,23.5,cloudy
2005-09-12,15.0,0.0,27.4,cloudy
2005-09-13,14.649999999999999,0.0,24.7,cloudy
2005-09-14,16.15,1.3,40.5,cloudy
2005-09-15,13.2,4.7,30.1,cloudy
2005-09-16,11.5,2.3,26.2,cloudy
2005-09-17,10.6,0.0,18.4,cloudy
2005-09-18,12.350000000000001,0.0,25.0,cloudy
2005-09-19,15.2,0.5,15.8,cloudy
2005-09-20,14.75,0.0,16.9,cloudy
2005-09-21,14.350000000000001,1.4,10.5,cloudy
2005-09-22,14.850000000000001,0.0,15.5,cloudy
2005-09-23,15.3,0.0,19.8,cloudy
2005-09-24,15.649999999999999,0.1,14.5,partly_cloudy
2005-09-25,16.15,3.5,18.7,cloudy
2005-09-26,15.0,0.4,20.1,cloudy
2005-09-27,14.899999999999999,3.2,33.2,cloudy
2005-09-28,13.1,3.5,26.9,cloudy
2005-09-29,12.2,8.4,34.4,rainy
2005-09-30,12.95,0.0,30.6,cloudy
2005-10-01,13.2,6.9,32.0,rainy
2005-10-02,12.15,0.5,13.0,partly_cloudy
2005-10-03,11.850000000000001,0.0,10.2,partly_cloudy
2005-10-04,12.15,0.0,13.4,partly_cloudy
2005-10-05,13.2,0.0,21.6,cloudy
2005-10-06,14.8,0.0,17.5,cloudy
2005-10-07,15.1,0.0,22.3,cloudy
2005-10-08,14.25,0.0,18.9,cloudy
2005-10-09,12.5,0.5,25.9,cloudy
2005-10-10,14.15,0.0,20.3,cloudy
2005-10-11,14.4,0.0,24.2,cloudy
2005-10-12,14.100000000000001,0.0,23.1,cloudy
2005-10-13,12.9,0.0,20.9,cloudy
2005-10-14,11.45,0.0,13.4,partly_cloudy
2005-10-15,9.9,0.0,17.9,cloudy
2005-10-16,8.85,0.0,21.3,cloudy
2005-10-17,9.1,0.0,19.6,cloudy
2005-10-18,9.5,0.0,22.5,cloudy
2005-10-19,9.0,0.4,28.2,cloudy
2005-10-20,11.1,3.7,34.0,cloudy
2005-10-21,12.05,5.4,27.8,rainy
2005-10-22,12.15,4.7,42.9,cloudy
2005-10-23,9.5,0.2,25.0,cloudy
2005-10-24,8.7,7.8,31.1,rainy
2005-10-25,13.3,22.0,46.9,rainy
2005-10-26,13.149999999999999,3.2,43.7,cloudy
2005-10-27,14.399999999999999,0.8,25.5,cloudy
2005-10-28,14.8,0.0,26.7,cloudy
2005-10-29,13.25,0.5,22.0,cloudy
2005-10-30,14.4,0.1,21.7,cloudy
2005-10-31,13.65,0.0,26.0,cloudy
2005-11-01,12.55,2.9,26.1,cloudy
2005-11-02,10.75,5.0,26.3,cloudy
2005-11-03,13.9,13.5,34.1,rainy
2005-11-04,13.399999999999999,2.1,35.6,cloudy
2005-11-05,10.95,3.4,35.3,cloudy
2005-11-06,11.0,0.0,33.5,cloudy
2005-11-07,11.15,4.5,31.8,cloudy
2005-11-08,10.85,0.0,29.2,cloudy
2005-11-09,10.15,0.0,25.6,cloudy
2005-11-10,10.25,1.0,39.7,cloudy
2005-11-11,12.45,4.8,36.8,cloudy
2005-11-12,10.399999999999999,0.9,37.0,cloudy
2005-11-13,9.2,0.0,21.0,cloudy
2005-11-14,8.85,0.0,42.4,cloudy
2005-11-15,8.55,8.0,43.3,rainy
2005-11-16,3.5500000000000003,0.6,21.4,cloudy
2005-11-17,2.8499999999999996,0.0,10.9,partly_cloudy
2005-11-18,2.4,0.0,12.6,partly_cloudy
2005-11-19,3.3,1.2,15.9,cloudy
2005-11-20,6.55,4.5,24.9,cloudy
2005-11-21,3.3,0.2,16.0,cloudy
2005-11-22,4.85,0.4,13.0,partly_cloudy
2005-11-23,6.949999999999999,0.0,9.8,partly_cloudy
2005-11-24,5.6,9.8,39.2,rainy
2005-11-25,2.0,5.1,35.0,rainy
2005-11-26,1.45,0.2,31.6,cloudy
2005-11-27,0.55,0.0,16.1,cloudy
2005-11-28,0.8999999999999999,0.0,11.9,partly_cloudy
2005-11-29,2.35,0.8,18.7,cloudy
2005-11-30,4.2,2.1,17.5,cloudy
2005-12-01,2.95,0.0,26.8,cloudy
2005-12-02,0.85,0.2,30.4,cloudy
2005-12-03,1.8,0.5,31.1,cloudy
2005-12-04,4.1,0.7,24.0,cloudy
2005-12-05,5.0,0.2,18.7,cloudy
2005-12-06,5.9,1.1,16.9,cloudy
2005-12-07,4.7,0.0,12.1,partly_cloudy
2005-12-08,3.6,0.0,17.5,cloudy
2005-12-09,1.35,0.0,13.5,partly_cloudy
2005-12-10,3.9,0.0,28.4,cloudy
2005-12-11,7.8500000000000005,0.0,27.4,cloudy
2005-12-12,7.1,0.0,28.8,cloudy
2005-12-13,6.699999999999999,1.1,25.0,cloudy
2005-12-14,7.05,1.5,30.5,cloudy
2005-12-15,7.1000000000000005,1.8,48.1,cloudy
2005-12-16,3.8000000000000003,11.0,43.7,rainy
2005-12-17,0.9500000000000001,0.4,34.7,cloudy
2005-12-18,3.25,0.3,29.2,cloudy
2005-12-19,4.0,4.8,28.6,cloudy
2005-12-20,4.0,0.8,27.5,cloudy
2005-12-21,3.85,1.0,30.4,cloudy
2005-12-22,6.35,0.0,28.6,cloudy
2005-12-23,6.75,3.6,27.8,cloudy
2005-12-24,5.3,0.5,32.8,cloudy
2005-12-25,2.1,0.0,20.8,cloudy
2005-12-26,0.75,0.8,30.6,cloudy
2005-12-27,0.35,1.6,34.0,cloudy
2005-12-28,-1.2,0.2,27.0,cloudy
2005-12-29,-1.2000000000000002,1.7,23.1,cloudy
2005-12-30,-0.15000000000000002,0.6,32.4,cloudy
2005-12-31,-0.10000000000000009,5.6,32.1,rainy
2006-01-01,3.25,5.8,23.2,rainy
2006-01-02,0.95,0.0,17.1,cloudy
2006-01-03,0.8999999999999999,0.0,8.6,partly_cloudy
2006-01-04,0.5,0.0,19.8,cloudy
2006-01-05,1.25,0.0,29.5,cloudy
2006-01-06,0.2,0.0,26.4,cloudy
2006-01-07,0.1,0.0,23.4,cloudy
2006-01-08,-1.2,0.0,22.9,cloudy
2006-01-09,-2.9000000000000004,0.0,18.8,cloudy
2006-01-10,0.5499999999999998,0.0,33.8,cloudy
2006-01-11,4.85,5.1,40.8,rainy
2006-01-12,3.05,0.0,23.2,cloudy
2006-01-13,0.6,0.0,22.3,cloudy
2006-01-14,0.7500000000000001,0.0,21.1,cloudy
2006-01-15,-0.9999999999999999,0.0,19.2,cloudy
2006-01-16,-1.7,0.0,22.7,cloudy
2006-01-17,0.35,4.3,25.5,cloudy
2006-01-18,0.25,1.6,14.7,cloudy
2006-01-19,0.19999999999999996,4.2,28.4,cloudy
2006-01-20,3.5999999999999996,4.0,32.1,cloudy
2006-01-21,0.8500000000000001,0.7,28.1,cloudy
2006-01-22,-2.75,0.0,19.3,cloudy
2006-01-23,-5.9,0.0,21.9,cloudy
2006-01-24,-3.3499999999999996,0.0,21.2,cloudy
2006-01-25,2.15,1.3,29.9,cloudy
2006-01-26,-0.7,0.0,28.6,cloudy
2006-01-27,-1.9500000000000002,0.0,12.0,partly_cloudy
2006-01-28,-3.4,0.0,10.4,partly_cloudy
2006-01-29,0.85,0.0,12.6,partly_cloudy
2006-01-30,2.8499999999999996,0.0,23.8,cloudy
2006-01-31,2.9,0.0,22.4,cloudy
2006-02-01,2.6,0.0,18.3,cloudy
2006-02-02,2.6,0.0,20.9,cloudy
2006-02-03,1.7999999999999998,0.0,20.7,cloudy
2006-02-04,-0.050000000000000044,0.0,20.5,cloudy
2006-02-05,-0.7000000000000001,0.3,14.5,partly_cloudy
2006-02-06,2.5,5.3,30.3,rainy
2006-02-07,5.85,3.8,33.7,cloudy
2006-02-08,4.300000000000001,8.1,42.3,rainy
2006-02-09,2.25,2.7,47.9,cloudy
2006-02-10,1.3499999999999999,0.0,29.7,cloudy
2006-02-11,-1.3499999999999999,0.0,9.0,partly_cloudy
2006-02-12,-0.1499999999999999,0.0,18.9,cloudy
2006-02-13,1.5,0.0,14.1,partly_cloudy
2006-02-14,0.34999999999999987,0.0,22.5,cloudy
2006-02-15,3.15,5.7,32.5,rainy
2006-02-16,3.75,2.9,18.9,cloudy
2006-02-17,3.7,3.1,17.3,cloudy
2006-02-18,3.65,1.4,17.5,cloudy
2006-02-19,2.4000000000000004,0.0,11.8,partly_cloudy
2006-02-20,2.35,0.0,21.7,cloudy
2006-02-21,1.7000000000000002,0.0,28.3,cloudy
2006-02-22,0.25000000000000006,0.0,21.7,cloudy
2006-02-23,0.75,1.2,25.0,cloudy
2006-02-24,1.1,0.0,29.6,cloudy
2006-02-25,-0.04999999999999999,0.0,21.0,cloudy
2006-02-26,-0.7,0.0,21.9,cloudy
2006-02-27,-1.3000000000000003,0.0,26.8,cloudy
2006-02-28,1.15,3.8,29.0,cloudy
2006-03-01,0.15000000000000002,3.5,27.2,cloudy
2006-03-02,0.2,3.4,25.2,cloudy
2006-03-03,-2.5,1.1,21.0,cloudy
2006-03-04,-4.5,2.4,25.7,cloudy
2006-03-05,-4.2,0.5,16.6,cloudy
2006-03-06,-2.25,1.9,20.5,cloudy
2006-03-07,-2.0500000000000003,0.0,17.2,cloudy
2006-03-08,-1.3499999999999999,0.0,23.3,cloudy
2006-03-09,-0.15000000000000002,0.0,27.7,cloudy
2006-03-10,-0.85,2.4,33.3,cloudy
2006-03-11,-3.7,0.0,32.0,cloudy
2006-03-12,-3.5,0.0,20.5,cloudy
2006-03-13,-5.1000000000000005,0.0,14.8,partly_cloudy
2006-03-14,-4.25,0.0,20.0,cloudy
2006-03-15,-1.45,0.0,21.9,cloudy
2006-03-16,0.5,0.0,25.0,cloudy
2006-03-17,0.19999999999999996,0.0,21.3,cloudy
2006-03-18,0.30000000000000004,0.0,16.9,cloudy
2006-03-19,2.55,0.0,26.5,cloudy
2006-03-20,2.0,0.0,27.6,cloudy
2006-03-21,0.9000000000000001,0.1,20.0,cloudy
2006-03-22,0.8,0.0,19.9,cloudy
2006-03-23,0.7,0.0,16.3,cloudy
2006-03-24,2.4499999999999997,0.0,31.7,cloudy
2006-03-25,2.0,4.7,30.3,cloudy
2006-03-26,4.55,10.7,27.7,rainy
2006-03-27,8.5,9.9,34.0,rainy
2006-03-28,7.0,0.7,38.3,cloudy
2006-03-29,4.8,1.1,31.9,cloudy
2006-03-30,5.3,8.9,34.2,rainy
2006-03-31,5.65,2.5,32.8,cloudy
2006-04-01,6.1,2.7,28.3,cloudy
2006-04-02,5.9,1.8,26.6,cloudy
2006-04-03,5.0,4.6,28.8,cloudy
2006-04-04,4.2,1.7,33.5,cloudy
2006-04-05,3.05,1.2,35.2,cloudy
2006-04-06,3.45,4.2,36.0,cloudy
2006-04-07,5.75,1.1,29.0,cloudy
2006-04-08,4.949999999999999,5.1,36.6,rainy
2006-04-09,4.85,2.5,35.7,cloudy
2006-04-10,4.800000000000001,0.0,27.1,cloudy
2006-04-11,4.1,2.6,31.1,cloudy
2006-04-12,5.6,3.6,31.8,cloudy
2006-04-13,6.85,5.0,32.7,cloudy
2006-04-14,6.5,0.5,31.0,cloudy
2006-04-15,7.050000000000001,0.0,19.7,cloudy
2006-04-16,9.05,0.0,21.5,cloudy
2006-04-17,7.1,0.8,32.8,cloudy
2006-04-18,6.9,0.0,27.5,cloudy
2006-04-19,7.300000000000001,4.3,27.0,cloudy
2006-04-20,6.95,2.8,19.4,cloudy
2006-04-21,9.55,9.3,14.0,rainy
2006-04-22,8.4,1.2,19.8,cloudy
2006-04-23,6.6,0.0,13.0,partly_cloudy
2006-04-24,8.149999999999999,0.0,8.4,partly_cloudy
2006-04-25,11.15,0.0,15.3,cloudy
2006-04-26,10.05,0.0,14.2,partly_cloudy
2006-04-27,8.9,0.0,20.4,cloudy
2006-04-28,6.45,0.2,25.2,cloudy
2006-04-29,6.75,4.2,18.8,cloudy
2006-04-30,6.050000000000001,6.4,21.3,rainy
2006-05-01,8.1,0.6,27.2,cloudy
2006-05-02,10.4,1.6,20.1,cloudy
2006-05-03,14.600000000000001,0.0,23.9,cloudy
2006-05-04,15.3,0.0,28.8,cloudy
2006-05-05,15.3,0.0,27.2,cloudy
2006-05-06,14.0,0.0,24.5,cloudy
2006-05-07,13.9,0.0,27.4,cloudy
2006-05-08,14.100000000000001,0.0,27.8,cloudy
2006-05-09,13.8,0.0,26.8,cloudy
2006-05-10,14.45,0.0,18.8,cloudy
2006-05-11,13.15,0.0,16.6,cloudy
2006-05-12,11.8,0.0,11.2,partly_cloudy
2006-05-13,10.65,3.6,20.4,cloudy
2006-05-14,8.85,0.0,25.6,cloudy
2006-05-15,8.85,0.0,21.0,cloudy
2006-05-16,11.2,7.4,22.1,rainy
2006-05-17,12.05,0.0,18.6,cloudy
2006-05-18,12.55,9.8,29.3,rainy
2006-05-19,11.899999999999999,8.4,36.4,rainy
2006-05-20,11.6,9.1,32.5,rainy
2006-05-21,11.15,0.6,28.8,cloudy
2006-05-22,13.850000000000001,7.2,30.3,rainy
2006-05-23,10.3,1.5,40.3,cloudy
2006-05-24,9.7,9.1,38.5,rainy
2006-05-25,9.95,0.0,30.5,cloudy
2006-05-26,10.25,0.7,24.5,cloudy
2006-05-27,10.9,1.6,25.9,cloudy
2006-05-28,10.55,3.8,40.3,cloudy
2006-05-29,10.2,0.1,30.7,cloudy
2006-05-30,10.399999999999999,0.5,32.1,cloudy
2006-05-31,11.5,0.9,32.6,cloudy
2006-06-01,11.4,4.6,34.1,cloudy
2006-06-02,10.2,0.2,20.5,cloudy
2006-06-03,10.85,1.0,29.0,cloudy
2006-06-04,10.6,0.0,35.9,cloudy
2006-06-05,12.1,0.8,22.6,cloudy
2006-06-06,12.55,0.0,21.9,cloudy
2006-06-07,10.1,0.0,15.9,cloudy
2006-06-08,11.85,0.0,15.3,cloudy
2006-06-09,12.05,0.0,13.8,partly_cloudy
2006-06-10,15.649999999999999,0.0,14.2,partly_cloudy
2006-06-11,19.25,0.0,17.7,cloudy
2006-06-12,19.9,0.0,15.5,cloudy
2006-06-13,20.450000000000003,0.0,16.6,sunny
2006-06-14,14.5,2.1,24.9,cloudy
2006-06-15,15.25,0.2,17.4,cloudy
2006-06-16,14.75,0.2,15.1,cloudy
2006-06-17,14.899999999999999,0.0,15.9,cloudy
2006-06-18,16.0,0.0,16.8,cloudy
2006-06-19,18.7,0.0,18.7,cloudy
2006-06-20,16.0,0.0,24.9,cloudy
2006-06-21,14.850000000000001,3.1,36.7,cloudy
2006-06-22,13.65,1.8,38.3,cloudy
2006-06-23,14.5,0.7,28.8,cloudy
2006-06-24,15.05,0.6,16.8,cloudy
2006-06-25,19.2,0.0,17.0,cloudy
2006-06-26,17.4,13.7,20.9,rainy
2006-06-27,14.25,0.0,28.6,cloudy
2006-06-28,13.3,0.0,21.7,cloudy
2006-06-29,14.5,0.4,10.1,partly_cloudy
2006-06-30,15.899999999999999,0.0,15.5,cloudy
2006-07-01,17.75,0.0,17.7,cloudy
2006-07-02,20.8,0.0,20.8,cloudy
2006-07-03,21.65,0.0,19.8,sunny
2006-07-04,22.5,0.0,18.7,sunny
2006-07-05,23.15,0.0,16.5,sunny
2006-07-06,21.25,0.2,16.4,sunny
2006-07-07,20.35,0.2,21.3,cloudy
2006-07-08,18.05,0.0,17.5,cloudy
2006-07-09,19.05,1.7,26.6,cloudy
2006-07-10,17.25,0.7,27.2,cloudy
2006-07-11,17.05,4.9,24.0,cloudy
2006-07-12,15.700000000000001,0.0,13.6,partly_cloudy
2006-07-13,17.15,0.0,27.6,cloudy
2006-07-14,15.850000000000001,0.0,27.5,cloudy
2006-07-15,17.2,0.0,15.8,cloudy
2006-07-16,18.05,0.0,10.1,partly_cloudy
2006-07-17,19.700000000000003,0.0,14.1,partly_cloudy
2006-07-18,18.95,0.0,18.6,cloudy
2006-07-19,19.8,0.0,11.6,partly_cloudy
2006-07-20,23.35,0.0,18.8,sunny
2006-07-21,20.2,0.0,23.7,cloudy
2006-07-22,20.2,0.0,14.4,sunny
2006-07-23,20.65,15.7,21.3,rainy
2006-07-24,20.0,0.0,18.0,cloudy
2006-07-25,19.15,0.0,14.8,partly_cloudy
2006-07-26,20.4,0.0,13.0,sunny
2006-07-27,23.35,0.2,14.5,sunny
2006-07-28,22.4,0.6,14.1,sunny
2006-07-29,20.85,0.1,16.7,sunny
2006-07-30,20.2,8.1,17.9,rainy
2006-07-31,19.5,10.7,22.9,rainy
2006-08-01,19.5,11.2,26.6,rainy
2006-08-02,16.25,2.0,21.3,cloudy
2006-08-03,16.9,0.4,10.4,partly_cloudy
2006-08-04,18.85,0.0,10.4,partly_cloudy
2006-08-05,20.200000000000003,0.0,18.5,sunny
2006-08-06,20.799999999999997,0.0,23.7,cloudy
2006-08-07,19.15,0.5,30.4,cloudy
2006-08-08,17.95,0.0,33.4,cloudy
2006-08-09,17.1,1.5,21.7,cloudy
2006-08-10,15.850000000000001,1.1,17.5,cloudy
2006-08-11,15.55,1.1,12.7,cloudy
2006-08-12,15.6,6.5,10.2,rainy
2006-08-13,15.600000000000001,12.0,26.0,rainy
2006-08-14,17.3,12.0,19.8,rainy
2006-08-15,16.65,1.8,41.0,cloudy
2006-08-16,17.15,0.6,22.4,cloudy
2006-08-17,17.85,1.9,14.8,cloudy
2006-08-18,19.45,19.8,19.4,rainy
2006-08-19,19.1,1.5,16.4,cloudy
2006-08-20,17.2,9.4,23.2,rainy
2006-08-21,16.75,5.6,19.5,rainy
2006-08-22,17.0,2.5,23.8,cloudy
2006-08-23,16.4,0.3,23.2,cloudy
2006-08-24,17.6,0.0,11.5,partly_cloudy
2006-08-25,17.85,5.5,10.1,rainy
2006-08-26,16.65,6.8,11.1,rainy
2006-08-27,16.8,5.2,28.4,rainy
2006-08-28,14.600000000000001,15.1,26.3,rainy
2006-08-29,14.65,7.7,20.1,rainy
2006-08-30,15.05,2.0,29.9,cloudy
2006-08-31,16.3,1.7,30.8,cloudy
2006-09-01,17.45,3.9,30.2,cloudy
2006-09-02,18.05,2.3,36.1,cloudy
2006-09-03,17.3,7.4,46.8,rainy
2006-09-04,16.05,1.3,40.8,cloudy
2006-09-05,15.8,0.0,35.5,cloudy
2006-09-06,17.75,0.0,28.2,cloudy
2006-09-07,15.95,2.8,38.2,cloudy
2006-09-08,15.350000000000001,0.1,39.8,cloudy
2006-09-09,14.9,0.0,22.3,cloudy
2006-09-10,14.75,0.0,16.3,cloudy
2006-09-11,17.8,0.0,18.8,cloudy
2006-09-12,19.0,0.0,17.0,cloudy
2006-09-13,19.65,0.0,16.1,cloudy
2006-09-14,19.7,0.0,20.9,cloudy
2006-09-15,18.95,0.0,32.8,cloudy
2006-09-16,18.95,0.0,29.2,cloudy
2006-09-17,19.15,0.0,19.9,cloudy
2006-09-18,17.45,0.0,15.9,cloudy
2006-09-19,16.2,1.3,29.5,cloudy
2006-09-20,16.05,0.0,28.6,cloudy
2006-09-21,17.45,0.0,21.1,cloudy
2006-09-22,19.25,0.0,23.6,cloudy
2006-09-23,18.55,0.0,21.8,cloudy
2006-09-24,18.0,0.0,20.1,cloudy
2006-09-25,17.8,0.0,19.5,cloudy
2006-09-26,17.45,1.1,16.9,cloudy
2006-09-27,16.35,1.0,18.0,cloudy
2006-09-28,16.65,0.3,24.9,cloudy
2006-09-29,17.9,0.5,21.3,cloudy
2006-09-30,15.8,2.9,21.1,cloudy
2006-10-01,15.2,5.1,24.1,rainy
2006-10-02,14.85,14.7,39.2,rainy
2006-10-03,14.350000000000001,5.2,24.3,rainy
2006-10-04,14.0,2.2,24.0,cloudy
2006-10-05,12.9,5.7,35.9,rainy
2006-10-06,14.7,24.0,43.0,rainy
2006-10-07,14.5,4.6,39.9,cloudy
2006-10-08,14.65,0.4,37.6,cloudy
2006-10-09,13.4,0.8,22.5,cloudy
2006-10-10,15.5,0.0,12.3,partly_cloudy
2006-10-11,14.899999999999999,0.4,26.6,cloudy
2006-10-12,14.65,0.0,18.4,cloudy
2006-10-13,13.649999999999999,0.0,17.3,cloudy
2006-10-14,12.1,0.0,16.9,cloudy
2006-10-15,11.25,0.0,13.8,partly_cloudy
2006-10-16,11.8,0.0,17.1,cloudy
2006-10-17,11.25,0.0,19.9,cloudy
2006-10-18,11.7,2.4,20.9,cloudy
2006-10-19,13.95,2.9,16.9,cloudy
2006-10-20,13.100000000000001,2.0,21.2,cloudy
2006-10-21,14.65,4.3,26.5,cloudy
2006-10-22,14.0,11.1,35.6,rainy
2006-10-23,14.149999999999999,6.7,36.0,rainy
2006-10-24,12.5,21.1,23.0,rainy
2006-10-25,12.65,0.7,22.9,cloudy
2006-10-26,14.100000000000001,12.4,43.4,rainy
2006-10-27,12.600000000000001,0.4,52.6,stormy
2006-10-28,12.7,6.7,35.6,rainy
2006-10-29,11.15,2.8,31.4,cloudy
2006-10-30,10.55,4.1,36.5,cloudy
2006-10-31,11.5,8.0,45.3,rainy
2006-11-01,5.25,1.3,49.1,cloudy
2006-11-02,4.1,0.1,18.1,cloudy
2006-11-03,4.3,0.0,12.2,partly_cloudy
2006-11-04,9.2,0.2,31.6,cloudy
2006-11-05,11.55,0.9,39.0,cloudy
2006-11-06,11.75,0.0,32.8,cloudy
2006-11-07,11.15,0.0,30.0,cloudy
2006-11-08,10.8,6.5,40.3,rainy
2006-11-09,9.5,5.7,44.3,rainy
2006-11-10,8.2,0.1,35.8,cloudy
2006-11-11,8.8,12.0,40.4,rainy
2006-11-12,7.65,3.7,44.7,cloudy
2006-11-13,9.65,6.3,39.4,rainy
2006-11-14,10.45,1.6,32.9,cloudy
2006-11-15,11.2,2.5,28.3,cloudy
2006-11-16,12.05,1.5,29.9,cloudy
2006-11-17,11.0,1.9,27.6,cloudy
2006-11-18,9.149999999999999,0.8,31.0,cloudy
2006-11-19,6.8,3.0,25.8,cloudy
2006-11-20,7.449999999999999,9.1,42.9,rainy
2006-11-21,7.5,5.0,29.2,cloudy
2006-11-22,6.85,2.8,31.9,cloudy
2006-11-23,8.45,8.9,35.7,rainy
2006-11-24,9.4,0.2,34.0,cloudy
2006-11-25,11.55,4.3,43.5,cloudy
2006-11-26,10.7,0.2,37.3,cloudy
2006-11-27,8.9,0.0,24.9,cloudy
2006-11-28,9.850000000000001,0.1,24.1,cloudy
2006-11-29,9.95,0.3,24.2,cloudy
2006-11-30,7.6,0.0,26.2,cloudy
2006-12-01,7.300000000000001,0.0,30.0,cloudy
2006-12-02,9.35,14.4,29.7,rainy
2006-12-03,9.1,4.0,39.5,cloudy
2006-12-04,8.649999999999999,2.8,40.8,cloudy
2006-12-05,10.7,7.3,47.1,rainy
2006-12-06,9.399999999999999,5.6,44.2,rainy
2006-12-07,7.95,11.3,50.1,stormy
2006-12-08,9.6,7.6,48.8,rainy
2006-12-09,7.8,1.2,28.0,cloudy
2006-12-10,7.25,0.0,41.9,cloudy
2006-12-11,7.75,9.3,47.5,rainy
2006-12-12,8.2,3.9,45.1,cloudy
2006-12-13,9.95,4.2,46.7,cloudy
2006-12-14,10.7,2.7,48.1,cloudy
2006-12-15,9.55,0.4,44.2,cloudy
2006-12-16,7.15,7.0,41.1,rainy
2006-12-17,5.7,5.0,31.8,cloudy
2006-12-18,4.949999999999999,0.0,16.6,cloudy
2006-12-19,6.25,0.0,25.6,cloudy
2006-12-20,8.35,0.0,28.8,cloudy
2006-12-21,8.15,0.0,15.0,cloudy
2006-12-22,7.699999999999999,0.0,17.7,cloudy
2006-12-23,7.75,0.0,10.3,partly_cloudy
2006-12-24,7.699999999999999,0.0,18.1,cloudy
2006-12-25,7.15,0.0,14.5,partly_cloudy
2006-12-26,6.4,0.0,13.7,partly_cloudy
2006-12-27,5.35,0.0,23.5,cloudy
2006-12-28,5.0,4.0,24.5,cloudy
2006-12-29,5.65,0.0,28.0,cloudy
2006-12-30,7.800000000000001,7.4,47.4,rainy
2006-12-31,8.100000000000001,7.9,54.7,stormy
2007-01-01,8.2,3.8,51.7,stormy
2007-01-02,5.85,4.5,34.0,cloudy
2007-01-03,7.5,3.2,39.0,cloudy
2007-01-04,8.5,7.9,43.4,rainy
2007-01-05,8.15,1.4,36.7,cloudy
2007-01-06,7.5,0.7,25.6,cloudy
2007-01-07,7.6,3.0,36.8,cloudy
2007-01-08,7.550000000000001,5.9,42.5,rainy
2007-01-09,9.05,5.5,48.8,rainy
2007-01-10,8.2,29.7,45.9,rainy
2007-01-11,7.0,17.7,62.7,stormy
2007-01-12,9.3,3.0,58.9,stormy
2007-01-13,9.45,1.2,50.7,stormy
2007-01-14,8.25,1.7,54.3,stormy
2007-01-15,7.0,0.0,38.2,cloudy
2007-01-16,6.85,5.1,36.9,rainy
2007-01-17,7.4,8.7,46.0,rainy
2007-01-18,6.699999999999999,14.3,60.4,stormy
2007-01-19,7.050000000000001,2.1,39.8,cloudy
2007-01-20,8.25,10.0,55.3,stormy
2007-01-21,5.9,8.2,51.2,stormy
2007-01-22,0.8999999999999999,1.7,31.6,cloudy
2007-01-23,0.30000000000000004,2.4,16.9,cloudy
2007-01-24,-1.7,0.0,24.3,cloudy
2007-01-25,-2.0500000000000003,0.0,22.4,cloudy
2007-01-26,3.0500000000000003,4.3,40.7,cloudy
2007-01-27,3.2,0.2,36.3,cloudy
2007-01-28,5.9,7.1,48.7,rainy
2007-01-29,5.8,0.3,42.5,cloudy
2007-01-30,6.550000000000001,0.0,35.7,cloudy
2007-01-31,6.9,3.5,41.8,cloudy
2007-02-01,6.050000000000001,0.0,30.8,cloudy
2007-02-02,6.7,3.3,37.7,cloudy
2007-02-03,7.0,0.0,39.5,cloudy
2007-02-04,6.0,0.0,24.6,cloudy
2007-02-05,4.5,0.2,27.6,cloudy
2007-02-06,2.2,4.3,21.7,cloudy
2007-02-07,1.8,4.7,19.1,cloudy
2007-02-08,0.19999999999999996,0.0,29.5,cloudy
2007-02-09,0.45,0.0,35.3,cloudy
2007-02-10,0.25000000000000006,0.0,38.2,cloudy
2007-02-11,-0.7000000000000001,2.1,35.7,cloudy
2007-02-12,2.8000000000000003,5.5,24.7,rainy
2007-02-13,3.95,0.3,14.9,partly_cloudy
2007-02-14,5.4,3.8,17.1,cloudy
2007-02-15,4.5,2.8,18.6,cloudy
2007-02-16,3.5,0.0,32.9,cloudy
2007-02-17,5.15,0.0,31.7,cloudy
2007-02-18,3.25,0.0,23.0,cloudy
2007-02-19,3.65,0.0,15.0,cloudy
2007-02-20,3.45,0.1,17.1,cloudy
2007-02-21,5.0,21.1,24.8,rainy
2007-02-22,4.6,2.5,25.9,cloudy
2007-02-23,2.3,3.8,29.7,cloudy
2007-02-24,3.6,7.0,28.9,rainy
2007-02-25,6.9,8.6,23.0,rainy
2007-02-26,4.55,3.5,28.5,cloudy
2007-02-27,3.75,4.0,31.8,cloudy
2007-02-28,5.0,6.6,35.6,rainy
2007-03-01,6.300000000000001,4.9,36.3,cloudy
2007-03-02,5.15,0.0,23.7,cloudy
2007-03-03,3.1999999999999997,0.6,17.1,cloudy
2007-03-04,4.95,0.0,27.5,cloudy
2007-03-05,6.800000000000001,6.1,35.1,rainy
2007-03-06,6.8,11.7,38.1,rainy
2007-03-07,7.0,6.1,22.5,rainy
2007-03-08,6.3,1.3,24.3,cloudy
2007-03-09,6.050000000000001,2.8,30.2,cloudy
2007-03-10,6.15,0.0,32.7,cloudy
2007-03-11,8.05,0.0,29.7,cloudy
2007-03-12,8.55,0.0,21.4,cloudy
2007-03-13,6.199999999999999,0.0,17.5,cloudy
2007-03-14,7.15,0.0,20.5,cloudy
2007-03-15,7.2,0.0,24.9,cloudy
2007-03-16,6.75,1.2,45.1,cloudy
2007-03-17,7.1,4.7,43.8,cloudy
2007-03-18,6.15,8.6,54.7,stormy
2007-03-19,4.45,2.0,36.0,cloudy
2007-03-20,5.5,0.3,29.9,cloudy
2007-03-21,4.550000000000001,0.4,31.4,cloudy
2007-03-22,6.15,0.8,33.3,cloudy
2007-03-23,7.050000000000001,0.6,35.0,cloudy
2007-03-24,8.1,1.0,34.7,cloudy
2007-03-25,8.6,0.0,29.4,cloudy
2007-03-26,8.45,0.0,26.4,cloudy
2007-03-27,8.95,0.0,26.7,cloudy
2007-03-28,9.05,0.0,20.2,cloudy
2007-03-29,9.75,0.2,22.7,cloudy
2007-03-30,8.85,0.0,20.9,cloudy
2007-03-31,8.8,0.0,21.6,cloudy
2007-04-01,9.05,0.0,19.9,cloudy
2007-04-02,6.8500000000000005,0.0,20.4,cloudy
2007-04-03,6.7,0.0,28.4,cloudy
2007-04-04,4.6,0.0,30.4,cloudy
2007-04-05,8.3,0.0,33.9,cloudy
2007-04-06,6.949999999999999,0.0,25.4,cloudy
2007-04-07,6.2,0.3,32.0,cloudy
2007-04-08,7.7,0.0,32.4,cloudy
2007-04-09,8.899999999999999,0.6,32.7,cloudy
2007-04-10,9.55,0.8,28.7,cloudy
2007-04-11,9.55,0.0,23.2,cloudy
2007-04-12,9.9,0.0,16.2,cloudy
2007-04-13,11.5,0.0,22.0,cloudy
2007-04-14,13.25,0.0,20.4,cloudy
2007-04-15,14.100000000000001,0.0,19.1,cloudy
2007-04-16,14.0,0.0,22.9,cloudy
2007-04-17,8.850000000000001,0.7,29.4,cloudy
2007-04-18,7.75,0.0,34.4,cloudy
2007-04-19,8.149999999999999,2.5,42.1,cloudy
2007-04-20,5.85,0.1,34.7,cloudy
2007-04-21,6.05,0.0,12.0,partly_cloudy
2007-04-22,10.45,0.0,19.4,cloudy
2007-04-23,11.15,0.0,16.4,cloudy
2007-04-24,12.25,0.7,13.5,partly_cloudy
2007-04-25,15.55,0.1,19.0,cloudy
2007-04-26,17.05,0.0,15.2,cloudy
2007-04-27,14.8,0.0,18.2,cloudy
2007-04-28,13.8,0.0,19.7,cloudy
2007-04-29,10.0,0.0,22.1,cloudy
2007-04-30,10.6,0.0,13.5,partly_cloudy
2007-05-01,10.05,0.0,14.4,partly_cloudy
2007-05-02,10.4,0.0,18.0,cloudy
2007-05-03,11.55,0.0,14.7,partly_cloudy
2007-05-04,10.25,0.0,22.6,cloudy
2007-05-05,10.8,0.0,18.1,cloudy
2007-05-06,8.600000000000001,7.1,28.7,rainy
2007-05-07,11.25,0.4,27.4,cloudy
2007-05-08,10.75,6.3,36.7,rainy
2007-05-09,9.45,0.5,36.8,cloudy
2007-05-10,10.3,6.3,42.4,rainy
2007-05-11,9.85,7.5,31.5,rainy
2007-05-12,10.1,6.9,23.7,rainy
2007-05-13,13.600000000000001,4.5,30.3,cloudy
2007-05-14,11.65,8.6,36.9,rainy
2007-05-15,9.6,0.9,29.2,cloudy
2007-05-16,8.95,26.2,28.2,rainy
2007-05-17,8.6,0.0,32.9,cloudy
2007-05-18,11.6,0.5,31.6,cloudy
2007-05-19,12.95,0.0,29.6,cloudy
2007-05-20,13.4,0.0,16.5,cloudy
2007-05-21,15.45,0.1,21.7,cloudy
2007-05-22,13.1,0.0,16.8,cloudy
2007-05-23,12.35,0.0,15.0,cloudy
2007-05-24,14.45,0.0,17.7,cloudy
2007-05-25,15.45,0.0,15.3,cloudy
2007-05-26,12.55,2.0,15.8,cloudy
2007-05-27,13.100000000000001,9.9,28.3,rainy
2007-05-28,14.0,2.0,15.5,cloudy
2007-05-29,13.5,18.2,26.6,rainy
2007-05-30,12.95,1.6,28.1,cloudy
2007-05-31,14.149999999999999,0.0,18.4,cloudy
2007-06-01,15.45,0.0,14.4,partly_cloudy
2007-06-02,14.7,0.0,18.2,cloudy
2007-06-03,16.15,0.0,20.8,cloudy
2007-06-04,15.85,0.0,16.3,cloudy
2007-06-05,16.65,1.5,12.4,cloudy
2007-06-06,17.85,0.7,12.0,partly_cloudy
2007-06-07,19.3,0.0,20.5,cloudy
2007-06-08,20.6,0.0,22.3,cloudy
2007-06-09,21.0,0.0,19.9,sunny
2007-06-10,21.6,0.0,16.0,sunny
2007-06-11,19.85,0.0,13.0,partly_cloudy
2007-06-12,16.85,0.0,21.3,cloudy
2007-06-13,16.75,2.4,27.8,cloudy
2007-06-14,15.2,0.0,19.4,cloudy
2007-06-15,13.899999999999999,14.3,32.4,rainy
2007-06-16,15.350000000000001,13.6,12.4,rainy
2007-06-17,15.05,7.6,24.7,rainy
2007-06-18,15.0,0.1,14.0,partly_cloudy
2007-06-19,16.3,0.0,9.0,partly_cloudy
2007-06-20,18.4,11.5,20.1,rainy
2007-06-21,16.65,0.5,14.3,partly_cloudy
2007-06-22,16.3,1.2,18.4,cloudy
2007-06-23,15.649999999999999,3.0,19.5,cloudy
2007-06-24,15.7,1.2,21.9,cloudy
2007-06-25,17.25,21.0,25.6,rainy
2007-06-26,14.1,13.2,31.1,rainy
2007-06-27,12.6,20.5,53.3,stormy
2007-06-28,13.25,0.0,28.1,cloudy
2007-06-29,13.5,9.9,33.5,rainy
2007-06-30,13.4,6.8,39.3,rainy
2007-07-01,14.0,17.4,21.2,rainy
2007-07-02,16.45,6.7,15.9,rainy
2007-07-03,15.45,10.4,27.6,rainy
2007-07-04,14.85,4.4,18.0,cloudy
2007-07-05,14.700000000000001,0.1,27.9,cloudy
2007-07-06,15.25,4.5,26.7,cloudy
2007-07-07,15.3,1.5,32.1,cloudy
2007-07-08,15.1,1.3,31.7,cloudy
2007-07-09,14.399999999999999,0.0,18.5,cloudy
2007-07-10,14.0,0.9,21.0,cloudy
2007-07-11,14.15,14.6,28.2,rainy
2007-07-12,14.850000000000001,1.3,28.1,cloudy
2007-07-13,16.85,2.4,23.7,cloudy
2007-07-14,19.55,0.9,31.7,cloudy
2007-07-15,18.450000000000003,1.2,21.4,cloudy
2007-07-16,21.15,0.0,21.6,cloudy
2007-07-17,17.8,1.6,34.7,cloudy
2007-07-18,17.6,0.2,26.5,cloudy
2007-07-19,15.6,0.1,17.7,cloudy
2007-07-20,15.3,3.3,22.0,cloudy
2007-07-21,17.950000000000003,4.3,28.6,cloudy
2007-07-22,16.2,1.5,15.5,cloudy
2007-07-23,15.85,0.2,17.7,cloudy
2007-07-24,16.2,20.2,26.3,rainy
2007-07-25,16.65,0.5,28.0,cloudy
2007-07-26,17.950000000000003,9.2,31.3,rainy
2007-07-27,16.299999999999997,10.8,38.2,rainy
2007-07-28,16.25,1.5,31.5,cloudy
2007-07-29,14.05,2.7,29.5,cloudy
2007-07-30,13.05,7.5,43.0,rainy
2007-07-31,14.600000000000001,0.9,37.4,cloudy
2007-08-01,16.35,0.0,23.4,cloudy
2007-08-02,17.15,0.1,19.1,cloudy
2007-08-03,15.850000000000001,0.0,23.3,cloudy
2007-08-04,17.3,0.0,21.4,cloudy
2007-08-05,20.35,0.0,23.0,cloudy
2007-08-06,21.5,0.0,25.0,cloudy
2007-08-07,20.05,0.0,19.9,sunny
2007-08-08,19.5,0.0,25.0,cloudy
2007-08-09,20.0,0.9,22.6,cloudy
2007-08-10,19.65,2.7,25.2,cloudy
2007-08-11,16.6,0.1,26.7,cloudy
2007-08-12,16.8,0.0,18.2,cloudy
2007-08-13,16.950000000000003,1.8,19.7,cloudy
2007-08-14,17.95,0.3,29.4,cloudy
2007-08-15,19.4,7.6,34.8,rainy
2007-08-16,16.3,5.0,33.9,cloudy
2007-08-17,14.55,6.4,27.5,rainy
2007-08-18,15.549999999999999,0.5,18.8,cloudy
2007-08-19,17.35,0.7,17.9,cloudy
2007-08-20,18.5,5.9,19.1,rainy
2007-08-21,18.1,3.9,31.6,cloudy
2007-08-22,19.1,14.7,24.0,rainy
2007-08-23,18.799999999999997,1.2,14.5,cloudy
2007-08-24,17.7,0.0,18.0,cloudy
2007-08-25,17.25,0.4,29.4,cloudy
2007-08-26,16.35,0.7,31.6,cloudy
2007-08-27,14.55,2.1,36.7,cloudy
2007-08-28,13.15,0.0,27.2,cloudy
2007-08-29,12.6,0.0,21.3,cloudy
2007-08-30,14.3,5.5,33.6,rainy
2007-08-31,14.3,6.8,31.6,rainy
2007-09-01,14.5,0.8,27.0,cloudy
2007-09-02,15.25,5.5,36.5,rainy
2007-09-03,13.0,0.8,37.3,cloudy
2007-09-04,13.25,0.0,35.0,cloudy
2007-09-05,12.35,0.0,16.9,cloudy
2007-09-06,15.35,0.0,29.4,cloudy
2007-09-07,16.1,0.0,32.4,cloudy
2007-09-08,15.2,0.3,39.8,cloudy
2007-09-09,14.6,0.0,33.9,cloudy
2007-09-10,13.75,9.8,37.4,rainy
2007-09-11,14.5,0.0,30.6,cloudy
2007-09-12,14.25,0.8,32.0,cloudy
2007-09-13,12.45,0.0,22.8,cloudy
2007-09-14,13.45,5.2,36.2,rainy
2007-09-15,12.35,0.0,38.6,cloudy
2007-09-16,14.95,0.0,34.6,cloudy
2007-09-17,14.05,1.5,32.8,cloudy
2007-09-18,10.85,2.5,35.2,cloudy
2007-09-19,11.75,8.7,38.2,rainy
2007-09-20,14.35,10.8,34.5,rainy
2007-09-21,15.4,2.8,35.3,cloudy
2007-09-22,13.850000000000001,0.3,30.1,cloudy
2007-09-23,14.6,0.0,20.2,cloudy
2007-09-24,16.25,1.5,36.3,cloudy
2007-09-25,12.600000000000001,6.0,26.5,rainy
2007-09-26,11.5,1.2,11.3,cloudy
2007-09-27,11.75,0.0,33.0,cloudy
2007-09-28,12.8,3.0,39.8,cloudy
2007-09-29,13.2,11.9,34.2,rainy
2007-09-30,13.35,0.2,26.6,cloudy
2007-10-01,11.399999999999999,0.0,20.4,cloudy
2007-10-02,11.75,0.0,12.9,partly_cloudy
2007-10-03,11.0,0.0,17.4,cloudy
2007-10-04,12.95,5.1,20.7,rainy
2007-10-05,11.85,0.0,17.1,cloudy
2007-10-06,9.75,0.0,8.8,partly_cloudy
2007-10-07,10.55,0.1,18.3,cloudy
2007-10-08,11.149999999999999,0.0,19.4,cloudy
2007-10-09,10.600000000000001,0.0,12.7,partly_cloudy
2007-10-10,9.75,0.0,12.3,partly_cloudy
2007-10-11,12.0,0.4,32.3,cloudy
2007-10-12,10.600000000000001,0.0,36.6,cloudy
2007-10-13,8.45,0.0,15.6,cloudy
2007-10-14,9.95,0.0,20.6,cloudy
2007-10-15,11.25,0.2,26.4,cloudy
2007-10-16,13.75,2.4,33.1,cloudy
2007-10-17,11.35,11.1,23.5,rainy
2007-10-18,9.25,0.5,35.5,cloudy
2007-10-19,7.0,0.0,25.4,cloudy
2007-10-20,6.25,0.0,17.8,cloudy
2007-10-21,8.1,0.3,19.1,cloudy
2007-10-22,4.95,0.0,19.7,cloudy
2007-10-23,5.1000000000000005,0.0,19.4,cloudy
2007-10-24,7.75,0.0,25.4,cloudy
2007-10-25,8.95,0.0,23.0,cloudy
2007-10-26,7.9,0.0,16.6,cloudy
2007-10-27,8.95,0.0,25.4,cloudy
2007-10-28,9.649999999999999,3.6,34.5,cloudy
2007-10-29,10.5,6.5,29.8,rainy
2007-10-30,9.15,0.2,17.0,cloudy
2007-10-31,10.149999999999999,0.2,28.2,cloudy
2007-11-01,12.45,0.1,28.1,cloudy
2007-11-02,10.149999999999999,0.0,16.9,cloudy
2007-11-03,11.15,0.1,30.4,cloudy
2007-11-04,7.699999999999999,0.0,29.0,cloudy
2007-11-05,7.550000000000001,8.8,37.7,rainy
2007-11-06,7.7,2.2,45.2,cloudy
2007-11-07,9.4,6.0,44.6,rainy
2007-11-08,9.25,4.9,41.8,cloudy
2007-11-09,6.65,3.2,54.8,stormy
2007-11-10,5.800000000000001,0.5,36.0,cloudy
2007-11-11,4.5,4.6,32.0,cloudy
2007-11-12,4.45,2.7,39.2,cloudy
2007-11-13,3.4,0.0,19.3,cloudy
2007-11-14,1.85,0.0,25.8,cloudy
2007-11-15,1.95,0.6,17.1,cloudy
2007-11-16,6.949999999999999,0.0,17.9,cloudy
2007-11-17,7.9,0.0,16.2,cloudy
2007-11-18,5.65,0.0,22.5,cloudy
2007-11-19,3.9000000000000004,0.5,26.1,cloudy
2007-11-20,4.25,0.0,24.8,cloudy
2007-11-21,5.15,0.8,28.7,cloudy
2007-11-22,7.65,0.0,25.8,cloudy
2007-11-23,5.95,0.6,32.3,cloudy
2007-11-24,3.1500000000000004,5.4,41.0,rainy
2007-11-25,5.65,3.0,45.2,cloudy
2007-11-26,4.0,0.0,40.2,cloudy
2007-11-27,2.9,0.0,20.2,cloudy
2007-11-28,5.25,0.0,30.7,cloudy
2007-11-29,6.9,3.9,37.2,cloudy
2007-11-30,7.25,2.0,29.2,cloudy
2007-12-01,8.1,9.8,52.8,stormy
2007-12-02,7.300000000000001,18.7,43.3,rainy
2007-12-03,6.9,4.2,35.6,cloudy
2007-12-04,6.5,2.3,30.1,cloudy
2007-12-05,8.65,7.2,41.5,rainy
2007-12-06,8.85,4.9,34.8,cloudy
2007-12-07,8.4,12.2,42.9,rainy
2007-12-08,6.15,3.5,48.3,cloudy
2007-12-09,5.5,7.5,34.5,rainy
2007-12-10,3.9,0.0,13.4,partly_cloudy
2007-12-11,4.9,0.0,19.1,cloudy
2007-12-12,3.8,0.0,12.5,partly_cloudy
2007-12-13,2.8,0.0,5.1,partly_cloudy
2007-12-14,3.9,0.0,13.3,partly_cloudy
2007-12-15,2.45,0.0,11.2,partly_cloudy
2007-12-16,-0.6,0.0,9.7,partly_cloudy
2007-12-17,0.4999999999999999,0.0,15.6,cloudy
2007-12-18,0.65,0.0,11.3,partly_cloudy
2007-12-19,1.25,0.0,7.6,partly_cloudy
2007-12-20,3.95,0.0,10.1,partly_cloudy
2007-12-21,1.0,0.0,9.4,partly_cloudy
2007-12-22,-0.39999999999999997,0.0,13.3,partly_cloudy
2007-12-23,2.9499999999999997,0.2,16.3,cloudy
2007-12-24,2.3,0.0,28.5,cloudy
2007-12-25,4.0,0.0,31.7,cloudy
2007-12-26,5.5,1.2,29.5,cloudy
2007-12-27,6.05,0.6,36.4,cloudy
2007-12-28,7.4,0.2,39.0,cloudy
2007-12-29,6.05,4.4,43.6,cloudy
2007-12-30,5.5,0.7,33.1,cloudy
2007-12-31,2.95,0.0,24.0,cloudy
2008-01-01,0.8999999999999999,0.0,14.1,partly_cloudy
2008-01-02,1.3499999999999999,0.0,24.4,cloudy
2008-01-03,-0.8499999999999999,0.0,38.7,cloudy
2008-01-04,-2.25,0.0,37.5,cloudy
2008-01-05,0.7000000000000002,7.8,34.4,rainy
2008-01-06,4.95,0.6,23.9,cloudy
2008-01-07,4.1,7.8,48.2,rainy
2008-01-08,6.15,0.5,44.3,cloudy
2008-01-09,5.550000000000001,1.8,36.4,cloudy
2008-01-10,6.550000000000001,5.8,44.2,rainy
2008-01-11,7.3999999999999995,8.8,41.0,rainy
2008-01-12,6.6,3.5,37.5,cloudy
2008-01-13,4.65,0.0,28.2,cloudy
2008-01-14,3.85,0.0,34.4,cloudy
2008-01-15,7.1,12.5,46.0,rainy
2008-01-16,7.199999999999999,3.5,45.9,cloudy
2008-01-17,5.449999999999999,2.4,33.9,cloudy
2008-01-18,6.95,9.7,43.1,rainy
2008-01-19,7.9,0.2,48.0,cloudy
2008-01-20,5.8,1.4,20.2,cloudy
2008-01-21,4.550000000000001,5.4,27.8,rainy
2008-01-22,3.05,0.2,24.5,cloudy
2008-01-23,5.3,4.3,32.8,cloudy
2008-01-24,6.35,0.4,40.2,cloudy
2008-01-25,6.800000000000001,0.7,48.0,cloudy
2008-01-26,7.2,3.0,54.7,stormy
2008-01-27,6.5,3.3,43.7,cloudy
2008-01-28,6.7,0.0,21.9,cloudy
2008-01-29,6.25,0.0,30.3,cloudy
2008-01-30,5.35,2.2,32.8,cloudy
2008-01-31,3.9,8.4,60.8,stormy
2008-02-01,4.75,4.4,55.1,stormy
2008-02-02,2.9,4.0,33.8,cloudy
2008-02-03,3.25,0.1,36.2,cloudy
2008-02-04,4.0,1.4,27.7,cloudy
2008-02-05,5.3,6.6,38.5,rainy
2008-02-06,6.6,4.2,36.9,cloudy
2008-02-07,5.85,0.0,35.3,cloudy
2008-02-08,6.1,0.0,23.8,cloudy
2008-02-09,6.25,0.0,21.4,cloudy
2008-02-10,5.25,0.0,14.8,partly_cloudy
2008-02-11,2.8,0.0,11.4,partly_cloudy
2008-02-12,3.55,0.0,11.7,partly_cloudy
2008-02-13,4.35,0.0,16.9,cloudy
2008-02-14,2.65,0.0,15.9,cloudy
2008-02-15,0.6,0.0,15.1,cloudy
2008-02-16,-0.15000000000000013,0.0,14.6,partly_cloudy
2008-02-17,2.55,0.0,31.5,cloudy
2008-02-18,6.05,0.0,34.8,cloudy
2008-02-19,5.449999999999999,0.0,22.3,cloudy
2008-02-20,3.95,0.0,15.1,cloudy
2008-02-21,5.05,0.8,41.1,cloudy
2008-02-22,7.75,3.4,55.1,stormy
2008-02-23,6.699999999999999,0.2,43.7,cloudy
2008-02-24,7.449999999999999,1.0,35.1,cloudy
2008-02-25,5.949999999999999,4.2,30.8,cloudy
2008-02-26,7.15,9.5,43.2,rainy
2008-02-27,6.6,1.0,46.0,cloudy
2008-02-28,6.050000000000001,0.0,28.6,cloudy
2008-02-29,5.85,7.8,46.4,rainy
2008-03-01,6.85,7.0,57.8,stormy
2008-03-02,6.0,4.5,40.9,cloudy
2008-03-03,3.75,4.9,37.1,cloudy
2008-03-04,3.4499999999999997,2.6,36.0,cloudy
2008-03-05,2.6500000000000004,1.2,42.5,cloudy
2008-03-06,6.75,4.9,42.5,cloudy
2008-03-07,6.0,0.6,30.4,cloudy
2008-03-08,5.85,0.6,35.5,cloudy
2008-03-09,7.15,11.3,34.6,rainy
2008-03-10,7.65,0.9,31.8,cloudy
2008-03-11,6.75,4.5,39.8,cloudy
2008-03-12,5.6,8.1,46.3,rainy
2008-03-13,6.4,1.7,44.7,cloudy
2008-03-14,5.65,6.2,44.1,rainy
2008-03-15,5.25,0.0,16.5,cloudy
2008-03-16,5.45,0.0,21.6,cloudy
2008-03-17,3.75,0.0,41.2,cloudy
2008-03-18,4.25,1.0,29.9,cloudy
2008-03-19,3.4,0.0,23.5,cloudy
2008-03-20,2.25,10.2,42.1,rainy
2008-03-21,3.85,5.3,26.1,rainy
2008-03-22,0.050000000000000044,0.4,35.3,cloudy
2008-03-23,-1.0499999999999998,2.1,32.9,cloudy
2008-03-24,0.25,3.4,22.4,cloudy
2008-03-25,0.8999999999999999,2.6,27.0,cloudy
2008-03-26,1.85,0.2,28.1,cloudy
2008-03-27,1.7500000000000002,0.0,15.6,cloudy
2008-03-28,4.5,1.1,30.3,cloudy
2008-03-29,6.45,7.2,32.9,rainy
2008-03-30,9.25,2.8,35.1,cloudy
2008-03-31,6.25,6.7,18.2,rainy
2008-04-01,6.6,3.6,29.6,cloudy
2008-04-02,6.9,2.3,27.6,cloudy
2008-04-03,6.35,0.0,20.3,cloudy
2008-04-04,5.75,0.6,23.9,cloudy
2008-04-05,5.3,2.5,20.5,cloudy
2008-04-06,3.4000000000000004,0.0,19.8,cloudy
2008-04-07,2.8,0.0,9.3,partly_cloudy
2008-04-08,4.35,0.0,8.7,partly_cloudy
2008-04-09,4.3,0.0,14.6,partly_cloudy
2008-04-10,5.300000000000001,0.0,16.4,cloudy
2008-04-11,4.1,4.1,26.1,cloudy
2008-04-12,7.0,0.5,27.4,cloudy
2008-04-13,6.949999999999999,0.7,19.8,cloudy
2008-04-14,5.6,0.0,18.1,cloudy
2008-04-15,5.1,0.1,17.8,cloudy
2008-04-16,5.25,1.1,12.6,cloudy
2008-04-17,6.800000000000001,4.4,17.4,cloudy
2008-04-18,7.3999999999999995,0.0,21.6,cloudy
2008-04-19,6.65,0.0,29.6,cloudy
2008-04-20,6.800000000000001,0.0,20.9,cloudy
2008-04-21,8.25,0.0,29.6,cloudy
2008-04-22,8.95,0.0,30.4,cloudy
2008-04-23,8.9,0.0,22.7,cloudy
2008-04-24,10.2,0.7,19.6,cloudy
2008-04-25,9.2,2.1,19.6,cloudy
2008-04-26,9.850000000000001,0.0,19.1,cloudy
2008-04-27,13.649999999999999,0.0,21.3,cloudy
2008-04-28,12.6,10.6,23.8,rainy
2008-04-29,9.95,2.3,14.3,cloudy
2008-04-30,11.9,0.4,22.2,cloudy
2008-05-01,10.2,1.8,18.6,cloudy
2008-05-02,9.65,0.1,14.0,partly_cloudy
2008-05-03,9.8,0.0,11.2,partly_cloudy
2008-05-04,10.75,0.0,8.8,partly_cloudy
2008-05-05,11.65,0.0,11.5,partly_cloudy
2008-05-06,12.1,0.0,15.7,cloudy
2008-05-07,12.35,0.0,15.5,cloudy
2008-05-08,12.5,0.0,10.8,partly_cloudy
2008-05-09,15.4,0.0,14.4,partly_cloudy
2008-05-10,17.1,0.0,15.2,cloudy
2008-05-11,16.25,0.0,14.2,partly_cloudy
2008-05-12,14.899999999999999,0.0,18.9,cloudy
2008-05-13,12.75,0.0,22.7,cloudy
2008-05-14,12.25,0.0,17.3,cloudy
2008-05-15,11.85,0.0,17.4,cloudy
2008-05-16,12.5,0.0,21.0,cloudy
2008-05-17,10.45,0.0,24.3,cloudy
2008-05-18,9.45,0.0,16.5,cloudy
2008-05-19,8.75,0.0,24.5,cloudy
2008-05-20,8.65,0.0,18.5,cloudy
2008-05-21,9.6,0.0,15.1,cloudy
2008-05-22,11.45,0.0,12.5,partly_cloudy
2008-05-23,12.600000000000001,0.0,14.8,partly_cloudy
2008-05-24,13.9,0.0,25.7,cloudy
2008-05-25,13.3,0.8,24.2,cloudy
2008-05-26,11.350000000000001,8.1,27.5,rainy
2008-05-27,12.899999999999999,0.4,30.2,cloudy
2008-05-28,15.7,5.1,38.1,rainy
2008-05-29,16.2,0.0,31.4,cloudy
2008-05-30,17.7,0.0,29.2,cloudy
2008-05-31,18.8,0.0,23.4,cloudy
2008-06-01,18.2,0.0,23.4,cloudy
2008-06-02,19.0,0.0,15.8,cloudy
2008-06-03,19.45,0.0,32.0,cloudy
2008-06-04,17.299999999999997,0.9,28.8,cloudy
2008-06-05,16.9,0.0,23.8,cloudy
2008-06-06,17.6,0.0,20.9,cloudy
2008-06-07,19.0,0.0,22.7,cloudy
2008-06-08,17.65,0.0,20.0,cloudy
2008-06-09,16.1,0.0,20.5,cloudy
2008-06-10,15.65,0.0,30.4,cloudy
2008-06-11,12.899999999999999,0.9,34.9,cloudy
2008-06-12,12.35,2.1,25.2,cloudy
2008-06-13,11.8,2.7,25.6,cloudy
2008-06-14,11.7,2.9,26.6,cloudy
2008-06-15,11.75,5.0,31.4,cloudy
2008-06-16,12.0,1.6,25.8,cloudy
2008-06-17,12.95,0.0,15.2,cloudy
2008-06-18,14.0,1.4,24.8,cloudy
2008-06-19,15.5,2.1,34.6,cloudy
2008-06-20,14.5,0.9,30.9,cloudy
2008-06-21,14.600000000000001,0.2,23.6,cloudy
2008-06-22,17.6,10.7,28.4,rainy
2008-06-23,13.5,1.0,44.9,cloudy
2008-06-24,13.100000000000001,0.0,28.7,cloudy
2008-06-25,13.95,0.1,21.3,cloudy
2008-06-26,16.0,0.0,24.6,cloudy
2008-06-27,14.8,6.1,34.4,rainy
2008-06-28,15.5,7.4,28.6,rainy
2008-06-29,16.7,0.3,23.6,cloudy
2008-06-30,15.15,4.8,29.2,cloudy
2008-07-01,15.9,0.0,20.4,cloudy
2008-07-02,20.25,0.0,26.1,cloudy
2008-07-03,20.7,1.4,26.0,cloudy
2008-07-04,18.9,0.0,13.2,partly_cloudy
2008-07-05,17.75,0.0,19.8,cloudy
2008-07-06,17.3,1.3,13.4,cloudy
2008-07-07,16.1,10.9,27.8,rainy
2008-07-08,15.2,7.9,25.6,rainy
2008-07-09,14.85,7.0,26.2,rainy
2008-07-10,15.8,3.5,24.3,cloudy
2008-07-11,17.049999999999997,0.6,27.5,cloudy
2008-07-12,15.149999999999999,12.1,31.8,rainy
2008-07-13,14.7,2.8,27.5,cloudy
2008-07-14,16.05,0.0,28.5,cloudy
2008-07-15,17.700000000000003,0.8,34.0,cloudy
2008-07-16,15.2,2.2,29.6,cloudy
2008-07-17,14.7,1.8,21.0,cloudy
2008-07-18,15.45,8.2,20.6,rainy
2008-07-19,15.65,13.3,30.1,rainy
2008-07-20,14.15,4.7,39.4,cloudy
2008-07-21,15.35,4.3,29.7,cloudy
2008-07-22,14.95,0.1,22.5,cloudy
2008-07-23,15.4,0.0,14.5,partly_cloudy
2008-07-24,17.4,0.0,20.9,cloudy
2008-07-25,19.9,0.0,27.0,cloudy
2008-07-26,21.0,0.0,24.9,cloudy
2008-07-27,21.799999999999997,0.0,23.0,cloudy
2008-07-28,21.950000000000003,0.0,23.1,cloudy
2008-07-29,23.0,0.1,26.8,cloudy
2008-07-30,20.1,9.2,11.5,rainy
2008-07-31,21.5,0.0,24.6,cloudy
2008-08-01,20.8,3.1,23.7,cloudy
2008-08-02,18.4,2.2,28.0,cloudy
2008-08-03,18.35,12.6,25.3,rainy
2008-08-04,16.7,41.0,38.5,rainy
2008-08-05,15.85,1.1,32.1,cloudy
2008-08-06,16.05,2.2,19.6,cloudy
2008-08-07,19.65,26.1,25.0,rainy
2008-08-08,16.85,4.0,30.0,cloudy
2008-08-09,16.15,2.2,29.5,cloudy
2008-08-10,17.2,11.8,33.9,rainy
2008-08-11,17.0,3.2,33.8,cloudy
2008-08-12,16.95,1.6,29.3,cloudy
2008-08-13,16.25,14.8,46.7,rainy
2008-08-14,15.899999999999999,7.1,43.7,rainy
2008-08-15,15.55,0.0,18.0,cloudy
2008-08-16,15.350000000000001,0.0,8.4,partly_cloudy
2008-08-17,16.2,0.0,13.0,partly_cloudy
2008-08-18,16.2,2.0,25.2,cloudy
2008-08-19,17.799999999999997,9.7,30.6,rainy
2008-08-20,16.65,7.4,34.4,rainy
2008-08-21,16.4,11.4,27.6,rainy
2008-08-22,16.1,1.3,18.3,cloudy
2008-08-23,15.25,14.6,19.9,rainy
2008-08-24,15.25,1.1,17.7,cloudy
2008-08-25,16.65,1.0,19.7,cloudy
2008-08-26,17.950000000000003,0.9,25.7,cloudy
2008-08-27,17.45,2.1,32.3,cloudy
2008-08-28,16.85,2.0,29.9,cloudy
2008-08-29,15.8,0.2,29.1,cloudy
2008-08-30,15.549999999999999,0.0,15.6,cloudy
2008-08-31,17.6,0.0,25.5,cloudy
2008-09-01,17.05,2.8,29.0,cloudy
2008-09-02,16.25,7.3,35.9,rainy
2008-09-03,14.7,6.8,36.4,rainy
2008-09-04,14.600000000000001,6.2,39.5,rainy
2008-09-05,16.2,6.9,29.6,rainy
2008-09-06,17.1,6.6,25.2,rainy
2008-09-07,16.3,8.6,22.8,rainy
2008-09-08,15.55,10.2,30.0,rainy
2008-09-09,16.55,0.0,25.2,cloudy
2008-09-10,16.0,2.0,22.9,cloudy
2008-09-11,16.75,0.0,27.8,cloudy
2008-09-12,15.0,0.0,35.7,cloudy
2008-09-13,13.1,0.0,30.9,cloudy
2008-09-14,12.1,0.0,18.2,cloudy
2008-09-15,12.95,0.0,19.7,cloudy
2008-09-16,11.649999999999999,0.0,15.8,cloudy
2008-09-17,11.0,0.0,12.9,partly_cloudy
2008-09-18,11.1,0.0,10.2,partly_cloudy
2008-09-19,9.6,0.0,9.2,partly_cloudy
2008-09-20,12.55,0.0,12.3,partly_cloudy
2008-09-21,12.6,0.0,12.2,partly_cloudy
2008-09-22,11.8,0.3,21.5,cloudy
2008-09-23,14.0,1.0,23.8,cloudy
2008-09-24,13.8,0.0,23.7,cloudy
2008-09-25,13.25,0.0,16.3,cloudy
2008-09-26,11.7,0.0,9.2,partly_cloudy
2008-09-27,12.850000000000001,0.0,24.3,cloudy
2008-09-28,12.5,0.1,24.3,cloudy
2008-09-29,11.95,4.0,24.3,cloudy
2008-09-30,12.15,14.9,31.0,rainy
2008-10-01,10.75,22.8,36.8,rainy
2008-10-02,11.4,9.8,32.3,rainy
2008-10-03,10.649999999999999,15.4,27.0,rainy
2008-10-04,9.65,5.4,51.8,stormy
2008-10-05,9.9,15.9,52.3,stormy
2008-10-06,10.25,0.0,11.9,partly_cloudy
2008-10-07,11.399999999999999,0.7,21.9,cloudy
2008-10-08,13.35,1.4,21.4,cloudy
2008-10-09,12.45,0.0,18.0,cloudy
2008-10-10,12.5,0.0,32.6,cloudy
2008-10-11,13.75,0.0,29.5,cloudy
2008-10-12,13.399999999999999,0.5,21.7,cloudy
2008-10-13,13.2,7.3,27.6,rainy
2008-10-14,12.45,0.2,19.3,cloudy
2008-10-15,12.45,19.7,33.0,rainy
2008-10-16,10.15,7.5,33.3,rainy
2008-10-17,10.5,7.1,35.9,rainy
2008-10-18,10.7,8.0,37.0,rainy
2008-10-19,12.2,1.4,33.8,cloudy
2008-10-20,12.399999999999999,0.0,37.1,cloudy
2008-10-21,11.7,4.8,35.1,cloudy
2008-10-22,9.95,5.1,30.0,rainy
2008-10-23,10.0,0.0,38.0,cloudy
2008-10-24,10.55,4.0,36.6,cloudy
2008-10-25,10.45,0.0,40.8,cloudy
2008-10-26,11.5,15.7,42.0,rainy
2008-10-27,8.85,2.6,31.6,cloudy
2008-10-28,7.25,7.6,31.7,rainy
2008-10-29,5.699999999999999,0.9,23.7,cloudy
2008-10-30,4.15,0.0,14.2,partly_cloudy
2008-10-31,5.25,0.0,13.4,partly_cloudy
2008-11-01,6.050000000000001,0.1,27.1,cloudy
2008-11-02,8.3,0.4,23.1,cloudy
2008-11-03,9.0,0.0,21.8,cloudy
2008-11-04,9.1,0.0,16.0,cloudy
2008-11-05,9.5,0.3,26.7,cloudy
2008-11-06,9.850000000000001,3.3,25.3,cloudy
2008-11-07,9.8,0.7,18.1,cloudy
2008-11-08,8.9,0.0,25.2,cloudy
2008-11-09,8.85,3.8,40.4,cloudy
2008-11-10,10.5,17.8,52.3,stormy
2008-11-11,9.25,17.8,39.9,rainy
2008-11-12,8.5,6.8,40.3,rainy
2008-11-13,8.2,2.8,30.9,cloudy
2008-11-14,10.05,3.0,38.0,cloudy
2008-11-15,10.55,0.3,37.7,cloudy
2008-11-16,8.3,0.5,43.8,cloudy
2008-11-17,6.1499999999999995,0.0,28.5,cloudy
2008-11-18,7.4,8.0,38.7,rainy
2008-11-19,8.85,2.0,44.4,cloudy
2008-11-20,7.65,1.9,44.4,cloudy
2008-11-21,2.85,1.7,36.4,cloudy
2008-11-22,2.4000000000000004,0.8,30.8,cloudy
2008-11-23,3.0,0.0,23.7,cloudy
2008-11-24,1.7499999999999998,0.0,21.9,cloudy
2008-11-25,3.2,0.0,18.1,cloudy
2008-11-26,6.1,0.1,32.8,cloudy
2008-11-27,8.25,0.9,38.0,cloudy
2008-11-28,5.5,0.0,37.7,cloudy
2008-11-29,2.35,0.0,14.0,partly_cloudy
2008-11-30,3.75,1.3,16.0,cloudy
2008-12-01,2.7,0.0,16.3,cloudy
2008-12-02,4.5,0.7,17.7,cloudy
2008-12-03,1.95,1.7,22.1,cloudy
2008-12-04,2.3,2.5,28.5,cloudy
2008-12-05,4.85,0.5,22.0,cloudy
2008-12-06,4.25,0.0,15.5,cloudy
2008-12-07,5.1,0.9,23.1,cloudy
2008-12-08,6.699999999999999,1.2,29.9,cloudy
2008-12-09,4.85,13.3,22.3,rainy
2008-12-10,2.7,0.1,16.6,cloudy
2008-12-11,1.2000000000000002,0.0,18.4,cloudy
2008-12-12,1.7,1.2,23.4,cloudy
2008-12-13,1.55,0.0,29.1,cloudy
2008-12-14,4.15,0.0,28.2,cloudy
2008-12-15,3.5999999999999996,0.0,16.5,cloudy
2008-12-16,3.2,0.0,14.4,partly_cloudy
2008-12-17,3.95,0.0,20.5,cloudy
2008-12-18,5.0,0.0,27.7,cloudy
2008-12-19,6.2,4.7,37.2,cloudy
2008-12-20,7.1,3.3,46.1,cloudy
2008-12-21,7.25,0.0,37.5,cloudy
2008-12-22,7.300000000000001,0.0,44.5,cloudy
2008-12-23,5.949999999999999,0.0,22.7,cloudy
2008-12-24,5.55,0.0,26.9,cloudy
2008-12-25,3.25,0.0,21.2,cloudy
2008-12-26,0.04999999999999993,0.0,14.3,partly_cloudy
2008-12-27,1.3499999999999999,0.0,9.8,partly_cloudy
2008-12-28,2.3,0.0,14.5,partly_cloudy
2008-12-29,0.19999999999999996,0.0,22.7,cloudy
2008-12-30,-2.65,0.0,16.0,cloudy
2008-12-31,-2.05,0.0,13.0,partly_cloudy
2009-01-01,1.15,0.0,16.6,cloudy
2009-01-02,-1.3499999999999999,0.0,14.0,partly_cloudy
2009-01-03,1.5000000000000002,3.3,35.0,cloudy
2009-01-04,0.9500000000000002,1.9,25.2,cloudy
2009-01-05,-3.95,0.0,23.7,cloudy
2009-01-06,-2.2,0.5,36.3,cloudy
2009-01-07,1.0,1.7,38.3,cloudy
2009-01-08,-0.04999999999999982,0.0,29.7,cloudy
2009-01-09,4.15,0.0,25.9,cloudy
2009-01-10,2.05,0.0,22.2,cloudy
2009-01-11,1.9000000000000001,0.0,41.6,cloudy
2009-01-12,4.5,3.3,41.1,cloudy
2009-01-13,4.7,5.5,34.5,rainy
2009-01-14,3.65,0.2,17.8,cloudy
2009-01-15,3.15,0.0,14.7,partly_cloudy
2009-01-16,1.95,0.0,28.3,cloudy
2009-01-17,2.65,1.7,23.8,cloudy
2009-01-18,4.1,10.3,35.5,rainy
2009-01-19,3.65,4.9,37.5,cloudy
2009-01-20,4.199999999999999,2.9,38.0,cloudy
2009-01-21,2.2,0.0,19.9,cloudy
2009-01-22,2.3,3.1,35.3,cloudy
2009-01-23,2.45,9.2,32.8,rainy
2009-01-24,2.7,0.0,24.2,cloudy
2009-01-25,2.3,0.0,20.9,cloudy
2009-01-26,0.55,0.0,18.8,cloudy
2009-01-27,-0.55,0.0,13.1,partly_cloudy
2009-01-28,-1.05,0.0,16.2,cloudy
2009-01-29,-1.45,0.0,20.2,cloudy
2009-01-30,-1.4,0.0,20.1,cloudy
2009-01-31,1.2,0.0,22.8,cloudy
2009-02-01,-0.49999999999999994,0.1,34.9,cloudy
2009-02-02,0.5499999999999999,0.0,41.1,cloudy
2009-02-03,1.6500000000000001,0.0,34.9,cloudy
2009-02-04,1.75,0.6,14.2,partly_cloudy
2009-02-05,2.4,4.4,20.3,cloudy
2009-02-06,4.35,0.4,18.7,cloudy
2009-02-07,2.8499999999999996,0.7,17.9,cloudy
2009-02-08,1.85,0.4,25.6,cloudy
2009-02-09,1.4,2.3,23.9,cloudy
2009-02-10,1.05,6.7,30.8,rainy
2009-02-11,0.2499999999999999,0.0,25.6,cloudy
2009-02-12,-1.0999999999999999,0.0,18.8,cloudy
2009-02-13,-1.25,4.0,22.0,cloudy
2009-02-14,-1.2499999999999998,0.0,17.2,cloudy
2009-02-15,1.7,4.9,23.8,cloudy
2009-02-16,2.45,2.4,18.8,cloudy
2009-02-17,-1.3,0.3,23.4,cloudy
2009-02-18,-1.0,0.0,12.6,partly_cloudy
2009-02-19,2.35,2.4,21.5,cloudy
2009-02-20,2.45,0.1,15.9,cloudy
2009-02-21,2.75,5.2,29.1,rainy
2009-02-22,5.300000000000001,0.2,37.9,cloudy
2009-02-23,4.0,0.2,37.8,cloudy
2009-02-24,1.7999999999999998,0.0,20.8,cloudy
2009-02-25,4.7,1.1,30.7,cloudy
2009-02-26,5.4,2.2,39.6,cloudy
2009-02-27,4.3,0.0,28.6,cloudy
2009-02-28,4.15,1.1,15.1,cloudy
2009-03-01,4.95,0.0,14.6,partly_cloudy
2009-03-02,5.4,5.3,20.4,rainy
2009-03-03,4.949999999999999,1.3,27.5,cloudy
2009-03-04,5.949999999999999,0.0,33.6,cloudy
2009-03-05,5.1,0.0,25.0,cloudy
2009-03-06,3.65,0.0,22.1,cloudy
2009-03-07,3.4000000000000004,0.0,20.9,cloudy
2009-03-08,4.7,6.1,32.8,rainy
2009-03-09,3.7,3.7,26.5,cloudy
2009-03-10,4.6,0.6,23.8,cloudy
2009-03-11,5.1,0.0,28.0,cloudy
2009-03-12,5.050000000000001,6.0,27.8,rainy
2009-03-13,5.35,0.0,20.8,cloudy
2009-03-14,5.6,3.2,21.6,cloudy
2009-03-15,6.5,2.4,24.4,cloudy
2009-03-16,5.199999999999999,0.4,22.7,cloudy
2009-03-17,5.8,0.0,35.9,cloudy
2009-03-18,5.35,0.0,24.0,cloudy
2009-03-19,5.0,0.0,16.6,cloudy
2009-03-20,2.65,0.0,10.5,partly_cloudy
2009-03-21,2.9,0.0,25.1,cloudy
2009-03-22,6.1,0.6,41.1,cloudy
2009-03-23,4.6,8.8,40.7,rainy
2009-03-24,1.9000000000000001,0.0,30.4,cloudy
2009-03-25,1.85,7.2,34.4,rainy
2009-03-26,4.1,6.9,27.7,rainy
2009-03-27,5.25,1.3,31.9,cloudy
2009-03-28,5.5,6.5,22.2,rainy
2009-03-29,4.5,0.1,14.5,partly_cloudy
2009-03-30,4.9,0.0,26.1,cloudy
2009-03-31,6.55,0.0,21.6,cloudy
2009-04-01,7.1,0.0,14.4,partly_cloudy
2009-04-02,7.75,0.0,16.2,cloudy
2009-04-03,9.0,0.0,15.5,cloudy
2009-04-04,8.45,0.0,25.0,cloudy
2009-04-05,6.6,0.0,19.5,cloudy
2009-04-06,7.1000000000000005,0.0,19.3,cloudy
2009-04-07,12.4,2.7,20.1,cloudy
2009-04-08,10.2,5.0,32.0,cloudy
2009-04-09,9.6,0.0,16.1,cloudy
2009-04-10,12.4,0.0,26.6,cloudy
2009-04-11,12.75,0.0,24.0,cloudy
2009-04-12,11.35,0.0,17.9,cloudy
2009-04-13,11.2,0.0,15.1,cloudy
2009-04-14,12.100000000000001,0.0,14.8,partly_cloudy
2009-04-15,11.4,0.0,31.3,cloudy
2009-04-16,11.05,0.0,30.3,cloudy
2009-04-17,8.75,0.0,27.8,cloudy
2009-04-18,9.7,0.0,17.4,cloudy
2009-04-19,8.8,0.0,22.0,cloudy
2009-04-20,8.55,0.0,12.0,partly_cloudy
2009-04-21,9.05,0.0,14.0,partly_cloudy
2009-04-22,7.55,1.1,22.7,cloudy
2009-04-23,10.0,0.0,16.8,cloudy
2009-04-24,10.65,0.0,21.8,cloudy
2009-04-25,12.9,0.0,28.2,cloudy
2009-04-26,13.4,0.0,20.1,cloudy
2009-04-27,11.7,0.0,30.4,cloudy
2009-04-28,12.5,9.0,27.6,rainy
2009-04-29,10.85,4.1,13.7,cloudy
2009-04-30,12.9,1.4,17.3,cloudy
2009-05-01,12.15,0.0,17.4,cloudy
2009-05-02,10.8,0.0,16.3,cloudy
2009-05-03,9.25,3.5,29.5,cloudy
2009-05-04,9.05,0.5,31.2,cloudy
2009-05-05,10.0,7.9,34.9,rainy
2009-05-06,9.3,5.9,41.8,rainy
2009-05-07,10.2,1.3,33.8,cloudy
2009-05-08,10.3,5.1,37.6,rainy
2009-05-09,11.2,0.0,27.1,cloudy
2009-05-10,9.9,0.0,15.5,cloudy
2009-05-11,9.05,0.0,23.7,cloudy
2009-05-12,10.8,0.0,19.1,cloudy
2009-05-13,11.3,0.0,20.6,cloudy
2009-05-14,11.5,0.0,30.2,cloudy
2009-05-15,12.25,0.0,36.9,cloudy
2009-05-16,11.350000000000001,9.9,31.6,rainy
2009-05-17,13.2,6.3,30.2,rainy
2009-05-18,13.0,1.1,23.6,cloudy
2009-05-19,13.0,2.8,16.9,cloudy
2009-05-20,11.8,0.0,23.7,cloudy
2009-05-21,12.549999999999999,5.9,21.6,rainy
2009-05-22,11.85,0.7,28.6,cloudy
2009-05-23,11.75,0.0,26.4,cloudy
2009-05-24,13.05,0.0,23.2,cloudy
2009-05-25,13.75,0.0,16.8,cloudy
2009-05-26,15.8,7.0,37.8,rainy
2009-05-27,12.2,3.1,36.9,cloudy
2009-05-28,11.399999999999999,1.5,37.5,cloudy
2009-05-29,13.600000000000001,0.0,23.6,cloudy
2009-05-30,15.1,0.0,23.2,cloudy
2009-05-31,17.6,0.0,20.0,cloudy
2009-06-01,17.05,0.0,20.9,cloudy
2009-06-02,14.55,0.0,38.9,cloudy
2009-06-03,11.2,0.1,40.3,cloudy
2009-06-04,10.05,0.2,35.5,cloudy
2009-06-05,10.3,1.2,24.2,cloudy
2009-06-06,10.8,0.0,20.3,cloudy
2009-06-07,11.399999999999999,1.2,19.1,cloudy
2009-06-08,12.55,1.4,17.5,cloudy
2009-06-09,12.100000000000001,8.4,26.8,rainy
2009-06-10,12.0,3.0,32.0,cloudy
2009-06-11,10.3,14.7,31.6,rainy
2009-06-12,11.7,0.0,46.1,cloudy
2009-06-13,11.8,0.0,35.6,cloudy
2009-06-14,12.899999999999999,0.0,16.4,cloudy
2009-06-15,11.7,0.0,22.3,cloudy
2009-06-16,11.3,0.0,29.6,cloudy
2009-06-17,13.549999999999999,0.1,26.9,cloudy
2009-06-18,14.3,2.1,31.4,cloudy
2009-06-19,13.5,7.3,35.3,rainy
2009-06-20,13.3,1.0,26.7,cloudy
2009-06-21,12.399999999999999,1.7,20.4,cloudy
2009-06-22,13.350000000000001,0.0,19.4,cloudy
2009-06-23,15.1,0.0,21.4,cloudy
2009-06-24,17.15,0.0,16.3,cloudy
2009-06-25,17.950000000000003,10.5,31.6,rainy
2009-06-26,18.2,0.9,34.6,cloudy
2009-06-27,17.3,0.0,28.8,cloudy
2009-06-28,17.0,0.0,23.8,cloudy
2009-06-29,17.3,0.0,14.8,partly_cloudy
2009-06-30,19.2,0.1,15.0,cloudy
2009-07-01,20.15,0.2,19.8,sunny
2009-07-02,19.45,0.0,15.5,cloudy
2009-07-03,21.4,0.0,12.1,sunny
2009-07-04,19.15,0.1,24.2,cloudy
2009-07-05,18.7,0.1,20.8,cloudy
2009-07-06,17.9,6.7,29.2,rainy
2009-07-07,16.0,4.9,29.0,cloudy
2009-07-08,15.649999999999999,6.0,30.3,rainy
2009-07-09,14.45,1.2,32.9,cloudy
2009-07-10,14.649999999999999,8.5,33.5,rainy
2009-07-11,15.05,0.2,26.5,cloudy
2009-07-12,15.75,7.3,23.1,rainy
2009-07-13,17.55,0.1,22.3,cloudy
2009-07-14,18.35,0.0,10.5,partly_cloudy
2009-07-15,18.9,1.3,22.4,cloudy
2009-07-16,18.5,0.0,26.1,cloudy
2009-07-17,19.1,3.9,25.5,cloudy
2009-07-18,17.3,4.5,29.9,cloudy
2009-07-19,16.35,0.2,24.2,cloudy
2009-07-20,15.7,11.3,35.0,rainy
2009-07-21,16.9,0.4,22.0,cloudy
2009-07-22,18.45,3.9,21.3,cloudy
2009-07-23,17.0,14.8,20.4,rainy
2009-07-24,16.3,9.7,24.7,rainy
2009-07-25,15.75,3.8,34.7,cloudy
2009-07-26,16.25,0.0,25.6,cloudy
2009-07-27,18.200000000000003,5.6,20.4,rainy
2009-07-28,16.95,0.0,22.6,cloudy
2009-07-29,18.1,0.0,21.6,cloudy
2009-07-30,16.05,9.1,42.1,rainy
2009-07-31,15.399999999999999,2.7,28.5,cloudy
2009-08-01,16.6,0.0,18.8,cloudy
2009-08-02,18.7,9.6,18.8,rainy
2009-08-03,16.4,0.0,18.4,cloudy
2009-08-04,16.7,0.0,9.8,partly_cloudy
2009-08-05,17.5,0.0,12.7,partly_cloudy
2009-08-06,20.55,0.0,19.8,sunny
2009-08-07,21.1,0.0,22.8,cloudy
2009-08-08,20.3,4.4,21.9,cloudy
2009-08-09,19.0,6.3,16.0,rainy
2009-08-10,17.450000000000003,3.6,17.3,cloudy
2009-08-11,17.35,1.6,26.6,cloudy
2009-08-12,16.75,1.6,29.3,cloudy
2009-08-13,16.2,1.9,29.4,cloudy
2009-08-14,15.55,0.0,23.5,cloudy
2009-08-15,17.95,4.0,34.0,cloudy
2009-08-16,18.25,0.3,32.1,cloudy
2009-08-17,17.049999999999997,3.7,28.5,cloudy
2009-08-18,16.15,0.3,25.0,cloudy
2009-08-19,18.95,0.0,21.0,cloudy
2009-08-20,23.6,2.4,28.8,cloudy
2009-08-21,17.65,3.2,20.6,cloudy
2009-08-22,15.649999999999999,2.0,20.2,cloudy
2009-08-23,16.2,0.0,19.1,cloudy
2009-08-24,19.55,0.0,26.4,cloudy
2009-08-25,17.95,6.9,22.1,rainy
2009-08-26,16.9,1.5,26.0,cloudy
2009-08-27,18.65,0.1,26.2,cloudy
2009-08-28,16.05,4.7,34.8,cloudy
2009-08-29,13.75,23.3,30.1,rainy
2009-08-30,13.95,11.3,28.3,rainy
2009-08-31,16.950000000000003,4.2,28.1,cloudy
2009-09-01,19.3,3.2,33.4,cloudy
2009-09-02,16.15,3.5,33.0,cloudy
2009-09-03,15.0,15.1,48.9,rainy
2009-09-04,14.25,17.3,50.4,stormy
2009-09-05,14.9,7.3,38.3,rainy
2009-09-06,15.450000000000001,1.8,29.3,cloudy
2009-09-07,16.5,0.4,29.5,cloudy
2009-09-08,18.3,0.0,20.5,cloudy
2009-09-09,16.45,0.0,22.9,cloudy
2009-09-10,15.25,0.0,25.8,cloudy
2009-09-11,14.700000000000001,0.0,24.0,cloudy
2009-09-12,14.25,0.0,28.3,cloudy
2009-09-13,15.75,0.0,29.3,cloudy
2009-09-14,14.899999999999999,0.0,31.0,cloudy
2009-09-15,15.5,0.0,30.3,cloudy
2009-09-16,13.95,0.0,22.0,cloudy
2009-09-17,13.2,0.0,16.1,cloudy
2009-09-18,12.100000000000001,0.0,15.5,cloudy
2009-09-19,15.4,0.0,14.0,partly_cloudy
2009-09-20,14.5,0.0,19.6,cloudy
2009-09-21,13.05,0.0,24.1,cloudy
2009-09-22,16.05,0.4,36.3,cloudy
2009-09-23,14.55,1.0,31.7,cloudy
2009-09-24,14.1,0.1,29.7,cloudy
2009-09-25,14.5,0.0,21.3,cloudy
2009-09-26,14.75,0.2,17.9,cloudy
2009-09-27,15.15,0.0,24.6,cloudy
2009-09-28,14.850000000000001,3.5,33.7,cloudy
2009-09-29,11.9,1.2,25.1,cloudy
2009-09-30,11.55,1.4,19.6,cloudy
2009-10-01,10.9,0.7,39.5,cloudy
2009-10-02,9.55,3.9,23.4,cloudy
2009-10-03,12.149999999999999,20.4,54.0,stormy
2009-10-04,11.399999999999999,4.4,51.8,stormy
2009-10-05,10.75,0.6,29.6,cloudy
2009-10-06,11.7,1.5,32.7,cloudy
2009-10-07,12.55,6.3,34.2,rainy
2009-10-08,10.75,0.1,33.1,cloudy
2009-10-09,8.55,0.0,29.6,cloudy
2009-10-10,7.699999999999999,3.1,25.4,cloudy
2009-10-11,9.3,7.7,19.5,rainy
2009-10-12,7.949999999999999,1.0,28.8,cloudy
2009-10-13,5.75,0.0,21.3,cloudy
2009-10-14,4.75,0.0,25.3,cloudy
2009-10-15,5.3500000000000005,0.0,25.5,cloudy
2009-10-16,7.9,0.8,48.7,cloudy
2009-10-17,7.35,0.0,30.2,cloudy
2009-10-18,6.2,0.0,14.8,partly_cloudy
2009-10-19,9.55,0.2,27.0,cloudy
2009-10-20,7.949999999999999,0.0,28.7,cloudy
2009-10-21,6.6,0.0,35.8,cloudy
2009-10-22,7.9,0.1,35.2,cloudy
2009-10-23,7.9,1.0,18.8,cloudy
2009-10-24,8.9,0.4,26.8,cloudy
2009-10-25,11.15,9.9,29.5,rainy
2009-10-26,11.65,7.6,31.6,rainy
2009-10-27,10.149999999999999,0.0,18.6,cloudy
2009-10-28,10.350000000000001,5.6,14.8,rainy
2009-10-29,9.7,0.0,23.2,cloudy
2009-10-30,6.6,0.0,22.6,cloudy
2009-10-31,4.65,0.7,23.9,cloudy
2009-11-01,6.699999999999999,10.7,36.7,rainy
2009-11-02,9.9,10.6,30.9,rainy
2009-11-03,7.75,0.1,34.2,cloudy
2009-11-04,4.3,13.1,36.2,rainy
2009-11-05,5.95,5.1,19.6,rainy
2009-11-06,8.65,4.2,25.3,cloudy
2009-11-07,8.2,4.0,30.6,cloudy
2009-11-08,7.300000000000001,0.0,16.2,cloudy
2009-11-09,6.65,1.2,25.5,cloudy
2009-11-10,6.15,7.6,20.1,rainy
2009-11-11,6.2,1.4,18.0,cloudy
2009-11-12,6.25,4.1,18.2,cloudy
2009-11-13,9.0,14.3,32.4,rainy
2009-11-14,11.7,2.3,34.2,cloudy
2009-11-15,10.1,5.7,37.0,rainy
2009-11-16,9.75,5.0,29.1,cloudy
2009-11-17,10.3,0.5,34.7,cloudy
2009-11-18,9.35,13.3,63.5,stormy
2009-11-19,10.649999999999999,0.3,37.2,cloudy
2009-11-20,11.2,2.5,35.6,cloudy
2009-11-21,10.15,0.0,26.9,cloudy
2009-11-22,10.3,7.5,42.1,rainy
2009-11-23,9.3,9.4,46.5,rainy
2009-11-24,10.25,6.3,37.4,rainy
2009-11-25,10.149999999999999,2.1,44.1,cloudy
2009-11-26,8.6,4.0,45.4,cloudy
2009-11-27,7.3,8.0,36.5,rainy
2009-11-28,6.949999999999999,9.5,32.7,rainy
2009-11-29,8.05,1.8,27.8,cloudy
2009-11-30,6.75,0.3,21.6,cloudy
2009-12-01,1.75,0.0,19.1,cloudy
2009-12-02,-0.10000000000000009,0.0,22.6,cloudy
2009-12-03,4.3,3.1,28.5,cloudy
2009-12-04,5.550000000000001,4.1,20.7,cloudy
2009-12-05,5.4,4.4,31.0,cloudy
2009-12-06,7.8,5.1,28.6,rainy
2009-12-07,6.699999999999999,0.0,24.5,cloudy
2009-12-08,4.9,0.0,20.0,cloudy
2009-12-09,6.25,1.9,20.2,cloudy
2009-12-10,6.199999999999999,6.5,18.4,rainy
2009-12-11,4.7,1.0,20.4,cloudy
2009-12-12,2.9,0.0,20.5,cloudy
2009-12-13,1.25,0.0,17.4,cloudy
2009-12-14,0.8,0.0,8.6,partly_cloudy
2009-12-15,0.95,0.0,19.2,cloudy
2009-12-16,1.2,8.0,31.6,rainy
2009-12-17,-2.0500000000000003,13.8,31.9,rainy
2009-12-18,-3.25,0.4,29.0,cloudy
2009-12-19,-6.1,0.3,27.2,cloudy
2009-12-20,-5.0,0.8,30.6,cloudy
2009-12-21,-3.5500000000000003,0.5,22.4,cloudy
2009-12-22,0.30000000000000004,5.2,31.8,rainy
2009-12-23,2.4,0.7,26.4,cloudy
2009-12-24,-0.35000000000000003,0.0,24.6,cloudy
2009-12-25,1.95,14.2,39.7,rainy
2009-12-26,4.85,5.8,40.9,rainy
2009-12-27,4.9,0.8,28.6,cloudy
2009-12-28,3.15,0.9,24.2,cloudy
2009-12-29,0.15000000000000002,0.0,20.0,cloudy
2009-12-30,0.15000000000000002,0.0,32.2,cloudy
2009-12-31,-1.3499999999999999,0.0,26.3,cloudy
2010-01-01,-3.15,0.0,20.4,cloudy
2010-01-02,-3.15,0.0,23.7,cloudy
2010-01-03,-5.45,0.0,24.5,cloudy
2010-01-04,-0.5999999999999999,2.5,27.9,cloudy
2010-01-05,0.6499999999999999,2.7,23.4,cloudy
2010-01-06,-2.75,1.2,21.3,cloudy
2010-01-07,-4.75,0.0,15.4,cloudy
2010-01-08,-6.3,0.0,26.3,cloudy
2010-01-09,-4.5,0.0,38.8,cloudy
2010-01-10,-0.7,1.9,38.1,cloudy
2010-01-11,-1.0,1.9,28.6,cloudy
2010-01-12,-1.5,1.1,24.3,cloudy
2010-01-13,-1.5,0.0,32.0,cloudy
2010-01-14,-1.05,0.0,29.4,cloudy
2010-01-15,-1.3,0.0,19.5,cloudy
2010-01-16,-1.05,0.0,33.2,cloudy
2010-01-17,-1.7,2.6,29.6,cloudy
2010-01-18,-0.3500000000000001,2.7,15.3,cloudy
2010-01-19,0.4,0.0,21.3,cloudy
2010-01-20,-0.6,0.4,25.7,cloudy
2010-01-21,-3.7,0.0,23.9,cloudy
2010-01-22,-5.949999999999999,0.0,23.2,cloudy
2010-01-23,-6.1,0.0,27.6,cloudy
2010-01-24,-6.85,0.0,28.0,cloudy
2010-01-25,-5.65,0.0,23.9,cloudy
2010-01-26,-5.85,0.0,13.0,partly_cloudy
2010-01-27,-1.7000000000000002,5.4,39.7,rainy
2010-01-28,1.6,0.2,36.5,cloudy
2010-01-29,-0.85,7.3,23.2,rainy
2010-01-30,-4.2,2.0,28.4,cloudy
2010-01-31,-0.19999999999999996,3.0,23.0,cloudy
2010-02-01,-2.95,4.2,22.5,cloudy
2010-02-02,-0.8,9.1,42.3,rainy
2010-02-03,0.7,0.8,32.8,cloudy
2010-02-04,0.3,0.0,18.5,cloudy
2010-02-05,1.05,0.0,31.0,cloudy
2010-02-06,-0.95,0.0,25.7,cloudy
2010-02-07,-2.75,0.0,20.9,cloudy
2010-02-08,-4.55,0.0,13.4,partly_cloudy
2010-02-09,-5.65,0.0,16.1,cloudy
2010-02-10,-3.3,0.0,31.1,cloudy
2010-02-11,-4.45,0.0,25.0,cloudy
2010-02-12,-4.35,0.0,23.9,cloudy
2010-02-13,-3.35,0.3,20.3,cloudy
2010-02-14,-2.5999999999999996,0.1,15.6,cloudy
2010-02-15,-3.4000000000000004,0.0,17.4,cloudy
2010-02-16,-2.6,0.0,21.9,cloudy
2010-02-17,-3.7,0.0,24.3,cloudy
2010-02-18,-0.30000000000000004,2.2,24.5,cloudy
2010-02-19,1.5999999999999999,1.7,24.6,cloudy
2010-02-20,0.10000000000000009,3.5,41.6,cloudy
2010-02-21,-2.35,0.2,29.3,cloudy
2010-02-22,-0.09999999999999998,6.3,27.0,rainy
2010-02-23,-2.5999999999999996,0.2,21.6,cloudy
2010-02-24,-1.85,1.3,32.0,cloudy
2010-02-25,2.15,2.8,22.2,cloudy
2010-02-26,4.1,4.0,26.9,cloudy
2010-02-27,3.4,3.2,36.2,cloudy
2010-02-28,2.7,7.0,23.4,rainy
2010-03-01,2.2,4.4,35.3,cloudy
2010-03-02,2.1,0.9,28.8,cloudy
2010-03-03,1.85,0.2,29.4,cloudy
2010-03-04,-0.35,0.0,26.4,cloudy
2010-03-05,-0.3999999999999999,7.3,31.6,rainy
2010-03-06,-3.55,0.2,34.1,cloudy
2010-03-07,-2.45,0.1,24.2,cloudy
2010-03-08,-1.2999999999999998,0.0,9.3,partly_cloudy
2010-03-09,-1.1,0.0,9.2,partly_cloudy
2010-03-10,0.7999999999999999,0.0,9.0,partly_cloudy
2010-03-11,2.1999999999999997,0.0,20.3,cloudy
2010-03-12,2.9,0.5,28.8,cloudy
2010-03-13,3.55,0.0,35.4,cloudy
2010-03-14,2.9000000000000004,1.3,36.4,cloudy
2010-03-15,2.0,1.3,28.8,cloudy
2010-03-16,2.35,0.0,27.1,cloudy
2010-03-17,4.550000000000001,0.0,24.8,cloudy
2010-03-18,5.949999999999999,0.0,23.5,cloudy
2010-03-19,6.5,1.1,31.6,cloudy
2010-03-20,6.3,6.7,28.3,rainy
2010-03-21,5.55,1.6,27.1,cloudy
2010-03-22,5.25,0.0,21.4,cloudy
2010-03-23,4.35,0.8,28.7,cloudy
2010-03-24,6.55,0.0,21.6,cloudy
2010-03-25,10.35,0.0,23.0,cloudy
2010-03-26,8.45,4.9,23.0,cloudy
2010-03-27,6.2,0.0,23.1,cloudy
2010-03-28,5.5,0.1,30.5,cloudy
2010-03-29,4.0,0.0,29.3,cloudy
2010-03-30,7.2,3.9,28.6,cloudy
2010-03-31,7.65,0.1,25.3,cloudy
2010-04-01,4.9,4.7,32.6,cloudy
2010-04-02,5.949999999999999,3.0,28.5,cloudy
2010-04-03,7.0,4.1,25.2,cloudy
2010-04-04,6.8,5.8,17.4,rainy
2010-04-05,6.0,0.1,23.5,cloudy
2010-04-06,8.7,0.7,24.9,cloudy
2010-04-07,10.3,0.0,23.7,cloudy
2010-04-08,7.6499999999999995,0.0,20.7,cloudy
2010-04-09,7.300000000000001,0.0,25.5,cloudy
2010-04-10,7.85,0.0,21.0,cloudy
2010-04-11,7.5,0.0,25.8,cloudy
2010-04-12,7.45,0.0,18.4,cloudy
2010-04-13,5.95,0.0,15.8,cloudy
2010-04-14,7.699999999999999,0.0,19.5,cloudy
2010-04-15,6.25,0.0,23.4,cloudy
2010-04-16,6.9,0.0,32.4,cloudy
2010-04-17,6.85,0.0,32.6,cloudy
2010-04-18,7.199999999999999,0.0,20.7,cloudy
2010-04-19,4.3,0.0,18.8,cloudy
2010-04-20,4.1,4.8,36.0,cloudy
2010-04-21,5.0,0.9,34.9,cloudy
2010-04-22,5.8,0.2,26.8,cloudy
2010-04-23,6.6,0.0,23.3,cloudy
2010-04-24,7.3,0.0,14.3,partly_cloudy
2010-04-25,11.35,0.0,24.0,cloudy
2010-04-26,9.75,4.3,20.8,cloudy
2010-04-27,9.55,0.0,19.8,cloudy
2010-04-28,10.55,0.0,20.0,cloudy
2010-04-29,12.5,0.0,18.9,cloudy
2010-04-30,9.45,3.7,28.7,cloudy
2010-05-01,7.8,2.2,29.1,cloudy
2010-05-02,7.65,0.0,18.0,cloudy
2010-05-03,8.1,3.0,19.1,cloudy
2010-05-04,5.699999999999999,0.0,37.2,cloudy
2010-05-05,6.55,0.0,14.0,partly_cloudy
2010-05-06,7.0,0.0,29.7,cloudy
2010-05-07,6.75,9.1,31.6,rainy
2010-05-08,7.0,8.1,22.4,rainy
2010-05-09,7.449999999999999,0.0,19.9,cloudy
2010-05-10,6.05,0.1,19.1,cloudy
2010-05-11,6.05,1.2,15.5,cloudy
2010-05-12,6.550000000000001,14.0,33.9,rainy
2010-05-13,7.6000000000000005,0.0,21.4,cloudy
2010-05-14,7.4,0.0,20.7,cloudy
2010-05-15,8.25,3.5,33.5,cloudy
2010-05-16,9.350000000000001,4.8,35.3,cloudy
2010-05-17,9.2,0.0,23.5,cloudy
2010-05-18,9.45,0.0,32.7,cloudy
2010-05-19,10.8,0.2,28.4,cloudy
2010-05-20,11.4,0.0,23.7,cloudy
2010-05-21,11.8,0.0,18.2,cloudy
2010-05-22,13.45,0.0,18.8,cloudy
2010-05-23,11.3,0.0,22.2,cloudy
2010-05-24,10.35,3.2,30.5,cloudy
2010-05-25,8.9,0.5,34.8,cloudy
2010-05-26,8.899999999999999,0.0,20.2,cloudy
2010-05-27,9.65,0.3,14.1,partly_cloudy
2010-05-28,10.5,1.0,32.4,cloudy
2010-05-29,12.149999999999999,0.0,23.8,cloudy
2010-05-30,12.9,15.3,25.0,rainy
2010-05-31,14.0,0.7,25.7,cloudy
2010-06-01,13.95,0.0,18.8,cloudy
2010-06-02,13.6,0.0,21.9,cloudy
2010-06-03,13.350000000000001,0.0,24.2,cloudy
2010-06-04,13.1,0.0,21.7,cloudy
2010-06-05,11.75,0.0,14.8,partly_cloudy
2010-06-06,14.899999999999999,0.0,14.1,partly_cloudy
2010-06-07,13.6,18.6,23.7,rainy
2010-06-08,14.75,0.2,18.4,cloudy
2010-06-09,16.15,1.3,17.6,cloudy
2010-06-10,15.0,17.0,17.9,rainy
2010-06-11,15.299999999999999,10.4,29.1,rainy
2010-06-12,12.75,0.7,40.9,cloudy
2010-06-13,12.15,0.1,33.3,cloudy
2010-06-14,11.9,0.2,23.3,cloudy
2010-06-15,12.4,0.0,24.6,cloudy
2010-06-16,12.350000000000001,0.0,20.8,cloudy
2010-06-17,11.95,0.0,17.8,cloudy
2010-06-18,11.850000000000001,0.2,39.0,cloudy
2010-06-19,11.3,0.5,34.4,cloudy
2010-06-20,12.3,0.9,27.8,cloudy
2010-06-21,12.65,0.0,21.2,cloudy
2010-06-22,12.0,0.0,13.9,partly_cloudy
2010-06-23,14.5,0.0,16.2,cloudy
2010-06-24,15.3,0.0,12.0,partly_cloudy
2010-06-25,15.1,0.0,20.1,cloudy
2010-06-26,13.35,0.0,17.7,cloudy
2010-06-27,14.899999999999999,0.0,11.7,partly_cloudy
2010-06-28,19.0,0.0,12.1,partly_cloudy
2010-06-29,18.5,0.0,19.8,cloudy
2010-06-30,14.25,0.0,20.7,cloudy
2010-07-01,16.9,0.0,17.1,cloudy
2010-07-02,22.2,0.0,17.2,sunny
2010-07-03,23.299999999999997,0.9,26.2,cloudy
2010-07-04,18.1,5.8,18.6,rainy
2010-07-05,16.7,0.7,21.6,cloudy
2010-07-06,15.45,0.3,25.1,cloudy
2010-07-07,16.5,0.3,21.2,cloudy
2010-07-08,20.25,0.0,20.2,cloudy
2010-07-09,21.700000000000003,0.0,21.6,cloudy
2010-07-10,22.75,0.0,19.4,sunny
2010-07-11,21.299999999999997,0.4,20.2,cloudy
2010-07-12,22.6,23.5,24.1,rainy
2010-07-13,17.75,1.1,25.0,cloudy
2010-07-14,21.7,0.0,28.0,cloudy
2010-07-15,19.85,2.4,31.9,cloudy
2010-07-16,20.65,1.5,29.2,cloudy
2010-07-17,17.65,11.1,26.4,rainy
2010-07-18,16.75,0.0,22.4,cloudy
2010-07-19,18.6,0.0,17.2,cloudy
2010-07-20,21.25,0.0,18.7,sunny
2010-07-21,22.9,1.3,21.5,cloudy
2010-07-22,18.8,1.1,27.1,cloudy
2010-07-23,17.7,5.7,17.6,rainy
2010-07-24,16.1,0.0,31.3,cloudy
2010-07-25,16.2,0.0,24.2,cloudy
2010-07-26,16.4,5.0,15.5,cloudy
2010-07-27,16.95,0.0,16.8,cloudy
2010-07-28,16.4,4.5,29.7,cloudy
2010-07-29,16.75,0.7,33.6,cloudy
2010-07-30,16.3,0.6,35.7,cloudy
2010-07-31,17.25,8.6,28.4,rainy
2010-08-01,17.85,2.0,15.1,cloudy
2010-08-02,16.5,1.1,12.5,cloudy
2010-08-03,15.45,0.1,16.8,cloudy
2010-08-04,16.6,10.6,21.1,rainy
2010-08-05,16.75,4.4,19.5,cloudy
2010-08-06,16.75,0.0,11.3,partly_cloudy
2010-08-07,16.75,2.7,13.2,cloudy
2010-08-08,18.05,1.5,16.4,cloudy
2010-08-09,15.7,0.0,20.7,cloudy
2010-08-10,18.3,2.4,25.1,cloudy
2010-08-11,16.5,10.4,23.0,rainy
2010-08-12,15.4,6.0,12.3,rainy
2010-08-13,16.75,0.1,16.0,cloudy
2010-08-14,18.5,0.0,20.6,cloudy
2010-08-15,18.700000000000003,0.3,22.2,cloudy
2010-08-16,18.4,10.3,21.1,rainy
2010-08-17,17.6,5.5,16.4,rainy
2010-08-18,16.15,25.1,36.2,rainy
2010-08-19,16.65,0.4,29.9,cloudy
2010-08-20,17.9,0.0,24.6,cloudy
2010-08-21,19.05,1.8,28.9,cloudy
2010-08-22,17.0,4.3,27.4,cloudy
2010-08-23,16.35,11.8,48.7,rainy
2010-08-24,15.149999999999999,7.1,43.5,rainy
2010-08-25,14.85,2.5,37.4,cloudy
2010-08-26,14.6,0.0,15.3,cloudy
2010-08-27,14.25,0.0,20.5,cloudy
2010-08-28,13.5,1.6,25.6,cloudy
2010-08-29,12.85,20.0,23.6,rainy
2010-08-30,14.600000000000001,7.3,30.1,rainy
2010-08-31,12.850000000000001,0.2,23.7,cloudy
2010-09-01,14.9,0.1,21.5,cloudy
2010-09-02,14.55,0.3,16.5,cloudy
2010-09-03,13.15,0.3,17.6,cloudy
2010-09-04,13.0,0.0,14.4,partly_cloudy
2010-09-05,12.5,0.0,14.5,partly_cloudy
2010-09-06,12.7,0.0,27.9,cloudy
2010-09-07,13.95,0.0,34.4,cloudy
2010-09-08,15.15,1.5,41.2,cloudy
2010-09-09,14.5,11.7,25.5,rainy
2010-09-10,14.8,2.7,22.3,cloudy
2010-09-11,17.25,1.9,27.4,cloudy
2010-09-12,15.9,5.1,18.3,rainy
2010-09-13,14.15,0.4,33.9,cloudy
2010-09-14,15.95,18.7,39.3,rainy
2010-09-15,12.75,7.2,49.7,rainy
2010-09-16,12.3,7.7,37.6,rainy
2010-09-17,12.2,6.5,39.6,rainy
2010-09-18,11.55,1.0,35.3,cloudy
2010-09-19,12.2,17.0,27.9,rainy
2010-09-20,14.5,14.5,34.8,rainy
2010-09-21,12.600000000000001,0.0,30.7,cloudy
2010-09-22,12.6,0.0,16.3,cloudy
2010-09-23,15.5,0.0,20.6,cloudy
2010-09-24,14.649999999999999,1.9,25.5,cloudy
2010-09-25,12.3,0.0,23.1,cloudy
2010-09-26,12.850000000000001,16.8,24.0,rainy
2010-09-27,13.05,0.7,30.1,cloudy
2010-09-28,10.3,0.0,23.2,cloudy
2010-09-29,9.55,0.0,15.8,cloudy
2010-09-30,9.85,0.0,25.0,cloudy
2010-10-01,10.2,0.0,29.8,cloudy
2010-10-02,11.05,1.6,33.9,cloudy
2010-10-03,15.05,5.6,34.6,rainy
2010-10-04,14.05,0.0,27.5,cloudy
2010-10-05,13.850000000000001,0.0,25.4,cloudy
2010-10-06,15.1,3.8,29.3,cloudy
2010-10-07,13.0,0.8,16.0,cloudy
2010-10-08,12.8,0.0,23.5,cloudy
2010-10-09,12.0,0.0,24.8,cloudy
2010-10-10,10.1,0.0,20.5,cloudy
2010-10-11,8.65,0.0,15.1,cloudy
2010-10-12,8.85,0.0,13.8,partly_cloudy
2010-10-13,9.7,0.0,14.8,partly_cloudy
2010-10-14,11.5,0.0,30.7,cloudy
2010-10-15,9.6,5.9,24.1,rainy
2010-10-16,5.6,0.0,29.6,cloudy
2010-10-17,4.9,0.0,14.9,partly_cloudy
2010-10-18,6.449999999999999,5.7,36.3,rainy
2010-10-19,9.45,10.5,34.4,rainy
2010-10-20,6.5,3.9,41.1,cloudy
2010-10-21,6.65,14.8,40.3,rainy
2010-10-22,9.3,8.0,36.2,rainy
2010-10-23,8.45,4.8,35.6,cloudy
2010-10-24,7.25,2.3,38.1,cloudy
2010-10-25,7.35,2.4,42.2,cloudy
2010-10-26,7.2,0.4,29.2,cloudy
2010-10-27,9.45,5.5,35.7,rainy
2010-10-28,10.7,5.6,34.7,rainy
2010-10-29,10.649999999999999,0.0,27.7,cloudy
2010-10-30,11.3,0.8,26.7,cloudy
2010-10-31,9.8,1.5,15.5,cloudy
2010-11-01,8.75,0.0,11.8,partly_cloudy
2010-11-02,9.899999999999999,3.2,37.6,cloudy
2010-11-03,10.9,10.6,45.5,rainy
2010-11-04,11.65,17.4,34.8,rainy
2010-11-05,11.05,10.1,36.1,rainy
2010-11-06,7.1,3.9,26.8,cloudy
2010-11-07,3.25,0.0,11.6,partly_cloudy
2010-11-08,2.4499999999999997,0.0,29.4,cloudy
2010-11-09,4.0,0.0,29.5,cloudy
2010-11-10,3.1,0.0,16.0,cloudy
2010-11-11,5.6,10.7,48.3,rainy
2010-11-12,9.05,7.7,51.8,stormy
2010-11-13,9.15,0.0,37.9,cloudy
2010-11-14,8.7,7.4,20.3,rainy
2010-11-15,7.050000000000001,1.7,35.4,cloudy
2010-11-16,4.35,0.0,14.2,partly_cloudy
2010-11-17,5.050000000000001,0.0,31.1,cloudy
2010-11-18,5.7,2.8,28.0,cloudy
2010-11-19,3.95,14.2,22.9,rainy
2010-11-20,4.45,0.0,13.9,partly_cloudy
2010-11-21,5.300000000000001,0.0,20.3,cloudy
2010-11-22,4.3,0.0,27.9,cloudy
2010-11-23,2.3,4.6,32.8,cloudy
2010-11-24,-0.20000000000000007,0.0,23.8,cloudy
2010-11-25,-1.4500000000000002,0.0,16.9,cloudy
2010-11-26,-2.5,0.0,18.8,cloudy
2010-11-27,-2.95,0.0,10.5,partly_cloudy
2010-11-28,-3.0500000000000003,0.0,19.7,cloudy
2010-11-29,-1.1,0.3,35.1,cloudy
2010-11-30,-3.15,0.0,29.4,cloudy
2010-12-01,-2.4,1.1,35.2,cloudy
2010-12-02,-1.25,0.2,32.6,cloudy
2010-12-03,-2.0,0.0,17.0,cloudy
2010-12-04,-0.10000000000000003,2.7,34.3,cloudy
2010-12-05,1.25,6.3,31.8,rainy
2010-12-06,1.5499999999999998,0.0,21.1,cloudy
2010-12-07,-0.09999999999999998,0.0,22.2,cloudy
2010-12-08,-0.9500000000000001,0.0,14.6,partly_cloudy
2010-12-09,0.3999999999999999,0.7,27.9,cloudy
2010-12-10,0.8999999999999999,6.0,31.3,rainy
2010-12-11,5.699999999999999,3.2,46.2,cloudy
2010-12-12,0.3999999999999999,0.0,36.3,cloudy
2010-12-13,-1.1,1.2,22.5,cloudy
2010-12-14,-4.05,0.0,22.1,cloudy
2010-12-15,-4.5,0.0,23.0,cloudy
2010-12-16,0.10000000000000009,10.9,37.9,rainy
2010-12-17,-3.2,0.0,13.4,partly_cloudy
2010-12-18,-4.55,0.0,18.8,cloudy
2010-12-19,-5.800000000000001,0.0,15.3,cloudy
2010-12-20,-2.5,2.9,35.3,cloudy
2010-12-21,-3.65,0.7,25.3,cloudy
2010-12-22,-4.3,2.7,30.6,cloudy
2010-12-23,-2.1500000000000004,5.0,36.2,cloudy
2010-12-24,-5.050000000000001,0.0,33.5,cloudy
2010-12-25,-7.550000000000001,0.0,27.3,cloudy
2010-12-26,-4.7,0.8,15.6,cloudy
2010-12-27,-5.1,0.0,16.6,cloudy
2010-12-28,-6.050000000000001,0.0,22.4,cloudy
2010-12-29,-8.8,0.0,22.0,cloudy
2010-12-30,-3.25,0.3,22.6,cloudy
2010-12-31,2.6,0.0,36.9,cloudy
2011-01-01,3.05,0.2,41.1,cloudy
2011-01-02,0.5,0.0,25.9,cloudy
2011-01-03,-0.30000000000000004,0.0,14.6,partly_cloudy
2011-01-04,0.6,4.2,33.7,cloudy
2011-01-05,-1.2999999999999998,1.4,30.6,cloudy
2011-01-06,0.0,7.0,29.3,rainy
2011-01-07,1.0999999999999999,3.8,23.0,cloudy
2011-01-08,4.4,4.5,42.6,cloudy
2011-01-09,2.8,0.0,34.0,cloudy
2011-01-10,1.55,0.0,25.6,cloudy
2011-01-11,0.0,3.1,25.1,cloudy
2011-01-12,2.35,0.6,30.1,cloudy
2011-01-13,3.2,3.9,25.0,cloudy
2011-01-14,4.35,4.5,25.6,cloudy
2011-01-15,4.95,5.8,39.9,rainy
2011-01-16,6.55,0.2,38.3,cloudy
2011-01-17,5.8,9.5,35.7,rainy
2011-01-18,3.25,0.4,20.6,cloudy
2011-01-19,2.15,0.0,19.4,cloudy
2011-01-20,-0.6000000000000001,0.0,15.7,cloudy
2011-01-21,0.44999999999999996,0.1,15.9,cloudy
2011-01-22,1.7000000000000002,0.0,17.1,cloudy
2011-01-23,2.1,0.0,18.4,cloudy
2011-01-24,2.6500000000000004,1.3,27.8,cloudy
2011-01-25,2.4499999999999997,3.5,31.4,cloudy
2011-01-26,-1.4,0.0,21.2,cloudy
2011-01-27,-3.5999999999999996,0.0,15.1,cloudy
2011-01-28,-4.1,0.0,9.4,partly_cloudy
2011-01-29,-2.5,0.0,14.3,partly_cloudy
2011-01-30,-1.3,0.0,12.7,partly_cloudy
2011-01-31,-0.5,0.0,23.1,cloudy
2011-02-01,1.6,1.1,30.6,cloudy
2011-02-02,3.0999999999999996,0.3,37.5,cloudy
2011-02-03,4.0,1.9,38.7,cloudy
2011-02-04,5.1,13.2,52.8,stormy
2011-02-05,6.15,3.1,54.4,stormy
2011-02-06,4.95,6.7,44.8,rainy
2011-02-07,6.25,0.7,57.2,stormy
2011-02-08,4.55,0.0,50.0,cloudy
2011-02-09,3.05,0.1,22.3,cloudy
2011-02-10,3.95,2.5,30.8,cloudy
2011-02-11,2.8499999999999996,0.0,30.0,cloudy
2011-02-12,-0.8499999999999999,0.8,32.5,cloudy
2011-02-13,0.15000000000000002,3.7,35.0,cloudy
2011-02-14,0.09999999999999998,0.1,35.6,cloudy
2011-02-15,-1.2999999999999998,6.9,31.4,rainy
2011-02-16,0.0,1.6,25.3,cloudy
2011-02-17,-0.25000000000000006,0.0,23.0,cloudy
2011-02-18,-1.2,0.0,23.6,cloudy
2011-02-19,-2.15,0.0,26.3,cloudy
2011-02-20,-3.0,0.0,28.9,cloudy
2011-02-21,-4.199999999999999,0.0,25.5,cloudy
2011-02-22,-5.4,0.0,24.6,cloudy
2011-02-23,-4.1,0.0,25.4,cloudy
2011-02-24,-0.85,0.6,23.2,cloudy
2011-02-25,1.4,0.0,25.8,cloudy
2011-02-26,3.1500000000000004,0.6,26.3,cloudy
2011-02-27,-0.20000000000000007,0.0,25.5,cloudy
2011-02-28,0.44999999999999996,0.0,22.5,cloudy
2011-03-01,0.25,0.0,14.7,partly_cloudy
2011-03-02,-0.7000000000000001,0.0,15.9,cloudy
2011-03-03,-1.25,0.0,12.1,partly_cloudy
2011-03-04,0.44999999999999996,0.0,20.8,cloudy
2011-03-05,3.05,0.0,32.9,cloudy
2011-03-06,0.8999999999999999,0.0,18.1,cloudy
2011-03-07,0.6999999999999997,0.0,16.9,cloudy
2011-03-08,2.15,0.0,23.8,cloudy
2011-03-09,3.6500000000000004,2.2,37.6,cloudy
2011-03-10,4.7,6.8,46.7,rainy
2011-03-11,4.3,0.2,42.8,cloudy
2011-03-12,5.2,0.0,26.4,cloudy
2011-03-13,6.75,0.4,17.8,cloudy
2011-03-14,6.949999999999999,5.9,12.6,rainy
2011-03-15,3.35,0.0,32.1,cloudy
2011-03-16,1.7999999999999998,0.0,35.4,cloudy
2011-03-17,2.7,0.0,26.2,cloudy
2011-03-18,3.35,0.0,24.0,cloudy
2011-03-19,3.75,0.0,20.2,cloudy
2011-03-20,4.1000000000000005,0.0,17.8,cloudy
2011-03-21,4.65,0.0,23.1,cloudy
2011-03-22,6.449999999999999,0.0,23.4,cloudy
2011-03-23,5.2,0.0,25.0,cloudy
2011-03-24,6.9,0.0,24.6,cloudy
2011-03-25,4.550000000000001,0.0,27.9,cloudy
2011-03-26,2.2,0.0,20.2,cloudy
2011-03-27,1.4500000000000002,0.0,18.3,cloudy
2011-03-28,4.05,0.0,26.4,cloudy
2011-03-29,4.7,0.0,25.9,cloudy
2011-03-30,7.6,1.0,17.3,cloudy
2011-03-31,8.399999999999999,7.3,39.2,rainy
2011-04-01,8.1,0.1,38.8,cloudy
2011-04-02,12.65,0.0,23.3,cloudy
2011-04-03,8.15,0.2,18.6,cloudy
2011-04-04,7.0,0.0,24.0,cloudy
2011-04-05,7.45,3.5,41.0,cloudy
2011-04-06,8.95,0.3,32.3,cloudy
2011-04-07,8.350000000000001,0.0,34.9,cloudy
2011-04-08,7.8,0.0,43.7,cloudy
2011-04-09,7.449999999999999,0.0,35.9,cloudy
2011-04-10,7.15,0.0,13.0,partly_cloudy
2011-04-11,8.3,0.0,16.3,cloudy
2011-04-12,7.5,1.8,47.2,cloudy
2011-04-13,6.75,0.0,43.5,cloudy
2011-04-14,5.8,0.0,10.7,partly_cloudy
2011-04-15,6.3999999999999995,0.0,12.2,partly_cloudy
2011-04-16,8.0,0.0,14.3,partly_cloudy
2011-04-17,7.65,0.0,13.5,partly_cloudy
2011-04-18,7.65,0.0,8.4,partly_cloudy
2011-04-19,11.75,0.0,15.3,cloudy
2011-04-20,12.05,0.0,11.5,partly_cloudy
2011-04-21,14.2,0.0,16.3,cloudy
2011-04-22,13.7,0.0,24.5,cloudy
2011-04-23,13.649999999999999,0.0,28.9,cloudy
2011-04-24,13.15,0.0,23.2,cloudy
2011-04-25,12.8,0.0,13.9,partly_cloudy
2011-04-26,11.7,0.0,24.1,cloudy
2011-04-27,12.5,0.4,23.5,cloudy
2011-04-28,11.850000000000001,0.0,31.9,cloudy
2011-04-29,12.4,0.0,33.8,cloudy
2011-04-30,11.35,0.0,28.3,cloudy
2011-05-01,9.3,0.0,19.7,cloudy
2011-05-02,7.4,0.0,30.3,cloudy
2011-05-03,5.800000000000001,0.1,26.0,cloudy
2011-05-04,5.9,0.0,18.6,cloudy
2011-05-05,6.7,0.0,15.5,cloudy
2011-05-06,10.25,0.0,15.7,cloudy
2011-05-07,15.2,0.0,30.2,cloudy
2011-05-08,14.5,0.0,34.2,cloudy
2011-05-09,16.95,0.0,26.4,cloudy
2011-05-10,15.350000000000001,0.2,15.6,cloudy
2011-05-11,12.25,0.0,16.3,cloudy
2011-05-12,11.6,0.0,22.0,cloudy
2011-05-13,10.350000000000001,0.2,28.5,cloudy
2011-05-14,10.15,1.3,28.2,cloudy
2011-05-15,10.2,3.7,31.5,cloudy
2011-05-16,10.55,7.1,31.2,rainy
2011-05-17,11.600000000000001,4.3,31.4,cloudy
2011-05-18,13.0,0.3,25.8,cloudy
2011-05-19,10.7,0.4,23.4,cloudy
2011-05-20,10.25,0.0,12.2,partly_cloudy
2011-05-21,12.100000000000001,0.0,12.9,partly_cloudy
2011-05-22,14.399999999999999,3.8,26.8,cloudy
2011-05-23,13.95,0.0,32.6,cloudy
2011-05-24,12.2,4.1,38.3,cloudy
2011-05-25,11.2,0.3,30.6,cloudy
2011-05-26,14.600000000000001,1.6,34.1,cloudy
2011-05-27,11.05,3.9,38.7,cloudy
2011-05-28,11.65,11.0,35.7,rainy
2011-05-29,12.0,2.6,36.7,cloudy
2011-05-30,16.85,0.0,23.3,cloudy
2011-05-31,13.3,3.7,26.1,cloudy
2011-06-01,11.399999999999999,0.0,21.7,cloudy
2011-06-02,12.95,0.0,15.6,cloudy
2011-06-03,15.8,0.0,16.3,cloudy
2011-06-04,16.75,0.0,21.3,cloudy
2011-06-05,17.1,0.0,23.8,cloudy
2011-06-06,15.950000000000001,0.2,20.4,cloudy
2011-06-07,13.8,1.3,12.6,cloudy
2011-06-08,15.3,21.8,25.3,rainy
2011-06-09,14.05,0.3,23.9,cloudy
2011-06-10,13.05,0.0,12.7,partly_cloudy
2011-06-11,12.75,1.4,24.6,cloudy
2011-06-12,12.5,0.0,17.7,cloudy
2011-06-13,14.95,3.0,24.7,cloudy
2011-06-14,13.2,0.0,22.1,cloudy
2011-06-15,13.6,0.0,11.8,partly_cloudy
2011-06-16,16.25,5.8,18.1,rainy
2011-06-17,14.55,0.9,29.2,cloudy
2011-06-18,14.2,9.9,33.7,rainy
2011-06-19,13.9,10.9,29.3,rainy
2011-06-20,14.0,1.1,27.4,cloudy
2011-06-21,14.95,0.0,24.7,cloudy
2011-06-22,15.149999999999999,1.8,28.6,cloudy
2011-06-23,14.100000000000001,0.4,28.4,cloudy
2011-06-24,13.149999999999999,0.0,28.8,cloudy
2011-06-25,13.4,0.1,19.4,cloudy
2011-06-26,16.1,0.0,15.0,cloudy
2011-06-27,18.8,0.0,23.4,cloudy
2011-06-28,21.6,0.0,24.2,cloudy
2011-06-29,18.5,1.2,26.1,cloudy
2011-06-30,14.25,0.0,32.6,cloudy
2011-07-01,13.95,0.1,33.7,cloudy
2011-07-02,14.15,5.1,39.8,rainy
2011-07-03,15.45,0.1,34.0,cloudy
2011-07-04,15.3,0.0,25.4,cloudy
2011-07-05,15.95,0.0,11.8,partly_cloudy
2011-07-06,18.45,9.0,23.9,rainy
2011-07-07,17.65,0.0,15.0,cloudy
2011-07-08,16.65,4.7,20.2,cloudy
2011-07-09,17.25,1.8,26.6,cloudy
2011-07-10,16.75,0.0,20.1,cloudy
2011-07-11,15.75,0.0,18.7,cloudy
2011-07-12,15.149999999999999,0.0,21.2,cloudy
2011-07-13,14.4,27.9,39.1,rainy
2011-07-14,16.2,21.5,34.1,rainy
2011-07-15,14.95,0.3,31.5,cloudy
2011-07-16,17.0,1.8,24.4,cloudy
2011-07-17,16.45,15.2,26.0,rainy
2011-07-18,15.8,5.1,36.8,rainy
2011-07-19,16.9,1.0,24.5,cloudy
2011-07-20,16.450000000000003,0.7,18.6,cloudy
2011-07-21,15.5,0.0,29.4,cloudy
2011-07-22,15.4,7.9,35.1,rainy
2011-07-23,14.75,12.6,38.5,rainy
2011-07-24,15.850000000000001,1.6,25.8,cloudy
2011-07-25,14.600000000000001,1.1,22.1,cloudy
2011-07-26,16.0,0.0,15.3,cloudy
2011-07-27,17.65,0.0,12.8,partly_cloudy
2011-07-28,16.0,0.0,25.6,cloudy
2011-07-29,16.2,0.0,27.8,cloudy
2011-07-30,17.25,0.0,29.1,cloudy
2011-07-31,17.2,0.7,22.4,cloudy
2011-08-01,17.049999999999997,0.0,14.0,partly_cloudy
2011-08-02,19.2,0.0,18.8,cloudy
2011-08-03,20.05,0.0,22.8,cloudy
2011-08-04,18.0,5.9,19.1,rainy
2011-08-05,16.9,4.7,27.4,cloudy
2011-08-06,17.3,4.2,19.4,cloudy
2011-08-07,16.3,5.9,33.9,rainy
2011-08-08,14.75,14.9,32.4,rainy
2011-08-09,15.149999999999999,10.5,39.2,rainy
2011-08-10,13.65,10.9,38.8,rainy
2011-08-11,14.75,26.6,33.7,rainy
2011-08-12,15.350000000000001,3.8,22.6,cloudy
2011-08-13,15.9,0.3,16.1,cloudy
2011-08-14,16.95,4.7,16.7,cloudy
2011-08-15,15.75,0.4,23.1,cloudy
2011-08-16,14.3,0.7,25.0,cloudy
2011-08-17,16.2,2.5,22.7,cloudy
2011-08-18,15.9,2.2,13.3,cloudy
2011-08-19,15.05,11.5,32.1,rainy
2011-08-20,16.0,0.4,28.7,cloudy
2011-08-21,18.55,2.9,14.5,cloudy
2011-08-22,16.6,0.9,19.8,cloudy
2011-08-23,16.549999999999997,4.1,26.0,cloudy
2011-08-24,17.85,4.6,20.4,cloudy
2011-08-25,17.2,0.0,17.8,cloudy
2011-08-26,21.7,3.2,28.6,cloudy
2011-08-27,15.95,15.1,23.4,rainy
2011-08-28,14.0,12.6,32.7,rainy
2011-08-29,12.95,14.4,41.0,rainy
2011-08-30,13.95,2.5,35.5,cloudy
2011-08-31,14.05,2.3,22.5,cloudy
2011-09-01,13.600000000000001,0.0,15.5,cloudy
2011-09-02,13.600000000000001,0.0,16.4,cloudy
2011-09-03,18.15,0.0,15.3,cloudy
2011-09-04,19.25,4.6,21.4,cloudy
2011-09-05,15.35,2.4,37.5,cloudy
2011-09-06,15.149999999999999,17.5,49.8,rainy
2011-09-07,14.1,14.2,38.5,rainy
2011-09-08,13.55,19.1,25.8,rainy
2011-09-09,13.950000000000001,0.0,12.5,partly_cloudy
2011-09-10,17.95,0.0,26.1,cloudy
2011-09-11,17.85,4.0,25.5,cloudy
2011-09-12,16.450000000000003,6.5,48.1,rainy
2011-09-13,15.15,3.1,45.1,cloudy
2011-09-14,13.850000000000001,9.6,41.7,rainy
2011-09-15,13.5,0.4,37.2,cloudy
2011-09-16,12.95,0.1,20.8,cloudy
2011-09-17,13.75,3.7,26.0,cloudy
2011-09-18,12.9,8.0,22.4,rainy
2011-09-19,13.0,1.8,36.8,cloudy
2011-09-20,14.45,0.8,31.3,cloudy
2011-09-21,15.149999999999999,6.8,32.9,rainy
2011-09-22,13.7,1.7,33.9,cloudy
2011-09-23,14.05,0.5,26.4,cloudy
2011-09-24,14.100000000000001,0.0,17.1,cloudy
2011-09-25,14.1,0.0,14.3,partly_cloudy
2011-09-26,16.75,0.6,23.3,cloudy
2011-09-27,13.100000000000001,0.0,10.0,partly_cloudy
2011-09-28,14.399999999999999,0.0,15.9,cloudy
2011-09-29,16.2,0.0,10.4,partly_cloudy
2011-09-30,16.2,0.0,10.9,partly_cloudy
2011-10-01,16.200000000000003,0.0,9.5,partly_cloudy
2011-10-02,15.899999999999999,0.0,18.4,cloudy
2011-10-03,16.95,0.5,32.2,cloudy
2011-10-04,15.850000000000001,0.0,35.5,cloudy
2011-10-05,15.2,1.0,39.7,cloudy
2011-10-06,12.95,16.7,44.8,rainy
2011-10-07,11.0,4.2,33.2,cloudy
2011-10-08,8.85,4.0,39.9,cloudy
2011-10-09,9.4,6.4,39.2,rainy
2011-10-10,13.5,5.2,41.1,rainy
2011-10-11,11.8,2.2,34.0,cloudy
2011-10-12,11.05,0.3,29.8,cloudy
2011-10-13,8.85,0.0,20.8,cloudy
2011-10-14,6.800000000000001,0.0,13.8,partly_cloudy
2011-10-15,7.75,0.0,17.6,cloudy
2011-10-16,8.55,0.0,20.5,cloudy
2011-10-17,9.7,0.0,36.1,cloudy
2011-10-18,10.7,17.5,41.4,rainy
2011-10-19,8.9,10.5,42.4,rainy
2011-10-20,7.65,1.1,26.5,cloudy
2011-10-21,9.35,0.5,29.0,cloudy
2011-10-22,8.5,0.0,26.1,cloudy
2011-10-23,7.6,0.0,25.6,cloudy
2011-10-24,7.800000000000001,0.0,35.4,cloudy
2011-10-25,9.25,0.0,36.2,cloudy
2011-10-26,9.9,0.7,27.9,cloudy
2011-10-27,9.399999999999999,0.0,27.1,cloudy
2011-10-28,10.1,0.0,20.9,cloudy
2011-10-29,9.75,0.3,21.0,cloudy
2011-10-30,12.55,0.5,27.2,cloudy
2011-10-31,12.7,0.1,21.2,cloudy
2011-11-01,11.3,0.0,25.0,cloudy
2011-11-02,10.5,0.6,18.4,cloudy
2011-11-03,10.9,0.2,22.2,cloudy
2011-11-04,10.850000000000001,0.0,25.7,cloudy
2011-11-05,10.05,0.0,26.7,cloudy
2011-11-06,8.75,0.0,20.7,cloudy
2011-11-07,9.2,0.0,25.0,cloudy
2011-11-08,8.95,0.0,27.0,cloudy
2011-11-09,8.5,0.0,21.9,cloudy
2011-11-10,6.25,0.0,26.7,cloudy
2011-11-11,3.6,0.0,29.4,cloudy
2011-11-12,3.0,0.0,25.7,cloudy
2011-11-13,2.45,0.0,14.6,partly_cloudy
2011-11-14,3.65,0.0,14.6,partly_cloudy
2011-11-15,4.949999999999999,0.0,21.5,cloudy
2011-11-16,3.45,0.0,21.3,cloudy
2011-11-17,3.25,0.0,15.0,cloudy
2011-11-18,7.300000000000001,0.0,19.1,cloudy
2011-11-19,6.699999999999999,0.0,16.6,cloudy
2011-11-20,4.75,0.0,12.7,partly_cloudy
2011-11-21,3.5,0.0,15.8,cloudy
2011-11-22,2.95,0.1,16.5,cloudy
2011-11-23,5.85,0.1,22.8,cloudy
2011-11-24,9.3,0.0,29.6,cloudy
2011-11-25,8.45,3.3,41.8,cloudy
2011-11-26,8.6,1.6,44.6,cloudy
2011-11-27,9.85,2.3,57.3,stormy
2011-11-28,7.9,0.0,40.6,cloudy
2011-11-29,6.300000000000001,0.1,37.6,cloudy
2011-11-30,8.25,1.1,46.0,cloudy
2011-12-01,7.85,5.5,43.2,rainy
2011-12-02,6.15,6.6,28.4,rainy
2011-12-03,7.3,6.1,51.7,stormy
2011-12-04,5.45,9.8,40.7,rainy
2011-12-05,3.4,6.3,33.6,rainy
2011-12-06,2.95,3.3,31.0,cloudy
2011-12-07,4.35,7.5,34.1,rainy
2011-12-08,5.3,13.6,51.5,stormy
2011-12-09,6.15,3.6,56.1,stormy
2011-12-10,4.25,0.0,38.6,cloudy
2011-12-11,5.300000000000001,0.3,28.1,cloudy
2011-12-12,4.65,2.2,32.1,cloudy
2011-12-13,5.949999999999999,10.0,49.7,rainy
2011-12-14,5.3,1.4,50.7,stormy
2011-12-15,5.05,3.6,42.5,cloudy
2011-12-16,4.050000000000001,0.3,29.1,cloudy
2011-12-17,4.449999999999999,0.0,33.6,cloudy
2011-12-18,4.05,1.2,30.1,cloudy
2011-12-19,4.2,0.5,32.2,cloudy
2011-12-20,2.5,1.7,30.9,cloudy
2011-12-21,3.7,0.0,25.5,cloudy
2011-12-22,5.25,3.6,22.0,cloudy
2011-12-23,7.8,0.6,28.2,cloudy
2011-12-24,5.699999999999999,7.6,36.3,rainy
2011-12-25,7.65,1.8,41.7,cloudy
2011-12-26,8.8,0.0,38.2,cloudy
2011-12-27,6.800000000000001,0.0,38.0,cloudy
2011-12-28,6.5,0.2,43.0,cloudy
2011-12-29,5.25,4.3,46.1,cloudy
2011-12-30,4.65,0.2,39.8,cloudy
2011-12-31,3.35,0.3,22.3,cloudy
2012-01-01,6.8,6.5,29.5,rainy
2012-01-02,6.15,5.5,28.6,rainy
2012-01-03,6.3,14.6,56.6,stormy
2012-01-04,6.15,3.3,55.8,stormy
2012-01-05,6.1,11.2,56.6,stormy
2012-01-06,4.15,0.0,29.0,cloudy
2012-01-07,6.25,6.2,34.2,rainy
2012-01-08,5.15,1.4,33.3,cloudy
2012-01-09,5.2,4.1,33.0,cloudy
2012-01-10,5.75,0.0,32.4,cloudy
2012-01-11,6.65,0.0,34.3,cloudy
2012-01-12,6.15,2.4,53.2,stormy
2012-01-13,5.05,0.8,43.3,cloudy
2012-01-14,2.55,0.0,32.4,cloudy
2012-01-15,1.5,0.0,9.8,partly_cloudy
2012-01-16,4.45,0.0,19.2,cloudy
2012-01-17,5.05,0.0,20.0,cloudy
2012-01-18,5.0,5.5,36.0,rainy
2012-01-19,5.05,4.4,41.7,cloudy
2012-01-20,3.45,3.9,30.1,cloudy
2012-01-21,4.1,6.9,40.7,rainy
2012-01-22,3.85,1.2,41.3,cloudy
2012-01-23,0.7,0.4,10.3,partly_cloudy
2012-01-24,0.9500000000000001,0.0,16.2,cloudy
2012-01-25,-0.3,0.0,24.9,cloudy
2012-01-26,-0.29999999999999993,1.3,36.7,cloudy
2012-01-27,0.5,4.8,30.6,cloudy
2012-01-28,-0.44999999999999996,0.1,19.7,cloudy
2012-01-29,-2.0,0.5,24.6,cloudy
2012-01-30,-2.2,0.0,30.3,cloudy
2012-01-31,-2.75,0.0,32.8,cloudy
2012-02-01,-2.05,0.0,26.3,cloudy
2012-02-02,-5.55,0.0,21.0,cloudy
2012-02-03,-7.4,0.9,19.3,cloudy
2012-02-04,-8.25,0.0,14.5,partly_cloudy
2012-02-05,-8.35,0.0,22.2,cloudy
2012-02-06,-10.35,0.0,20.5,cloudy
2012-02-07,-8.35,0.0,21.8,cloudy
2012-02-08,-4.4,0.0,19.7,cloudy
2012-02-09,-2.65,0.0,28.0,cloudy
2012-02-10,-3.95,0.0,16.6,cloudy
2012-02-11,-4.3,0.0,13.9,partly_cloudy
2012-02-12,0.7000000000000001,0.6,27.8,cloudy
2012-02-13,-0.8499999999999999,0.1,15.1,cloudy
2012-02-14,2.85,1.5,42.7,cloudy
2012-02-15,2.75,0.0,48.0,cloudy
2012-02-16,1.15,5.3,26.6,rainy
2012-02-17,3.6,0.1,25.1,cloudy
2012-02-18,3.8000000000000003,7.7,36.4,rainy
2012-02-19,2.7,0.0,35.8,cloudy
2012-02-20,2.5999999999999996,0.2,43.3,cloudy
2012-02-21,4.35,7.2,43.0,rainy
2012-02-22,5.3,7.1,47.5,rainy
2012-02-23,6.050000000000001,1.1,45.4,cloudy
2012-02-24,6.1,0.0,38.6,cloudy
2012-02-25,5.3,0.7,37.7,cloudy
2012-02-26,2.9,0.4,24.0,cloudy
2012-02-27,3.2,1.5,23.2,cloudy
2012-02-28,6.0,0.0,25.8,cloudy
2012-02-29,5.800000000000001,0.4,19.4,cloudy
2012-03-01,5.699999999999999,0.0,21.6,cloudy
2012-03-02,4.75,0.0,15.6,cloudy
2012-03-03,4.65,0.2,26.6,cloudy
2012-03-04,4.5,1.0,21.4,cloudy
2012-03-05,3.5,2.1,24.6,cloudy
2012-03-06,3.3,0.0,21.8,cloudy
2012-03-07,3.45,8.8,33.3,rainy
2012-03-08,4.8,0.5,27.8,cloudy
2012-03-09,4.85,0.0,31.9,cloudy
2012-03-10,6.45,0.3,30.0,cloudy
2012-03-11,6.949999999999999,0.0,31.5,cloudy
2012-03-12,6.6,0.0,33.9,cloudy
2012-03-13,6.9,0.0,27.3,cloudy
2012-03-14,5.9,0.0,22.5,cloudy
2012-03-15,4.35,0.0,14.6,partly_cloudy
2012-03-16,5.7,0.0,22.2,cloudy
2012-03-17,6.65,0.0,22.3,cloudy
2012-03-18,6.199999999999999,3.3,36.8,cloudy
2012-03-19,5.4,0.0,29.4,cloudy
2012-03-20,6.35,0.0,31.4,cloudy
2012-03-21,6.75,0.0,19.4,cloudy
2012-03-22,6.55,0.0,14.1,partly_cloudy
2012-03-23,6.2,0.0,12.5,partly_cloudy
2012-03-24,5.4,0.0,17.7,cloudy
2012-03-25,8.35,0.0,21.1,cloudy
2012-03-26,5.1,0.0,17.8,cloudy
2012-03-27,9.05,0.0,25.0,cloudy
2012-03-28,8.65,0.0,34.9,cloudy
2012-03-29,7.5,0.6,42.8,cloudy
2012-03-30,7.5,0.1,40.5,cloudy
2012-03-31,5.2,0.0,43.4,cloudy
2012-04-01,5.0,2.4,41.8,cloudy
2012-04-02,3.55,0.0,34.7,cloudy
2012-04-03,3.0,0.3,24.6,cloudy
2012-04-04,3.8499999999999996,0.3,30.0,cloudy
2012-04-05,3.3000000000000003,0.0,13.2,partly_cloudy
2012-04-06,2.65,8.6,30.0,rainy
2012-04-07,3.1500000000000004,0.2,30.7,cloudy
2012-04-08,2.05,0.0,21.2,cloudy
2012-04-09,6.75,7.8,30.0,rainy
2012-04-10,8.75,5.8,33.7,rainy
2012-04-11,6.699999999999999,6.1,17.2,rainy
2012-04-12,5.85,2.4,12.5,cloudy
2012-04-13,6.0,0.0,17.8,cloudy
2012-04-14,5.8,0.0,14.3,partly_cloudy
2012-04-15,5.25,0.0,28.6,cloudy
2012-04-16,4.699999999999999,0.0,30.7,cloudy
2012-04-17,5.35,0.1,24.0,cloudy
2012-04-18,8.7,0.5,23.4,cloudy
2012-04-19,9.95,0.8,26.4,cloudy
2012-04-20,8.600000000000001,4.0,18.4,cloudy
2012-04-21,8.45,7.5,16.9,rainy
2012-04-22,7.05,1.9,22.1,cloudy
2012-04-23,7.4,2.9,20.2,cloudy
2012-04-24,8.350000000000001,4.2,22.8,cloudy
2012-04-25,8.85,0.3,22.9,cloudy
2012-04-26,10.85,10.0,31.1,rainy
2012-04-27,10.35,0.0,30.1,cloudy
2012-04-28,7.3,6.0,29.7,rainy
2012-04-29,9.899999999999999,0.4,37.4,cloudy
2012-04-30,11.2,0.0,17.1,cloudy
2012-05-01,12.05,0.0,29.8,cloudy
2012-05-02,12.35,0.0,22.1,cloudy
2012-05-03,11.0,0.0,13.4,partly_cloudy
2012-05-04,8.5,0.0,18.6,cloudy
2012-05-05,6.9,0.0,22.5,cloudy
2012-05-06,6.050000000000001,0.1,17.4,cloudy
2012-05-07,6.55,0.0,13.4,partly_cloudy
2012-05-08,9.4,6.3,22.7,rainy
2012-05-09,12.350000000000001,5.1,14.5,rainy
2012-05-10,13.4,16.2,37.5,rainy
2012-05-11,11.0,1.2,34.8,cloudy
2012-05-12,8.100000000000001,1.5,40.4,cloudy
2012-05-13,8.5,0.1,28.0,cloudy
2012-05-14,10.2,0.1,32.6,cloudy
2012-05-15,8.8,1.0,20.5,cloudy
2012-05-16,7.4,5.1,39.9,rainy
2012-05-17,7.95,0.9,35.0,cloudy
2012-05-18,10.95,0.0,23.5,cloudy
2012-05-19,12.3,4.1,19.5,cloudy
2012-05-20,15.149999999999999,0.0,21.5,cloudy
2012-05-21,17.35,0.0,24.8,cloudy
2012-05-22,18.85,0.0,23.6,cloudy
2012-05-23,18.15,0.0,28.6,cloudy
2012-05-24,16.6,0.0,24.2,cloudy
2012-05-25,16.75,0.0,15.4,cloudy
2012-05-26,15.399999999999999,0.0,15.9,cloudy
2012-05-27,17.049999999999997,0.0,13.9,partly_cloudy
2012-05-28,15.15,0.0,20.2,cloudy
2012-05-29,13.45,0.0,31.1,cloudy
2012-05-30,11.1,0.0,25.2,cloudy
2012-05-31,11.15,2.5,18.5,cloudy
2012-06-01,9.85,0.0,38.5,cloudy
2012-06-02,9.25,0.6,29.5,cloudy
2012-06-03,9.5,0.0,22.6,cloudy
2012-06-04,10.6,0.2,27.2,cloudy
2012-06-05,10.399999999999999,0.4,28.3,cloudy
2012-06-06,11.149999999999999,1.5,22.7,cloudy
2012-06-07,13.8,1.6,21.1,cloudy
2012-06-08,14.75,8.1,22.8,rainy
2012-06-09,12.649999999999999,2.4,39.3,cloudy
2012-06-10,12.15,4.4,35.3,cloudy
2012-06-11,12.35,0.0,15.7,cloudy
2012-06-12,13.4,0.0,23.8,cloudy
2012-06-13,11.899999999999999,0.4,24.7,cloudy
2012-06-14,10.649999999999999,0.0,19.9,cloudy
2012-06-15,11.8,5.3,24.6,rainy
2012-06-16,14.850000000000001,6.9,24.1,rainy
2012-06-17,13.7,0.2,35.9,cloudy
2012-06-18,14.149999999999999,26.7,32.1,rainy
2012-06-19,13.05,0.0,11.6,partly_cloudy
2012-06-20,14.35,0.0,15.2,cloudy
2012-06-21,16.2,0.0,26.7,cloudy
2012-06-22,15.2,5.9,28.8,rainy
2012-06-23,14.45,2.9,31.4,cloudy
2012-06-24,12.85,28.9,28.1,rainy
2012-06-25,13.100000000000001,4.5,38.9,cloudy
2012-06-26,12.75,0.1,36.2,cloudy
2012-06-27,12.9,1.7,19.9,cloudy
2012-06-28,14.65,0.7,22.6,cloudy
2012-06-29,16.9,8.2,24.5,rainy
2012-06-30,17.35,0.1,21.2,cloudy
2012-07-01,15.1,0.3,28.5,cloudy
2012-07-02,15.600000000000001,0.2,26.1,cloudy
2012-07-03,16.95,0.6,14.2,partly_cloudy
2012-07-04,17.75,0.0,20.2,cloudy
2012-07-05,17.85,0.0,23.8,cloudy
2012-07-06,18.4,1.1,23.7,cloudy
2012-07-07,17.8,0.1,15.5,cloudy
2012-07-08,19.6,4.8,24.0,cloudy
2012-07-09,15.45,9.3,46.2,rainy
2012-07-10,14.75,0.6,26.8,cloudy
2012-07-11,14.75,7.9,28.4,rainy
2012-07-12,13.65,11.4,30.9,rainy
2012-07-13,15.0,6.2,24.4,rainy
2012-07-14,14.850000000000001,1.8,30.2,cloudy
2012-07-15,13.9,0.0,24.8,cloudy
2012-07-16,14.15,3.2,30.7,cloudy
2012-07-17,14.799999999999999,3.3,30.6,cloudy
2012-07-18,15.0,4.9,29.4,cloudy
2012-07-19,15.100000000000001,14.1,32.3,rainy
2012-07-20,14.05,2.1,26.8,cloudy
2012-07-21,14.350000000000001,0.0,30.3,cloudy
2012-07-22,14.450000000000001,0.0,24.5,cloudy
2012-07-23,18.05,0.0,26.9,cloudy
2012-07-24,19.7,0.0,13.0,partly_cloudy
2012-07-25,19.95,0.0,18.8,cloudy
2012-07-26,16.95,0.0,19.9,cloudy
2012-07-27,18.85,2.8,13.6,cloudy
2012-07-28,16.15,5.2,25.3,rainy
2012-07-29,14.25,4.7,14.0,cloudy
2012-07-30,14.0,6.0,28.5,rainy
2012-07-31,14.450000000000001,5.7,24.3,rainy
2012-08-01,17.75,0.0,21.3,cloudy
2012-08-02,18.25,3.2,24.2,cloudy
2012-08-03,17.55,2.6,20.7,cloudy
2012-08-04,16.25,7.4,18.9,rainy
2012-08-05,18.0,0.3,14.7,partly_cloudy
2012-08-06,17.4,12.7,26.4,rainy
2012-08-07,16.15,6.9,30.7,rainy
2012-08-08,15.8,0.0,24.8,cloudy
2012-08-09,15.35,0.0,23.6,cloudy
2012-08-10,15.75,0.2,28.0,cloudy
2012-08-11,16.450000000000003,0.0,15.6,cloudy
2012-08-12,16.1,0.0,21.1,cloudy
2012-08-13,16.75,0.0,25.7,cloudy
2012-08-14,17.1,0.0,24.7,cloudy
2012-08-15,17.5,0.0,23.9,cloudy
2012-08-16,17.05,8.8,22.7,rainy
2012-08-17,18.15,0.1,16.3,cloudy
2012-08-18,22.6,0.0,18.9,sunny
2012-08-19,22.450000000000003,0.4,17.4,sunny
2012-08-20,19.75,0.0,29.5,cloudy
2012-08-21,18.0,0.6,14.8,partly_cloudy
2012-08-22,17.5,10.3,37.1,rainy
2012-08-23,16.6,0.9,28.2,cloudy
2012-08-24,15.75,0.2,11.2,partly_cloudy
2012-08-25,16.4,20.0,26.5,rainy
2012-08-26,16.25,11.0,32.1,rainy
2012-08-27,15.649999999999999,0.1,28.3,cloudy
2012-08-28,17.25,3.4,24.8,cloudy
2012-08-29,16.85,0.0,17.1,cloudy
2012-08-30,16.65,0.0,17.5,cloudy
2012-08-31,14.799999999999999,0.8,27.8,cloudy
2012-09-01,14.950000000000001,0.0,25.2,cloudy
2012-09-02,16.4,0.9,30.1,cloudy
2012-09-03,16.45,0.1,17.8,cloudy
2012-09-04,17.1,0.0,27.6,cloudy
2012-09-05,15.05,0.1,30.8,cloudy
2012-09-06,14.149999999999999,0.0,36.4,cloudy
2012-09-07,15.8,1.3,38.7,cloudy
2012-09-08,16.15,0.2,30.1,cloudy
2012-09-09,17.85,0.0,18.5,cloudy
2012-09-10,18.4,0.8,26.8,cloudy
2012-09-11,15.05,2.2,33.2,cloudy
2012-09-12,12.6,4.2,24.5,cloudy
2012-09-13,12.15,1.1,28.8,cloudy
2012-09-14,14.350000000000001,8.0,41.8,rainy
2012-09-15,14.45,0.2,32.5,cloudy
2012-09-16,15.5,0.7,30.9,cloudy
2012-09-17,14.850000000000001,1.7,30.0,cloudy
2012-09-18,12.75,5.7,30.2,rainy
2012-09-19,10.5,8.8,30.0,rainy
2012-09-20,10.75,14.3,21.9,rainy
2012-09-21,12.350000000000001,22.3,35.0,rainy
2012-09-22,10.8,0.3,27.0,cloudy
2012-09-23,11.45,0.0,21.2,cloudy
2012-09-24,11.95,19.4,39.1,rainy
2012-09-25,13.05,5.6,33.5,rainy
2012-09-26,12.100000000000001,3.4,26.1,cloudy
2012-09-27,12.100000000000001,7.5,25.8,rainy
2012-09-28,12.600000000000001,2.8,31.1,cloudy
2012-09-29,12.3,7.0,32.2,rainy
2012-09-30,12.8,0.4,32.4,cloudy
2012-10-01,13.5,0.8,30.1,cloudy
2012-10-02,14.15,0.9,29.9,cloudy
2012-10-03,12.4,9.2,34.8,rainy
2012-10-04,11.149999999999999,4.0,24.0,cloudy
2012-10-05,10.7,13.1,34.2,rainy
2012-10-06,10.95,4.2,29.9,cloudy
2012-10-07,10.65,0.4,38.2,cloudy
2012-10-08,11.35,0.5,29.2,cloudy
2012-10-09,10.100000000000001,0.2,40.0,cloudy
2012-10-10,10.05,2.3,26.6,cloudy
2012-10-11,9.85,0.6,18.5,cloudy
2012-10-12,8.7,8.5,30.3,rainy
2012-10-13,10.35,6.6,34.7,rainy
2012-10-14,9.149999999999999,7.1,23.0,rainy
2012-10-15,8.3,2.8,27.0,cloudy
2012-10-16,10.25,5.7,40.8,rainy
2012-10-17,11.25,2.0,36.7,cloudy
2012-10-18,13.600000000000001,7.2,30.3,rainy
2012-10-19,14.100000000000001,3.5,13.1,cloudy
2012-10-20,13.7,2.2,22.6,cloudy
2012-10-21,11.5,1.7,21.5,cloudy
2012-10-22,11.75,0.3,23.3,cloudy
2012-10-23,11.2,0.0,18.2,cloudy
2012-10-24,10.55,0.0,16.9,cloudy
2012-10-25,7.85,0.5,35.2,cloudy
2012-10-26,3.85,2.2,30.2,cloudy
2012-10-27,3.25,0.0,21.0,cloudy
2012-10-28,4.9,0.0,31.5,cloudy
2012-10-29,7.300000000000001,13.2,39.9,rainy
2012-10-30,6.2,0.1,20.4,cloudy
2012-10-31,8.2,0.0,32.8,cloudy
2012-11-01,6.6499999999999995,8.1,33.9,rainy
2012-11-02,7.449999999999999,13.8,37.6,rainy
2012-11-03,7.15,12.6,25.8,rainy
2012-11-04,7.5,2.9,33.0,cloudy
2012-11-05,5.85,2.6,20.6,cloudy
2012-11-06,7.050000000000001,4.1,36.2,cloudy
2012-11-07,9.75,0.0,34.1,cloudy
2012-11-08,9.6,5.0,36.3,cloudy
2012-11-09,8.95,0.1,25.9,cloudy
2012-11-10,8.149999999999999,2.8,23.4,cloudy
2012-11-11,9.05,1.0,28.9,cloudy
2012-11-12,8.05,3.5,22.5,cloudy
2012-11-13,7.75,0.0,23.2,cloudy
2012-11-14,9.2,0.0,20.4,cloudy
2012-11-15,9.3,0.0,13.6,partly_cloudy
2012-11-16,4.4,0.0,17.7,cloudy
2012-11-17,3.5,0.0,23.4,cloudy
2012-11-18,6.449999999999999,0.9,16.8,cloudy
2012-11-19,5.35,0.0,26.4,cloudy
2012-11-20,8.4,0.0,24.9,cloudy
2012-11-21,5.800000000000001,0.0,24.0,cloudy
2012-11-22,8.2,0.0,36.1,cloudy
2012-11-23,6.85,3.7,30.2,cloudy
2012-11-24,5.25,0.0,21.3,cloudy
2012-11-25,6.7,12.1,55.2,stormy
2012-11-26,7.4,1.4,49.8,cloudy
2012-11-27,6.65,3.2,9.6,cloudy
2012-11-28,4.949999999999999,0.0,15.6,cloudy
2012-11-29,2.35,0.0,25.9,cloudy
2012-11-30,1.0,1.9,20.5,cloudy
2012-12-01,1.9499999999999997,6.4,18.5,rainy
2012-12-02,-0.7999999999999998,6.2,23.0,rainy
2012-12-03,0.050000000000000044,2.5,28.9,cloudy
2012-12-04,0.09999999999999987,2.8,24.1,cloudy
2012-12-05,-3.6500000000000004,4.7,32.8,cloudy
2012-12-06,-1.5,0.2,26.4,cloudy
2012-12-07,-3.2,0.0,25.4,cloudy
2012-12-08,-4.35,0.7,25.3,cloudy
2012-12-09,1.9999999999999998,11.8,31.8,rainy
2012-12-10,0.35,0.0,31.8,cloudy
2012-12-11,-2.5,0.0,26.9,cloudy
2012-12-12,-5.800000000000001,0.0,19.9,cloudy
2012-12-13,-2.4499999999999997,1.9,24.5,cloudy
2012-12-14,-0.8499999999999999,2.1,38.4,cloudy
2012-12-15,3.7,6.3,34.4,rainy
2012-12-16,5.05,4.5,19.1,cloudy
2012-12-17,4.9,1.8,17.2,cloudy
2012-12-18,3.65,6.5,20.6,rainy
2012-12-19,2.25,0.0,17.8,cloudy
2012-12-20,2.1,0.0,31.4,cloudy
2012-12-21,0.5,0.0,30.5,cloudy
2012-12-22,-1.25,1.3,29.5,cloudy
2012-12-23,2.65,11.7,36.1,rainy
2012-12-24,7.25,4.0,47.3,cloudy
2012-12-25,6.5,6.5,47.4,rainy
2012-12-26,6.25,2.3,33.2,cloudy
2012-12-27,3.5500000000000003,5.7,40.8,rainy
2012-12-28,1.6500000000000001,1.8,33.9,cloudy
2012-12-29,6.85,1.3,36.2,cloudy
2012-12-30,6.5,2.8,39.8,cloudy
2012-12-31,7.3,8.7,45.5,rainy
2013-01-01,6.35,4.6,40.6,cloudy
2013-01-02,5.5,1.5,29.9,cloudy
2013-01-03,7.4,2.9,33.9,cloudy
2013-01-04,7.3,3.8,35.9,cloudy
2013-01-05,6.6,0.0,29.3,cloudy
2013-01-06,6.25,0.0,26.6,cloudy
2013-01-07,5.25,0.4,17.3,cloudy
2013-01-08,6.0,2.1,20.0,cloudy
2013-01-09,5.7,9.0,23.1,rainy
2013-01-10,2.5,0.8,24.2,cloudy
2013-01-11,-0.9000000000000001,0.0,18.0,cloudy
2013-01-12,-1.4000000000000001,0.0,14.2,partly_cloudy
2013-01-13,-1.5,0.0,18.0,cloudy
2013-01-14,-4.15,0.8,20.7,cloudy
2013-01-15,-4.6,0.1,14.5,partly_cloudy
2013-01-16,-4.449999999999999,0.0,14.3,partly_cloudy
2013-01-17,-3.6500000000000004,0.3,17.4,cloudy
2013-01-18,-1.9000000000000001,0.0,24.2,cloudy
2013-01-19,-1.9,1.1,25.9,cloudy
2013-01-20,-2.9000000000000004,0.0,30.4,cloudy
2013-01-21,-1.1,0.1,33.9,cloudy
2013-01-22,-1.0,0.0,27.0,cloudy
2013-01-23,-2.25,0.0,18.4,cloudy
2013-01-24,-4.15,0.0,13.8,partly_cloudy
2013-01-25,-3.75,0.0,26.3,cloudy
2013-01-26,-1.55,3.1,29.9,cloudy
2013-01-27,2.6500000000000004,7.6,35.3,rainy
2013-01-28,3.3499999999999996,0.4,36.1,cloudy
2013-01-29,3.9000000000000004,8.9,39.7,rainy
2013-01-30,5.75,13.2,49.7,rainy
2013-01-31,5.2,7.4,57.2,stormy
2013-02-01,3.55,2.9,30.4,cloudy
2013-02-02,1.4000000000000001,0.1,24.2,cloudy
2013-02-03,2.3,4.6,35.4,cloudy
2013-02-04,4.45,6.9,43.1,rainy
2013-02-05,2.8000000000000003,3.5,39.5,cloudy
2013-02-06,1.7,1.2,22.8,cloudy
2013-02-07,0.15000000000000002,0.0,18.1,cloudy
2013-02-08,-0.2,0.0,21.0,cloudy
2013-02-09,-1.35,0.0,13.1,partly_cloudy
2013-02-10,-1.7,0.0,23.0,cloudy
2013-02-11,-2.2,0.0,33.0,cloudy
2013-02-12,-1.0999999999999999,0.1,24.3,cloudy
2013-02-13,-1.5,0.0,15.5,cloudy
2013-02-14,-0.8,0.0,29.2,cloudy
2013-02-15,-0.7,1.1,21.4,cloudy
2013-02-16,0.8,0.0,11.6,partly_cloudy
2013-02-17,1.0,0.0,9.1,partly_cloudy
2013-02-18,1.3,0.0,23.7,cloudy
2013-02-19,1.1,3.5,26.4,cloudy
2013-02-20,-0.39999999999999997,0.0,22.7,cloudy
2013-02-21,-2.05,0.0,20.2,cloudy
2013-02-22,-1.9,0.0,19.1,cloudy
2013-02-23,-1.15,0.0,27.7,cloudy
2013-02-24,-0.35,0.1,30.8,cloudy
2013-02-25,1.35,0.0,25.9,cloudy
2013-02-26,0.7000000000000001,0.0,20.0,cloudy
2013-02-27,-0.19999999999999996,0.0,11.5,partly_cloudy
2013-02-28,1.6,0.0,25.2,cloudy
2013-03-01,2.15,0.0,27.3,cloudy
2013-03-02,1.1,0.0,31.4,cloudy
2013-03-03,2.6500000000000004,0.0,30.2,cloudy
2013-03-04,1.3499999999999999,0.0,16.6,cloudy
2013-03-05,4.05,0.0,17.7,cloudy
2013-03-06,4.25,0.0,21.6,cloudy
2013-03-07,3.1,0.0,41.5,cloudy
2013-03-08,1.65,1.4,35.3,cloudy
2013-03-09,0.6499999999999999,1.0,36.3,cloudy
2013-03-10,-2.3,0.4,38.9,cloudy
2013-03-11,-3.55,0.0,28.7,cloudy
2013-03-12,-3.4000000000000004,0.0,18.6,cloudy
2013-03-13,-0.8999999999999999,1.8,22.2,cloudy
2013-03-14,-2.5,0.0,20.6,cloudy
2013-03-15,-3.05,0.0,24.2,cloudy
2013-03-16,0.5000000000000001,3.1,28.7,cloudy
2013-03-17,1.0999999999999999,1.1,35.1,cloudy
2013-03-18,-0.85,7.0,38.9,rainy
2013-03-19,-1.55,0.0,30.1,cloudy
2013-03-20,-1.6,0.0,22.4,cloudy
2013-03-21,-2.45,0.0,17.8,cloudy
2013-03-22,-2.9,0.0,34.2,cloudy
2013-03-23,-2.8000000000000003,0.0,36.6,cloudy
2013-03-24,-1.2,0.0,31.3,cloudy
2013-03-25,-0.75,0.1,32.6,cloudy
2013-03-26,0.0,0.0,28.8,cloudy
2013-03-27,0.3500000000000001,0.0,27.4,cloudy
2013-03-28,0.34999999999999987,0.0,28.2,cloudy
2013-03-29,0.5499999999999999,1.2,21.1,cloudy
2013-03-30,-0.04999999999999993,0.2,14.9,partly_cloudy
2013-03-31,0.5,0.0,13.2,partly_cloudy
2013-04-01,1.4499999999999997,0.0,15.2,cloudy
2013-04-02,1.65,0.0,18.1,cloudy
2013-04-03,1.2000000000000002,0.0,27.5,cloudy
2013-04-04,1.9000000000000001,0.0,24.3,cloudy
2013-04-05,1.4000000000000001,0.0,20.1,cloudy
2013-04-06,2.2,0.0,19.4,cloudy
2013-04-07,2.55,1.3,26.0,cloudy
2013-04-08,2.6500000000000004,0.0,21.6,cloudy
2013-04-09,4.1499999999999995,0.0,33.2,cloudy
2013-04-10,3.3,7.0,29.9,rainy
2013-04-11,4.3,0.7,18.7,cloudy
2013-04-12,4.449999999999999,0.9,14.3,partly_cloudy
2013-04-13,4.25,3.4,16.2,cloudy
2013-04-14,7.75,0.5,29.2,cloudy
2013-04-15,8.9,0.5,26.2,cloudy
2013-04-16,9.4,0.2,27.9,cloudy
2013-04-17,9.4,1.5,24.5,cloudy
2013-04-18,10.75,0.4,48.3,cloudy
2013-04-19,5.8,0.0,35.6,cloudy
2013-04-20,6.25,0.0,26.5,cloudy
2013-04-21,6.8999999999999995,0.0,14.1,partly_cloudy
2013-04-22,8.65,0.0,31.4,cloudy
2013-04-23,8.45,0.6,34.6,cloudy
2013-04-24,9.6,0.8,29.1,cloudy
2013-04-25,9.3,4.6,22.7,cloudy
2013-04-26,6.449999999999999,2.1,19.7,cloudy
2013-04-27,5.6,0.0,24.5,cloudy
2013-04-28,5.45,0.0,21.1,cloudy
2013-04-29,7.0,1.6,35.0,cloudy
2013-04-30,5.800000000000001,0.0,26.8,cloudy
2013-05-01,5.6499999999999995,0.0,12.0,partly_cloudy
2013-05-02,7.5,0.0,15.9,cloudy
2013-05-03,9.05,0.0,16.3,cloudy
2013-05-04,9.6,0.0,24.8,cloudy
2013-05-05,10.4,0.0,20.2,cloudy
2013-05-06,11.450000000000001,0.0,10.7,partly_cloudy
2013-05-07,14.5,2.5,23.1,cloudy
2013-05-08,14.0,3.3,24.6,cloudy
2013-05-09,10.8,1.0,22.0,cloudy
2013-05-10,10.3,0.5,34.5,cloudy
2013-05-11,10.5,2.7,23.0,cloudy
2013-05-12,9.0,2.9,26.6,cloudy
2013-05-13,9.0,2.4,33.3,cloudy
2013-05-14,9.2,5.5,24.3,rainy
2013-05-15,14.149999999999999,15.5,25.3,rainy
2013-05-16,13.649999999999999,0.3,23.9,cloudy
2013-05-17,17.25,0.3,19.4,cloudy
2013-05-18,12.95,4.6,18.1,cloudy
2013-05-19,11.899999999999999,3.9,16.4,cloudy
2013-05-20,13.0,0.0,10.0,partly_cloudy
2013-05-21,11.3,1.3,28.7,cloudy
2013-05-22,8.55,1.3,49.6,cloudy
2013-05-23,7.800000000000001,1.2,31.2,cloudy
2013-05-24,8.3,5.1,14.8,rainy
2013-05-25,10.5,7.9,22.4,rainy
2013-05-26,14.7,0.0,28.3,cloudy
2013-05-27,12.2,3.8,14.4,cloudy
2013-05-28,12.600000000000001,1.0,19.6,cloudy
2013-05-29,12.600000000000001,8.1,23.5,rainy
2013-05-30,14.75,2.4,16.3,cloudy
2013-05-31,15.899999999999999,0.0,20.9,cloudy
2013-06-01,12.5,0.1,34.8,cloudy
2013-06-02,10.95,0.0,36.9,cloudy
2013-06-03,11.4,0.0,32.4,cloudy
2013-06-04,14.05,0.0,19.3,cloudy
2013-06-05,12.8,0.0,12.7,partly_cloudy
2013-06-06,14.45,0.0,14.9,partly_cloudy
2013-06-07,14.649999999999999,0.0,23.0,cloudy
2013-06-08,11.600000000000001,0.0,23.5,cloudy
2013-06-09,11.95,0.0,20.7,cloudy
2013-06-10,13.65,0.0,19.3,cloudy
2013-06-11,11.5,0.0,14.4,partly_cloudy
2013-06-12,13.9,2.5,25.7,cloudy
2013-06-13,15.100000000000001,12.3,33.6,rainy
2013-06-14,13.100000000000001,1.0,35.4,cloudy
2013-06-15,14.3,7.1,36.0,rainy
2013-06-16,12.5,8.0,35.6,rainy
2013-06-17,13.4,0.2,15.9,cloudy
2013-06-18,17.1,0.2,18.0,cloudy
2013-06-19,19.2,1.1,19.0,cloudy
2013-06-20,18.4,2.9,19.5,cloudy
2013-06-21,15.95,24.8,40.7,rainy
2013-06-22,15.5,2.2,31.4,cloudy
2013-06-23,14.5,5.5,31.9,rainy
2013-06-24,13.8,3.3,27.1,cloudy
2013-06-25,13.2,0.5,29.5,cloudy
2013-06-26,12.600000000000001,0.4,38.8,cloudy
2013-06-27,11.649999999999999,16.7,25.9,rainy
2013-06-28,11.75,10.4,29.2,rainy
2013-06-29,12.95,3.1,33.1,cloudy
2013-06-30,12.600000000000001,0.7,29.3,cloudy
2013-07-01,13.7,1.2,25.2,cloudy
2013-07-02,14.2,0.0,19.0,cloudy
2013-07-03,16.6,4.7,21.3,cloudy
2013-07-04,15.85,0.1,17.4,cloudy
2013-07-05,14.95,0.0,22.0,cloudy
2013-07-06,14.100000000000001,0.0,13.0,partly_cloudy
2013-07-07,15.049999999999999,0.0,17.1,cloudy
2013-07-08,16.4,0.0,21.9,cloudy
2013-07-09,15.950000000000001,0.0,22.8,cloudy
2013-07-10,16.0,0.0,30.7,cloudy
2013-07-11,15.2,0.0,20.7,cloudy
2013-07-12,15.149999999999999,0.0,15.1,cloudy
2013-07-13,15.049999999999999,0.0,24.3,cloudy
2013-07-14,14.7,0.0,28.3,cloudy
2013-07-15,15.4,0.2,20.7,cloudy
2013-07-16,17.1,0.0,18.2,cloudy
2013-07-17,17.45,0.0,17.9,cloudy
2013-07-18,17.700000000000003,0.0,20.0,cloudy
2013-07-19,17.0,0.0,33.3,cloudy
2013-07-20,17.55,0.0,16.6,cloudy
2013-07-21,18.35,0.0,11.7,partly_cloudy
2013-07-22,19.45,0.0,14.1,partly_cloudy
2013-07-23,20.25,0.0,18.8,sunny
2013-07-24,20.1,1.2,19.8,cloudy
2013-07-25,18.9,1.0,12.9,cloudy
2013-07-26,20.45,0.8,13.6,sunny
2013-07-27,21.5,9.3,15.9,rainy
2013-07-28,19.55,3.8,29.1,cloudy
2013-07-29,19.05,0.0,15.1,cloudy
2013-07-30,17.6,5.2,30.5,rainy
2013-07-31,17.35,6.3,26.0,rainy
2013-08-01,18.9,2.1,20.9,cloudy
2013-08-02,24.450000000000003,0.0,23.2,cloudy
2013-08-03,19.85,0.0,26.1,cloudy
2013-08-04,18.15,0.0,18.4,cloudy
2013-08-05,20.5,0.0,24.8,cloudy
2013-08-06,18.7,0.4,29.0,cloudy
2013-08-07,16.4,2.2,21.7,cloudy
2013-08-08,16.55,5.4,30.6,rainy
2013-08-09,16.85,0.0,20.6,cloudy
2013-08-10,16.75,5.7,24.2,rainy
2013-08-11,15.899999999999999,7.0,29.0,rainy
2013-08-12,14.7,7.7,26.8,rainy
2013-08-13,14.549999999999999,5.2,30.4,rainy
2013-08-14,15.2,0.0,29.3,cloudy
2013-08-15,16.1,1.5,20.4,cloudy
2013-08-16,19.25,2.2,26.9,cloudy
2013-08-17,18.25,6.3,21.7,rainy
2013-08-18,16.4,2.3,32.7,cloudy
2013-08-19,15.950000000000001,0.0,18.0,cloudy
2013-08-20,15.6,0.0,18.0,cloudy
2013-08-21,16.55,0.0,17.9,cloudy
2013-08-22,17.7,0.0,12.6,partly_cloudy
2013-08-23,18.75,0.0,23.3,cloudy
2013-08-24,17.8,0.0,27.1,cloudy
2013-08-25,18.45,0.1,24.9,cloudy
2013-08-26,16.95,0.0,22.9,cloudy
2013-08-27,17.25,0.0,16.2,cloudy
2013-08-28,16.1,0.0,18.5,cloudy
2013-08-29,15.5,0.0,19.6,cloudy
2013-08-30,17.049999999999997,4.2,22.4,cloudy
2013-08-31,15.6,2.6,30.1,cloudy
2013-09-01,14.45,5.0,33.0,cloudy
2013-09-02,15.65,8.6,41.0,rainy
2013-09-03,16.15,0.0,27.6,cloudy
2013-09-04,16.5,0.0,12.6,partly_cloudy
2013-09-05,18.9,0.0,25.6,cloudy
2013-09-06,20.7,0.0,26.0,cloudy
2013-09-07,19.25,5.6,19.6,rainy
2013-09-08,16.9,1.3,24.1,cloudy
2013-09-09,12.8,7.6,11.5,rainy
2013-09-10,12.2,3.0,19.1,cloudy
2013-09-11,14.0,0.5,18.3,cloudy
2013-09-12,13.399999999999999,2.3,10.9,cloudy
2013-09-13,15.45,0.5,11.9,partly_cloudy
2013-09-14,14.600000000000001,11.9,24.3,rainy
2013-09-15,13.75,2.9,38.9,cloudy
2013-09-16,11.600000000000001,9.8,38.9,rainy
2013-09-17,11.35,8.4,32.6,rainy
2013-09-18,11.15,3.0,17.8,cloudy
2013-09-19,11.600000000000001,3.9,16.9,cloudy
2013-09-20,12.649999999999999,1.7,17.0,cloudy
2013-09-21,13.3,0.0,17.9,cloudy
2013-09-22,16.0,0.1,31.3,cloudy
2013-09-23,15.649999999999999,0.2,32.2,cloudy
2013-09-24,12.55,0.0,19.7,cloudy
2013-09-25,11.5,14.8,24.0,rainy
2013-09-26,10.9,4.5,29.9,cloudy
2013-09-27,11.0,0.0,17.1,cloudy
2013-09-28,10.9,0.0,16.3,cloudy
2013-09-29,10.85,0.0,28.1,cloudy
2013-09-30,10.6,0.0,26.5,cloudy
2013-10-01,10.85,0.0,23.9,cloudy
2013-10-02,10.2,0.0,26.4,cloudy
2013-10-03,9.15,0.0,31.4,cloudy
2013-10-04,9.8,3.3,30.3,cloudy
2013-10-05,13.25,0.0,21.7,cloudy
2013-10-06,12.15,0.3,15.9,cloudy
2013-10-07,13.35,0.0,20.1,cloudy
2013-10-08,12.75,0.0,21.8,cloudy
2013-10-09,12.3,3.6,27.3,cloudy
2013-10-10,9.8,2.3,20.4,cloudy
2013-10-11,11.9,0.0,35.2,cloudy
2013-10-12,12.6,3.4,35.1,cloudy
2013-10-13,9.4,4.8,27.4,cloudy
2013-10-14,9.2,0.0,20.7,cloudy
2013-10-15,9.95,9.2,20.6,rainy
2013-10-16,11.3,0.0,20.6,cloudy
2013-10-17,11.5,7.6,34.5,rainy
2013-10-18,7.85,0.0,30.1,cloudy
2013-10-19,7.65,7.5,23.1,rainy
2013-10-20,12.05,4.9,24.6,cloudy
2013-10-21,13.1,7.5,32.4,rainy
2013-10-22,15.05,0.0,27.6,cloudy
2013-10-23,15.0,7.9,36.7,rainy
2013-10-24,11.45,0.3,32.7,cloudy
2013-10-25,11.1,2.3,27.3,cloudy
2013-10-26,14.55,0.6,33.4,cloudy
2013-10-27,13.4,6.7,44.1,rainy
2013-10-28,12.95,18.2,73.6,stormy
2013-10-29,10.15,12.2,39.1,rainy
2013-10-30,9.9,10.5,32.8,rainy
2013-10-31,10.2,5.6,34.7,rainy
2013-11-01,10.7,5.6,33.4,rainy
2013-11-02,9.85,4.4,26.1,cloudy
2013-11-03,9.7,8.3,47.2,rainy
2013-11-04,7.550000000000001,8.2,37.7,rainy
2013-11-05,8.05,7.2,30.7,rainy
2013-11-06,7.3999999999999995,3.1,25.8,cloudy
2013-11-07,9.0,3.9,24.5,cloudy
2013-11-08,8.35,0.2,22.0,cloudy
2013-11-09,7.75,12.6,41.3,rainy
2013-11-10,6.5,7.0,27.1,rainy
2013-11-11,6.1,0.0,32.1,cloudy
2013-11-12,8.2,8.6,33.1,rainy
2013-11-13,8.5,0.0,23.5,cloudy
2013-11-14,7.45,0.4,29.0,cloudy
2013-11-15,7.15,0.0,20.9,cloudy
2013-11-16,8.95,0.0,26.7,cloudy
2013-11-17,7.15,0.0,21.7,cloudy
2013-11-18,5.949999999999999,0.3,21.5,cloudy
2013-11-19,5.8,4.0,26.4,cloudy
2013-11-20,2.35,0.0,16.1,cloudy
2013-11-21,1.2,0.0,19.7,cloudy
2013-11-22,3.8000000000000003,0.0,22.2,cloudy
2013-11-23,3.75,0.0,15.1,cloudy
2013-11-24,4.0,0.0,30.3,cloudy
2013-11-25,2.05,0.0,17.5,cloudy
2013-11-26,2.2,0.0,15.6,cloudy
2013-11-27,7.7,1.7,28.2,cloudy
2013-11-28,8.05,0.0,33.4,cloudy
2013-11-29,6.75,6.9,38.2,rainy
2013-11-30,6.3,0.8,33.2,cloudy
2013-12-01,6.8999999999999995,0.0,35.9,cloudy
2013-12-02,4.35,0.0,15.9,cloudy
2013-12-03,5.449999999999999,0.0,22.9,cloudy
2013-12-04,7.050000000000001,1.4,30.7,cloudy
2013-12-05,4.4,9.7,68.3,stormy
2013-12-06,2.85,1.0,61.4,stormy
2013-12-07,2.35,0.0,42.1,cloudy
2013-12-08,5.300000000000001,5.5,39.2,rainy
2013-12-09,8.350000000000001,5.9,34.2,rainy
2013-12-10,6.9,0.0,21.2,cloudy
2013-12-11,5.45,0.0,20.2,cloudy
2013-12-12,3.75,0.0,26.4,cloudy
2013-12-13,4.8,2.2,23.2,cloudy
2013-12-14,5.15,0.8,30.4,cloudy
2013-12-15,7.25,4.4,37.8,cloudy
2013-12-16,8.25,1.8,36.4,cloudy
2013-12-17,5.45,3.9,19.6,cloudy
2013-12-18,4.85,0.0,24.9,cloudy
2013-12-19,6.300000000000001,4.5,33.9,cloudy
2013-12-20,5.35,0.6,34.4,cloudy
2013-12-21,6.95,4.6,45.6,cloudy
2013-12-22,7.0,6.4,44.0,rainy
2013-12-23,6.9,3.6,47.7,cloudy
2013-12-24,8.6,15.4,49.9,rainy
2013-12-25,6.5,3.4,36.0,cloudy
2013-12-26,2.8499999999999996,0.0,16.3,cloudy
2013-12-27,6.15,7.8,44.3,rainy
2013-12-28,7.1,0.0,36.6,cloudy
2013-12-29,6.0,3.0,29.0,cloudy
2013-12-30,5.1,1.1,39.3,cloudy
2013-12-31,5.5,0.0,36.7,cloudy
2014-01-01,4.75,1.2,29.2,cloudy
2014-01-02,5.9,3.4,32.9,cloudy
2014-01-03,6.65,5.7,36.9,rainy
2014-01-04,6.35,0.9,39.2,cloudy
2014-01-05,5.65,3.7,27.4,cloudy
2014-01-06,6.75,9.7,37.0,rainy
2014-01-07,8.6,2.4,38.2,cloudy
2014-01-08,7.9,1.8,37.5,cloudy
2014-01-09,7.2,8.9,45.7,rainy
2014-01-10,6.65,1.1,38.4,cloudy
2014-01-11,5.6,7.4,37.2,rainy
2014-01-12,4.1,0.0,35.4,cloudy
2014-01-13,4.2,3.0,30.0,cloudy
2014-01-14,4.45,0.0,17.1,cloudy
2014-01-15,3.7,2.0,27.0,cloudy
2014-01-16,3.3,13.1,27.1,rainy
2014-01-17,5.449999999999999,5.6,20.4,rainy
2014-01-18,5.4,2.4,28.3,cloudy
2014-01-19,3.1500000000000004,0.0,38.7,cloudy
2014-01-20,1.35,1.0,29.0,cloudy
2014-01-21,0.8,1.3,20.5,cloudy
2014-01-22,-0.7,0.0,28.2,cloudy
2014-01-23,-2.7,1.7,32.3,cloudy
2014-01-24,-3.5,0.1,32.4,cloudy
2014-01-25,-6.25,0.0,35.3,cloudy
2014-01-26,-7.449999999999999,0.0,34.2,cloudy
2014-01-27,-2.6,5.9,34.7,rainy
2014-01-28,-0.30000000000000004,0.0,31.0,cloudy
2014-01-29,-2.8,0.2,31.0,cloudy
2014-01-30,-3.9499999999999997,0.0,25.8,cloudy
2014-01-31,-2.9,0.0,24.5,cloudy
2014-02-01,0.8999999999999999,6.1,31.6,rainy
2014-02-02,3.65,0.0,27.8,cloudy
2014-02-03,2.8000000000000003,0.0,25.1,cloudy
2014-02-04,2.5500000000000003,0.0,21.7,cloudy
2014-02-05,2.5500000000000003,0.0,26.8,cloudy
2014-02-06,4.65,1.3,33.1,cloudy
2014-02-07,6.0,13.9,33.4,rainy
2014-02-08,4.550000000000001,2.6,33.9,cloudy
2014-02-09,4.45,5.3,43.0,rainy
2014-02-10,3.95,0.0,33.4,cloudy
2014-02-11,3.2,1.2,35.8,cloudy
2014-02-12,4.2,1.3,40.2,cloudy
2014-02-13,4.7,4.2,40.0,cloudy
2014-02-14,4.35,0.4,34.7,cloudy
2014-02-15,6.55,5.6,49.0,rainy
2014-02-16,5.1,2.8,47.3,cloudy
2014-02-17,4.2,0.0,28.6,cloudy
2014-02-18,5.0,2.0,22.3,cloudy
2014-02-19,5.35,3.1,19.6,cloudy
2014-02-20,6.3,3.6,30.3,cloudy
2014-02-21,5.95,3.2,29.2,cloudy
2014-02-22,5.35,0.1,34.9,cloudy
2014-02-23,6.199999999999999,0.0,33.6,cloudy
2014-02-24,6.6,0.0,29.5,cloudy
2014-02-25,6.949999999999999,0.5,21.7,cloudy
2014-02-26,6.1,0.1,18.7,cloudy
2014-02-27,5.85,0.6,24.6,cloudy
2014-02-28,4.2,4.6,20.5,cloudy
2014-03-01,4.05,2.6,19.6,cloudy
2014-03-02,4.6,9.1,24.8,rainy
2014-03-03,5.800000000000001,0.0,29.0,cloudy
2014-03-04,5.0,0.0,8.7,partly_cloudy
2014-03-05,4.0,0.0,10.7,partly_cloudy
2014-03-06,5.8,0.0,23.2,cloudy
2014-03-07,7.6,0.3,33.0,cloudy
2014-03-08,5.4,0.0,25.0,cloudy
2014-03-09,9.6,0.0,24.5,cloudy
2014-03-10,8.35,0.0,22.9,cloudy
2014-03-11,5.8,0.0,19.7,cloudy
2014-03-12,5.550000000000001,0.0,9.2,partly_cloudy
2014-03-13,5.3500000000000005,0.0,15.0,cloudy
2014-03-14,6.45,0.5,41.1,cloudy
2014-03-15,7.15,2.2,45.6,cloudy
2014-03-16,8.25,0.4,45.4,cloudy
2014-03-17,8.0,0.0,34.2,cloudy
2014-03-18,7.1,2.7,28.5,cloudy
2014-03-19,7.5,0.8,39.6,cloudy
2014-03-20,10.9,0.0,38.1,cloudy
2014-03-21,7.6,4.4,36.4,cloudy
2014-03-22,6.45,2.7,30.3,cloudy
2014-03-23,5.949999999999999,0.9,25.0,cloudy
2014-03-24,4.9,0.0,15.1,cloudy
2014-03-25,4.3999999999999995,0.6,16.8,cloudy
2014-03-26,5.199999999999999,4.5,22.8,cloudy
2014-03-27,5.25,0.0,27.5,cloudy
2014-03-28,5.65,0.0,22.7,cloudy
2014-03-29,8.65,0.3,18.6,cloudy
2014-03-30,8.05,0.0,12.3,partly_cloudy
2014-03-31,5.75,0.0,12.1,partly_cloudy
2014-04-01,5.45,0.0,24.5,cloudy
2014-04-02,8.0,0.0,20.7,cloudy
2014-04-03,6.800000000000001,0.0,25.7,cloudy
2014-04-04,6.050000000000001,5.1,31.9,rainy
2014-04-05,7.4,2.5,22.1,cloudy
2014-04-06,8.7,7.6,27.6,rainy
2014-04-07,11.35,2.6,25.6,cloudy
2014-04-08,10.15,10.1,33.1,rainy
2014-04-09,7.949999999999999,0.4,32.5,cloudy
2014-04-10,7.199999999999999,0.0,14.5,partly_cloudy
2014-04-11,7.45,0.0,16.8,cloudy
2014-04-12,6.699999999999999,1.4,28.0,cloudy
2014-04-13,8.8,1.6,33.2,cloudy
2014-04-14,7.0,5.2,45.6,rainy
2014-04-15,6.85,0.0,35.7,cloudy
2014-04-16,5.5,0.0,12.7,partly_cloudy
2014-04-17,9.05,4.3,39.5,cloudy
2014-04-18,8.2,1.5,30.8,cloudy
2014-04-19,9.2,0.0,22.6,cloudy
2014-04-20,12.35,0.0,28.4,cloudy
2014-04-21,12.15,1.3,28.8,cloudy
2014-04-22,12.45,0.0,23.3,cloudy
2014-04-23,9.9,5.8,22.7,rainy
2014-04-24,8.85,0.0,22.3,cloudy
2014-04-25,11.8,0.0,24.4,cloudy
2014-04-26,12.5,0.2,23.9,cloudy
2014-04-27,13.7,0.0,26.0,cloudy
2014-04-28,13.149999999999999,0.0,19.8,cloudy
2014-04-29,12.15,0.0,13.2,partly_cloudy
2014-04-30,11.850000000000001,0.0,18.2,cloudy
2014-05-01,9.3,0.0,21.5,cloudy
2014-05-02,8.399999999999999,2.3,19.5,cloudy
2014-05-03,6.699999999999999,0.0,26.6,cloudy
2014-05-04,8.05,0.0,21.9,cloudy
2014-05-05,8.8,0.0,20.2,cloudy
2014-05-06,12.4,0.6,24.9,cloudy
2014-05-07,11.600000000000001,1.1,22.8,cloudy
2014-05-08,11.0,6.5,26.9,rainy
2014-05-09,10.600000000000001,13.0,26.2,rainy
2014-05-10,10.9,6.8,30.1,rainy
2014-05-11,10.5,6.9,35.7,rainy
2014-05-12,10.6,6.4,27.9,rainy
2014-05-13,9.3,0.3,30.8,cloudy
2014-05-14,9.1,0.0,33.4,cloudy
2014-05-15,9.65,0.0,19.1,cloudy
2014-05-16,9.35,0.0,15.1,cloudy
2014-05-17,11.65,0.0,15.6,cloudy
2014-05-18,12.850000000000001,0.3,15.7,cloudy
2014-05-19,13.850000000000001,0.8,14.8,partly_cloudy
2014-05-20,15.8,0.0,18.6,cloudy
2014-05-21,17.6,0.6,19.3,cloudy
2014-05-22,18.35,0.0,24.8,cloudy
2014-05-23,14.2,9.9,22.5,rainy
2014-05-24,13.9,0.0,10.2,partly_cloudy
2014-05-25,15.1,0.0,10.5,partly_cloudy
2014-05-26,15.7,0.0,20.6,cloudy
2014-05-27,14.799999999999999,0.0,33.8,cloudy
2014-05-28,11.05,0.3,33.9,cloudy
2014-05-29,11.85,0.0,19.7,cloudy
2014-05-30,11.65,0.0,23.5,cloudy
2014-05-31,12.55,0.0,30.2,cloudy
2014-06-01,13.0,0.6,19.1,cloudy
2014-06-02,13.85,0.0,13.3,partly_cloudy
2014-06-03,14.25,0.0,9.5,partly_cloudy
2014-06-04,16.25,0.0,23.6,cloudy
2014-06-05,13.399999999999999,16.9,28.7,rainy
2014-06-06,13.55,9.9,36.4,rainy
2014-06-07,15.7,0.0,16.5,cloudy
2014-06-08,17.75,0.0,16.9,cloudy
2014-06-09,17.8,0.0,19.8,cloudy
2014-06-10,19.65,0.7,19.9,cloudy
2014-06-11,16.700000000000003,0.0,21.7,cloudy
2014-06-12,15.75,0.0,22.9,cloudy
2014-06-13,14.899999999999999,0.1,35.1,cloudy
2014-06-14,15.649999999999999,0.0,23.7,cloudy
2014-06-15,14.0,0.0,21.4,cloudy
2014-06-16,16.1,0.0,28.2,cloudy
2014-06-17,15.8,0.0,23.2,cloudy
2014-06-18,14.85,0.0,27.3,cloudy
2014-06-19,14.15,1.4,41.5,cloudy
2014-06-20,14.0,0.2,38.4,cloudy
2014-06-21,13.75,3.5,33.5,cloudy
2014-06-22,13.0,0.1,33.9,cloudy
2014-06-23,13.600000000000001,2.6,32.1,cloudy
2014-06-24,12.9,0.8,21.4,cloudy
2014-06-25,14.1,4.7,15.7,cloudy
2014-06-26,13.95,0.0,10.7,partly_cloudy
2014-06-27,15.05,5.6,15.1,rainy
2014-06-28,14.75,2.6,16.3,cloudy
2014-06-29,14.2,1.0,21.3,cloudy
2014-06-30,13.8,0.0,22.9,cloudy
2014-07-01,13.7,1.4,22.7,cloudy
2014-07-02,13.85,0.0,25.8,cloudy
2014-07-03,16.15,0.1,29.4,cloudy
2014-07-04,18.9,0.0,20.4,cloudy
2014-07-05,20.700000000000003,6.6,21.3,rainy
2014-07-06,20.6,0.7,19.4,sunny
2014-07-07,18.0,0.8,22.7,cloudy
2014-07-08,17.5,12.9,20.8,rainy
2014-07-09,22.75,4.9,28.5,cloudy
2014-07-10,22.25,0.1,23.8,cloudy
2014-07-11,21.25,0.0,19.0,sunny
2014-07-12,17.6,0.0,10.7,partly_cloudy
2014-07-13,16.950000000000003,5.5,24.9,rainy
2014-07-14,17.6,14.7,35.2,rainy
2014-07-15,17.5,0.4,29.3,cloudy
2014-07-16,16.4,0.0,10.5,partly_cloudy
2014-07-17,16.9,0.0,12.6,partly_cloudy
2014-07-18,20.05,0.2,13.9,sunny
2014-07-19,23.35,0.0,23.9,cloudy
2014-07-20,21.95,0.1,29.9,cloudy
2014-07-21,21.9,1.2,24.6,cloudy
2014-07-22,22.05,0.0,21.1,cloudy
2014-07-23,21.65,0.0,17.3,sunny
2014-07-24,21.75,0.0,15.0,sunny
2014-07-25,22.3,0.0,22.8,cloudy
2014-07-26,20.75,12.5,20.9,rainy
2014-07-27,20.0,3.0,15.9,cloudy
2014-07-28,20.950000000000003,0.1,15.9,sunny
2014-07-29,21.3,0.0,21.9,cloudy
2014-07-30,19.05,0.0,25.3,cloudy
2014-07-31,18.85,0.4,24.5,cloudy
2014-08-01,21.299999999999997,0.1,18.7,sunny
2014-08-02,22.75,0.0,22.6,cloudy
2014-08-03,20.15,0.4,19.7,sunny
2014-08-04,18.65,0.0,13.4,partly_cloudy
2014-08-05,17.8,0.1,20.8,cloudy
2014-08-06,18.35,0.0,17.0,cloudy
2014-08-07,18.45,2.9,17.4,cloudy
2014-08-08,18.55,0.0,22.4,cloudy
2014-08-09,18.15,11.2,44.1,rainy
2014-08-10,19.8,11.5,31.6,rainy
2014-08-11,16.85,4.5,42.2,cloudy
2014-08-12,15.05,13.4,30.3,rainy
2014-08-13,15.149999999999999,11.0,28.9,rainy
2014-08-14,16.55,0.8,24.7,cloudy
2014-08-15,16.05,0.2,21.8,cloudy
2014-08-16,15.0,0.1,27.4,cloudy
2014-08-17,14.3,21.3,37.4,rainy
2014-08-18,14.3,25.5,35.9,rainy
2014-08-19,13.8,6.9,35.1,rainy
2014-08-20,13.85,2.6,34.3,cloudy
2014-08-21,13.05,5.8,27.7,rainy
2014-08-22,13.45,12.2,29.8,rainy
2014-08-23,13.15,11.2,26.1,rainy
2014-08-24,13.35,2.4,28.3,cloudy
2014-08-25,12.1,0.7,21.5,cloudy
2014-08-26,13.4,0.1,14.0,partly_cloudy
2014-08-27,13.5,0.0,16.6,cloudy
2014-08-28,14.6,0.0,19.5,cloudy
2014-08-29,16.75,6.9,21.0,rainy
2014-08-30,16.2,2.9,26.2,cloudy
2014-08-31,15.3,4.5,18.3,cloudy
2014-09-01,16.0,0.7,15.8,cloudy
2014-09-02,16.1,0.0,16.6,cloudy
2014-09-03,15.6,0.0,19.6,cloudy
2014-09-04,16.5,0.0,20.2,cloudy
2014-09-05,17.5,0.0,15.8,cloudy
2014-09-06,18.7,8.0,12.0,rainy
2014-09-07,15.35,0.9,18.9,cloudy
2014-09-08,14.3,0.9,28.9,cloudy
2014-09-09,15.05,2.5,32.2,cloudy
2014-09-10,16.6,0.5,26.5,cloudy
2014-09-11,15.5,0.0,18.7,cloudy
2014-09-12,16.0,0.0,15.5,cloudy
2014-09-13,16.55,0.2,18.8,cloudy
2014-09-14,15.5,13.4,25.0,rainy
2014-09-15,18.0,7.2,26.5,rainy
2014-09-16,18.1,0.0,24.9,cloudy
2014-09-17,17.7,0.0,23.4,cloudy
2014-09-18,17.95,0.0,20.7,cloudy
2014-09-19,17.9,0.0,17.7,cloudy
2014-09-20,16.25,0.0,13.4,partly_cloudy
2014-09-21,14.950000000000001,3.0,34.8,cloudy
2014-09-22,12.2,0.5,39.2,cloudy
2014-09-23,11.5,0.3,18.1,cloudy
2014-09-24,12.95,7.3,28.5,rainy
2014-09-25,13.6,0.3,32.0,cloudy
2014-09-26,14.45,0.6,30.8,cloudy
2014-09-27,13.350000000000001,0.0,25.3,cloudy
2014-09-28,14.0,0.0,20.8,cloudy
2014-09-29,14.399999999999999,0.3,13.0,partly_cloudy
2014-09-30,15.149999999999999,6.6,12.6,rainy
2014-10-01,15.9,0.3,14.3,partly_cloudy
2014-10-02,14.75,0.1,12.2,partly_cloudy
2014-10-03,15.850000000000001,0.1,15.9,cloudy
2014-10-04,15.75,0.0,26.7,cloudy
2014-10-05,13.850000000000001,0.0,23.1,cloudy
2014-10-06,14.25,0.0,34.6,cloudy
2014-10-07,12.350000000000001,16.4,38.3,rainy
2014-10-08,12.95,5.2,40.2,rainy
2014-10-09,15.2,3.0,34.2,cloudy
2014-10-10,14.05,0.6,35.0,cloudy
2014-10-11,13.149999999999999,5.8,14.8,rainy
2014-10-12,12.4,0.3,19.4,cloudy
2014-10-13,11.75,5.9,25.3,rainy
2014-10-14,12.65,5.4,16.9,rainy
2014-10-15,13.149999999999999,6.7,19.5,rainy
2014-10-16,12.35,1.5,14.5,cloudy
2014-10-17,12.3,0.3,16.0,cloudy
2014-10-18,13.25,0.6,27.4,cloudy
2014-10-19,15.9,12.9,34.7,rainy
2014-10-20,13.75,8.2,37.6,rainy
2014-10-21,11.8,12.2,36.1,rainy
2014-10-22,11.850000000000001,0.6,35.1,cloudy
2014-10-23,11.100000000000001,0.0,24.8,cloudy
2014-10-24,12.35,5.0,28.2,cloudy
2014-10-25,12.55,2.5,28.0,cloudy
2014-10-26,12.75,0.2,34.9,cloudy
2014-10-27,13.15,0.0,33.2,cloudy
2014-10-28,11.65,0.0,27.8,cloudy
2014-10-29,8.95,0.4,28.7,cloudy
2014-10-30,7.0,1.3,20.0,cloudy
2014-10-31,11.45,0.0,19.2,cloudy
2014-11-01,13.55,0.0,21.4,cloudy
2014-11-02,13.85,0.0,31.0,cloudy
2014-11-03,13.1,4.7,37.2,cloudy
2014-11-04,10.600000000000001,7.8,32.8,rainy
2014-11-05,9.1,1.3,15.1,cloudy
2014-11-06,8.05,0.1,17.3,cloudy
2014-11-07,7.3999999999999995,0.9,29.2,cloudy
2014-11-08,9.649999999999999,0.8,28.8,cloudy
2014-11-09,9.1,0.0,23.7,cloudy
2014-11-10,9.05,2.7,24.9,cloudy
2014-11-11,8.149999999999999,0.4,30.0,cloudy
2014-11-12,9.7,0.4,29.5,cloudy
2014-11-13,10.149999999999999,0.0,9.4,partly_cloudy
2014-11-14,10.45,0.1,27.2,cloudy
2014-11-15,9.95,0.6,29.8,cloudy
2014-11-16,9.35,3.7,28.7,cloudy
2014-11-17,9.15,0.3,21.6,cloudy
2014-11-18,8.3,0.0,25.1,cloudy
2014-11-19,6.800000000000001,0.0,24.0,cloudy
2014-11-20,5.35,0.0,12.0,partly_cloudy
2014-11-21,3.7,0.0,11.4,partly_cloudy
2014-11-22,4.75,5.6,24.0,rainy
2014-11-23,7.5,1.9,22.3,cloudy
2014-11-24,8.75,4.4,27.3,cloudy
2014-11-25,6.449999999999999,0.0,16.0,cloudy
2014-11-26,4.1,0.0,26.8,cloudy
2014-11-27,3.9,0.0,34.3,cloudy
2014-11-28,2.75,0.0,36.7,cloudy
2014-11-29,1.3,0.0,29.0,cloudy
2014-11-30,0.65,0.0,26.8,cloudy
2014-12-01,-0.09999999999999998,0.0,25.5,cloudy
2014-12-02,-1.4,0.0,18.9,cloudy
2014-12-03,0.7000000000000001,0.0,16.6,cloudy
2014-12-04,2.25,2.1,18.1,cloudy
2014-12-05,4.7,0.0,25.2,cloudy
2014-12-06,5.45,0.2,19.6,cloudy
2014-12-07,6.0,11.1,38.6,rainy
2014-12-08,4.05,0.0,25.3,cloudy
2014-12-09,3.35,0.0,39.1,cloudy
2014-12-10,5.4,9.6,49.4,rainy
2014-12-11,4.6,6.1,42.7,rainy
2014-12-12,5.75,15.2,51.3,stormy
2014-12-13,4.95,0.7,36.8,cloudy
2014-12-14,4.3,0.0,39.0,cloudy
2014-12-15,5.25,5.2,40.7,rainy
2014-12-16,5.1,5.0,30.4,cloudy
2014-12-17,4.95,3.6,29.6,cloudy
2014-12-18,8.25,3.9,40.0,cloudy
2014-12-19,7.5,7.3,38.5,rainy
2014-12-20,5.800000000000001,3.4,54.2,stormy
2014-12-21,7.1499999999999995,4.7,45.8,cloudy
2014-12-22,9.05,25.9,47.0,rainy
2014-12-23,8.4,22.5,37.6,rainy
2014-12-24,7.25,10.8,41.7,rainy
2014-12-25,2.1,4.2,31.3,cloudy
2014-12-26,-0.44999999999999996,1.1,17.7,cloudy
2014-12-27,-0.3,0.0,24.6,cloudy
2014-12-28,0.9500000000000002,0.5,29.5,cloudy
2014-12-29,2.7,0.2,24.0,cloudy
2014-12-30,5.65,0.0,24.8,cloudy
2014-12-31,6.300000000000001,0.0,25.3,cloudy
2015-01-01,6.15,1.5,46.1,cloudy
2015-01-02,7.1000000000000005,7.1,50.3,stormy
2015-01-03,5.5,4.4,49.3,cloudy
2015-01-04,4.95,0.0,30.0,cloudy
2015-01-05,5.5,0.0,29.1,cloudy
2015-01-06,3.95,0.1,24.5,cloudy
2015-01-07,5.050000000000001,0.7,38.0,cloudy
2015-01-08,5.7,5.0,40.3,cloudy
2015-01-09,7.0,5.6,57.5,stormy
2015-01-10,7.449999999999999,2.7,60.4,stormy
2015-01-11,4.95,1.6,53.3,stormy
2015-01-12,7.05,5.6,48.1,rainy
2015-01-13,6.1,9.5,37.1,rainy
2015-01-14,3.9499999999999997,2.2,33.5,cloudy
2015-01-15,5.4,10.8,47.6,rainy
2015-01-16,5.699999999999999,0.1,48.3,cloudy
2015-01-17,4.25,0.4,31.2,cloudy
2015-01-18,2.95,0.3,29.3,cloudy
2015-01-19,1.5999999999999999,0.3,9.2,partly_cloudy
2015-01-20,0.39999999999999997,0.0,9.7,partly_cloudy
2015-01-21,-0.3,0.1,15.2,cloudy
2015-01-22,-1.4000000000000001,0.0,9.5,partly_cloudy
2015-01-23,-1.4,0.0,27.0,cloudy
2015-01-24,1.25,6.8,32.2,rainy
2015-01-25,3.4499999999999997,0.0,21.7,cloudy
2015-01-26,4.5,5.2,30.3,rainy
2015-01-27,4.6,0.0,31.6,cloudy
2015-01-28,3.9000000000000004,7.9,46.5,rainy
2015-01-29,1.8,1.7,37.3,cloudy
2015-01-30,-1.2,0.8,18.2,cloudy
2015-01-31,-2.1999999999999997,0.0,11.3,partly_cloudy
2015-02-01,-0.19999999999999996,0.1,25.0,cloudy
2015-02-02,1.3,0.0,23.6,cloudy
2015-02-03,-0.6000000000000001,0.0,19.5,cloudy
2015-02-04,-2.0,0.0,20.5,cloudy
2015-02-05,-0.7000000000000001,0.0,16.2,cloudy
2015-02-06,-0.75,0.0,19.1,cloudy
2015-02-07,3.75,0.0,42.9,cloudy
2015-02-08,3.2,0.8,42.7,cloudy
2015-02-09,5.5,0.0,35.6,cloudy
2015-02-10,5.3,0.0,29.2,cloudy
2015-02-11,3.4000000000000004,0.0,14.8,partly_cloudy
2015-02-12,2.4000000000000004,0.0,14.1,partly_cloudy
2015-02-13,2.1,0.0,20.8,cloudy
2015-02-14,2.0,0.0,24.1,cloudy
2015-02-15,2.9,0.0,31.0,cloudy
2015-02-16,2.0500000000000003,0.0,25.3,cloudy
2015-02-17,1.85,0.0,19.7,cloudy
2015-02-18,4.45,0.0,32.1,cloudy
2015-02-19,3.55,0.0,34.3,cloudy
2015-02-20,2.9,7.7,34.5,rainy
2015-02-21,2.35,11.0,25.5,rainy
2015-02-22,3.5,0.4,37.8,cloudy
2015-02-23,3.4000000000000004,6.9,42.2,rainy
2015-02-24,4.2,3.2,37.0,cloudy
2015-02-25,3.6500000000000004,1.4,24.2,cloudy
2015-02-26,4.6,1.6,31.2,cloudy
2015-02-27,4.0,6.2,25.0,rainy
2015-02-28,3.3000000000000003,0.0,35.6,cloudy
2015-03-01,5.2,6.9,39.0,rainy
2015-03-02,4.15,4.5,38.9,cloudy
2015-03-03,3.25,3.7,31.7,cloudy
2015-03-04,3.55,1.4,34.6,cloudy
2015-03-05,4.45,0.0,23.8,cloudy
2015-03-06,5.6,0.0,24.6,cloudy
2015-03-07,6.6,0.0,32.6,cloudy
2015-03-08,7.4,0.0,28.8,cloudy
2015-03-09,5.8,0.0,26.3,cloudy
2015-03-10,6.2,2.3,27.1,cloudy
2015-03-11,5.1,0.0,25.6,cloudy
2015-03-12,4.6,0.0,20.4,cloudy
2015-03-13,2.85,0.0,28.9,cloudy
2015-03-14,4.05,0.0,24.8,cloudy
2015-03-15,4.85,0.0,28.9,cloudy
2015-03-16,7.4,0.0,33.6,cloudy
2015-03-17,8.100000000000001,0.0,23.4,cloudy
2015-03-18,8.1,0.0,13.5,partly_cloudy
2015-03-19,6.6,0.0,13.1,partly_cloudy
2015-03-20,4.0,0.4,23.9,cloudy
2015-03-21,3.85,11.3,32.4,rainy
2015-03-22,1.0499999999999998,0.0,16.9,cloudy
2015-03-23,3.7,0.0,26.4,cloudy
2015-03-24,4.95,1.0,16.3,cloudy
2015-03-25,4.75,6.9,26.8,rainy
2015-03-26,5.2,4.1,20.3,cloudy
2015-03-27,5.4,2.1,19.5,cloudy
2015-03-28,5.949999999999999,5.6,35.1,rainy
2015-03-29,6.699999999999999,16.1,32.9,rainy
2015-03-30,5.6,2.5,47.2,cloudy
2015-03-31,3.95,15.1,49.5,rainy
2015-04-01,4.2,2.0,44.2,cloudy
2015-04-02,3.8,1.2,38.1,cloudy
2015-04-03,4.1,0.0,26.8,cloudy
2015-04-04,4.65,0.1,17.0,cloudy
2015-04-05,3.4,0.0,20.1,cloudy
2015-04-06,6.35,0.0,11.8,partly_cloudy
2015-04-07,4.6,0.0,23.4,cloudy
2015-04-08,7.0,0.0,24.0,cloudy
2015-04-09,7.0,0.0,10.0,partly_cloudy
2015-04-10,8.7,0.0,16.4,cloudy
2015-04-11,9.75,2.2,36.8,cloudy
2015-04-12,8.05,6.1,44.9,rainy
2015-04-13,6.25,0.1,37.8,cloudy
2015-04-14,7.05,0.5,31.7,cloudy
2015-04-15,9.15,0.8,32.1,cloudy
2015-04-16,7.050000000000001,0.0,30.0,cloudy
2015-04-17,7.8999999999999995,0.0,22.9,cloudy
2015-04-18,6.550000000000001,0.0,22.1,cloudy
2015-04-19,9.15,0.0,16.1,cloudy
2015-04-20,10.6,0.0,16.9,cloudy
2015-04-21,8.5,0.0,32.0,cloudy
2015-04-22,10.0,0.0,32.4,cloudy
2015-04-23,8.05,0.0,20.1,cloudy
2015-04-24,9.0,0.0,19.1,cloudy
2015-04-25,9.6,3.0,25.6,cloudy
2015-04-26,7.35,3.9,16.7,cloudy
2015-04-27,6.1,0.0,23.1,cloudy
2015-04-28,5.2,0.3,25.0,cloudy
2015-04-29,8.55,0.4,28.7,cloudy
2015-04-30,8.05,5.7,25.1,rainy
2015-05-01,7.35,0.9,19.1,cloudy
2015-05-02,6.550000000000001,0.0,19.8,cloudy
2015-05-03,8.05,9.7,28.2,rainy
2015-05-04,11.350000000000001,2.1,28.4,cloudy
2015-05-05,14.5,12.8,42.5,rainy
2015-05-06,12.0,4.5,38.5,cloudy
2015-05-07,8.85,6.0,41.8,rainy
2015-05-08,8.95,1.1,18.9,cloudy
2015-05-09,10.5,4.8,36.4,cloudy
2015-05-10,9.75,0.6,38.2,cloudy
2015-05-11,14.0,0.0,26.3,cloudy
2015-05-12,11.6,1.0,32.1,cloudy
2015-05-13,10.05,0.2,35.4,cloudy
2015-05-14,8.55,0.0,27.5,cloudy
2015-05-15,8.95,0.0,18.1,cloudy
2015-05-16,8.9,2.4,32.9,cloudy
2015-05-17,9.5,0.6,35.0,cloudy
2015-05-18,10.1,10.0,32.6,rainy
2015-05-19,9.2,1.7,34.2,cloudy
2015-05-20,9.3,4.6,24.1,cloudy
2015-05-21,9.8,0.2,22.4,cloudy
2015-05-22,11.649999999999999,0.0,21.6,cloudy
2015-05-23,9.7,0.4,23.1,cloudy
2015-05-24,9.55,0.0,17.7,cloudy
2015-05-25,10.45,0.5,24.1,cloudy
2015-05-26,9.649999999999999,0.6,28.7,cloudy
2015-05-27,10.85,0.7,28.1,cloudy
2015-05-28,10.8,1.9,35.1,cloudy
2015-05-29,11.05,11.1,31.7,rainy
2015-05-30,9.850000000000001,2.2,34.0,cloudy
2015-05-31,11.45,9.1,32.6,rainy
2015-06-01,11.350000000000001,1.8,29.0,cloudy
2015-06-02,12.6,8.3,47.0,rainy
2015-06-03,11.75,0.7,36.4,cloudy
2015-06-04,11.5,0.0,16.0,cloudy
2015-06-05,16.25,0.0,21.6,cloudy
2015-06-06,14.600000000000001,0.0,29.9,cloudy
2015-06-07,12.350000000000001,0.0,26.6,cloudy
2015-06-08,11.0,0.1,27.9,cloudy
2015-06-09,12.55,0.2,16.0,cloudy
2015-06-10,12.25,0.0,20.4,cloudy
2015-06-11,12.75,0.0,15.8,cloudy
2015-06-12,15.55,0.0,12.9,partly_cloudy
2015-06-13,16.8,1.7,27.7,cloudy
2015-06-14,11.6,0.0,25.1,cloudy
2015-06-15,10.350000000000001,0.0,26.0,cloudy
2015-06-16,11.1,0.0,27.8,cloudy
2015-06-17,11.850000000000001,5.3,33.4,rainy
2015-06-18,11.649999999999999,2.0,34.5,cloudy
2015-06-19,11.65,3.5,31.5,cloudy
2015-06-20,12.35,0.0,27.1,cloudy
2015-06-21,13.399999999999999,2.7,18.6,cloudy
2015-06-22,12.0,1.4,20.9,cloudy
2015-06-23,12.9,0.4,27.8,cloudy
2015-06-24,12.25,0.7,33.8,cloudy
2015-06-25,13.25,0.0,19.1,cloudy
2015-06-26,13.95,2.3,9.3,cloudy
2015-06-27,14.8,3.1,26.1,cloudy
2015-06-28,14.95,2.4,19.6,cloudy
2015-06-29,15.85,0.6,19.8,cloudy
2015-06-30,15.25,0.0,14.4,partly_cloudy
2015-07-01,18.45,0.0,23.9,cloudy
2015-07-02,22.35,0.0,27.9,cloudy
2015-07-03,21.0,0.4,21.2,cloudy
2015-07-04,22.5,0.0,20.5,cloudy
2015-07-05,20.65,18.5,29.9,rainy
2015-07-06,16.2,0.1,35.6,cloudy
2015-07-07,18.25,1.2,24.4,cloudy
2015-07-08,15.149999999999999,1.3,43.0,cloudy
2015-07-09,12.899999999999999,2.5,44.8,cloudy
2015-07-10,12.600000000000001,0.0,37.9,cloudy
2015-07-11,14.45,0.3,14.7,partly_cloudy
2015-07-12,16.2,1.0,23.1,cloudy
2015-07-13,15.7,0.0,18.8,cloudy
2015-07-14,15.45,0.1,20.7,cloudy
2015-07-15,15.2,0.6,17.1,cloudy
2015-07-16,15.4,0.1,18.3,cloudy
2015-07-17,16.4,0.6,29.5,cloudy
2015-07-18,15.899999999999999,0.7,31.4,cloudy
2015-07-19,15.3,4.1,26.7,cloudy
2015-07-20,15.049999999999999,0.0,24.9,cloudy
2015-07-21,16.85,0.9,33.9,cloudy
2015-07-22,17.2,0.2,23.0,cloudy
2015-07-23,15.100000000000001,0.0,24.5,cloudy
2015-07-24,16.2,1.0,21.1,cloudy
2015-07-25,16.2,46.9,39.5,rainy
2015-07-26,14.75,2.3,38.6,cloudy
2015-07-27,14.95,11.0,26.1,rainy
2015-07-28,16.0,12.1,32.0,rainy
2015-07-29,14.4,12.9,35.1,rainy
2015-07-30,13.95,11.7,40.2,rainy
2015-07-31,13.05,0.0,30.0,cloudy
2015-08-01,14.0,0.0,13.7,partly_cloudy
2015-08-02,15.7,0.0,16.3,cloudy
2015-08-03,18.75,0.0,23.5,cloudy
2015-08-04,18.95,6.3,19.4,rainy
2015-08-05,16.6,0.3,22.7,cloudy
2015-08-06,20.05,0.0,18.4,sunny
2015-08-07,18.3,0.0,17.0,cloudy
2015-08-08,16.05,0.8,23.1,cloudy
2015-08-09,15.9,0.0,15.1,cloudy
2015-08-10,18.3,3.4,14.2,cloudy
2015-08-11,18.25,1.2,16.7,cloudy
2015-08-12,16.6,0.1,17.0,cloudy
2015-08-13,16.85,0.0,23.8,cloudy
2015-08-14,20.45,0.0,31.8,cloudy
2015-08-15,19.25,13.2,12.5,rainy
2015-08-16,18.85,1.1,22.6,cloudy
2015-08-17,18.85,5.7,30.6,rainy
2015-08-18,18.35,9.1,28.8,rainy
2015-08-19,17.1,3.2,10.0,cloudy
2015-08-20,17.75,0.5,10.4,partly_cloudy
2015-08-21,18.7,0.0,15.6,cloudy
2015-08-22,18.9,0.0,21.3,cloudy
2015-08-23,18.45,0.0,29.6,cloudy
2015-08-24,18.75,7.4,25.8,rainy
2015-08-25,17.15,6.0,39.4,rainy
2015-08-26,18.0,4.3,34.7,cloudy
2015-08-27,17.1,12.0,34.9,rainy
2015-08-28,16.15,0.2,25.3,cloudy
2015-08-29,16.55,0.0,20.7,cloudy
2015-08-30,17.25,2.2,12.8,cloudy
2015-08-31,17.85,17.0,20.5,rainy
2015-09-01,16.35,0.1,31.4,cloudy
2015-09-02,14.75,0.5,38.8,cloudy
2015-09-03,14.3,1.5,28.6,cloudy
2015-09-04,13.75,6.3,29.6,rainy
2015-09-05,13.4,11.0,42.7,rainy
2015-09-06,14.3,1.8,35.0,cloudy
2015-09-07,14.399999999999999,0.0,18.7,cloudy
2015-09-08,14.65,0.0,14.1,partly_cloudy
2015-09-09,13.45,0.0,10.9,partly_cloudy
2015-09-10,13.5,0.0,21.1,cloudy
2015-09-11,14.4,5.5,26.4,rainy
2015-09-12,15.399999999999999,2.1,22.1,cloudy
2015-09-13,16.700000000000003,10.4,19.9,rainy
2015-09-14,15.9,11.7,28.0,rainy
2015-09-15,13.7,6.1,34.9,rainy
2015-09-16,14.350000000000001,7.5,31.3,rainy
2015-09-17,15.799999999999999,1.9,46.1,cloudy
2015-09-18,14.95,1.4,32.2,cloudy
2015-09-19,13.95,1.8,20.2,cloudy
2015-09-20,13.2,1.3,28.8,cloudy
2015-09-21,12.5,2.9,17.9,cloudy
2015-09-22,13.45,5.5,24.1,rainy
2015-09-23,13.25,2.8,12.4,cloudy
2015-09-24,13.75,9.4,34.4,rainy
2015-09-25,12.9,0.0,23.7,cloudy
2015-09-26,11.899999999999999,0.0,17.8,cloudy
2015-09-27,12.15,0.0,19.8,cloudy
2015-09-28,11.95,0.0,9.5,partly_cloudy
2015-09-29,11.2,0.0,9.7,partly_cloudy
2015-09-30,10.95,0.0,10.4,partly_cloudy
2015-10-01,11.05,0.0,16.3,cloudy
2015-10-02,12.350000000000001,0.0,15.5,cloudy
2015-10-03,10.9,0.3,14.8,partly_cloudy
2015-10-04,12.35,0.0,18.5,cloudy
2015-10-05,13.0,0.0,24.5,cloudy
2015-10-06,13.399999999999999,5.8,36.4,rainy
2015-10-07,13.6,8.7,27.2,rainy
2015-10-08,13.55,0.5,15.4,cloudy
2015-10-09,11.5,0.6,16.9,cloudy
2015-10-10,8.85,0.0,22.4,cloudy
2015-10-11,8.1,0.0,26.5,cloudy
2015-10-12,7.35,0.0,25.5,cloudy
2015-10-13,7.15,0.0,23.4,cloudy
2015-10-14,8.75,3.9,25.5,cloudy
2015-10-15,10.05,5.4,30.3,rainy
2015-10-16,9.95,2.2,23.4,cloudy
2015-10-17,10.25,1.7,19.1,cloudy
2015-10-18,10.55,3.7,20.6,cloudy
2015-10-19,9.4,0.0,13.7,partly_cloudy
2015-10-20,9.649999999999999,0.0,14.3,partly_cloudy
2015-10-21,10.600000000000001,0.7,28.6,cloudy
2015-10-22,12.5,0.2,31.2,cloudy
2015-10-23,11.95,0.0,32.8,cloudy
2015-10-24,11.25,0.1,27.0,cloudy
2015-10-25,9.95,0.2,25.6,cloudy
2015-10-26,9.0,0.0,18.1,cloudy
2015-10-27,8.4,0.0,22.0,cloudy
2015-10-28,9.8,0.0,25.2,cloudy
2015-10-29,9.45,0.0,16.6,cloudy
2015-10-30,10.55,0.0,20.8,cloudy
2015-10-31,9.7,0.0,24.7,cloudy
2015-11-01,9.95,0.0,12.1,partly_cloudy
2015-11-02,9.0,0.0,13.8,partly_cloudy
2015-11-03,6.4,0.0,14.1,partly_cloudy
2015-11-04,6.7,0.0,14.8,partly_cloudy
2015-11-05,10.75,5.8,18.6,rainy
2015-11-06,12.350000000000001,9.4,24.3,rainy
2015-11-07,13.8,11.8,46.9,rainy
2015-11-08,11.95,0.5,41.8,cloudy
2015-11-09,12.05,6.6,44.1,rainy
2015-11-10,13.5,2.7,44.9,cloudy
2015-11-11,13.2,0.0,34.4,cloudy
2015-11-12,11.55,1.0,34.5,cloudy
2015-11-13,9.55,4.9,46.9,cloudy
2015-11-14,8.6,7.5,47.9,rainy
2015-11-15,8.5,8.4,22.1,rainy
2015-11-16,10.1,3.6,38.2,cloudy
2015-11-17,10.5,10.3,42.8,rainy
2015-11-18,11.0,11.0,49.3,rainy
2015-11-19,10.05,15.2,53.1,stormy
2015-11-20,7.2,3.8,30.3,cloudy
2015-11-21,3.5999999999999996,5.5,26.2,rainy
2015-11-22,2.0,2.7,46.1,cloudy
2015-11-23,2.2,2.3,27.3,cloudy
2015-11-24,5.75,10.5,41.9,rainy
2015-11-25,6.300000000000001,3.6,27.1,cloudy
2015-11-26,6.4,0.0,21.3,cloudy
2015-11-27,6.800000000000001,0.3,34.3,cloudy
2015-11-28,6.6,5.3,43.3,rainy
2015-11-29,7.800000000000001,10.5,62.3,stormy
2015-11-30,6.25,7.3,47.8,rainy
2015-12-01,6.85,1.4,31.1,cloudy
2015-12-02,9.05,0.6,31.8,cloudy
2015-12-03,9.4,0.9,30.8,cloudy
2015-12-04,8.6,3.5,46.4,cloudy
2015-12-05,9.5,0.8,49.8,cloudy
2015-12-06,9.5,0.4,49.6,cloudy
2015-12-07,7.05,0.4,22.5,cloudy
2015-12-08,9.25,2.4,25.3,cloudy
2015-12-09,8.55,1.0,37.1,cloudy
2015-12-10,7.550000000000001,6.1,41.9,rainy
2015-12-11,6.4,7.5,35.7,rainy
2015-12-12,4.75,9.8,35.6,rainy
2015-12-13,4.4,6.6,29.6,rainy
2015-12-14,3.6500000000000004,1.6,21.3,cloudy
2015-12-15,5.1,0.0,20.3,cloudy
2015-12-16,6.550000000000001,1.7,24.5,cloudy
2015-12-17,9.7,0.2,31.1,cloudy
2015-12-18,9.55,1.6,30.0,cloudy
2015-12-19,10.4,0.1,32.1,cloudy
2015-12-20,10.8,0.7,32.2,cloudy
2015-12-21,9.5,7.2,55.8,stormy
2015-12-22,9.8,4.0,48.7,cloudy
2015-12-23,9.5,6.3,45.6,rainy
2015-12-24,8.85,2.2,46.1,cloudy
2015-12-25,7.550000000000001,4.3,40.0,cloudy
2015-12-26,9.05,27.1,44.4,rainy
2015-12-27,8.85,4.4,43.6,cloudy
2015-12-28,5.1,0.0,30.8,cloudy
2015-12-29,4.95,0.0,32.7,cloudy
2015-12-30,5.3,0.0,31.1,cloudy
2015-12-31,5.0,2.3,31.6,cloudy
2016-01-01,4.75,0.0,22.9,cloudy
2016-01-02,0.5,0.0,38.5,cloudy
2016-01-03,-4.0,0.0,38.7,cloudy
2016-01-04,-3.85,0.0,37.2,cloudy
2016-01-05,-2.8,0.0,34.2,cloudy
2016-01-06,-2.1,0.0,27.5,cloudy
2016-01-07,-2.5,0.5,36.3,cloudy
2016-01-08,1.25,6.9,34.3,rainy
2016-01-09,2.0500000000000003,1.5,21.6,cloudy
2016-01-10,3.3,5.8,27.7,rainy
2016-01-11,3.25,0.4,21.1,cloudy
2016-01-12,3.3,8.4,19.3,rainy
2016-01-13,2.75,2.1,25.7,cloudy
2016-01-14,2.15,6.0,22.0,rainy
2016-01-15,0.85,0.9,21.9,cloudy
2016-01-16,0.30000000000000004,1.0,18.4,cloudy
2016-01-17,-2.2,0.0,22.7,cloudy
2016-01-18,-0.40000000000000013,0.9,23.7,cloudy
2016-01-19,0.6000000000000001,2.4,29.5,cloudy
2016-01-20,-3.1500000000000004,0.0,12.5,partly_cloudy
2016-01-21,-4.65,0.0,18.1,cloudy
2016-01-22,-3.15,0.0,26.3,cloudy
2016-01-23,1.6,4.5,22.6,cloudy
2016-01-24,4.85,1.5,24.7,cloudy
2016-01-25,7.0,0.0,32.1,cloudy
2016-01-26,6.8,2.3,49.1,cloudy
2016-01-27,8.2,5.7,48.2,rainy
2016-01-28,6.25,0.5,38.1,cloudy
2016-01-29,6.75,5.0,50.5,stormy
2016-01-30,5.7,15.1,47.9,rainy
2016-01-31,4.1,6.3,39.2,rainy
2016-02-01,6.050000000000001,2.5,47.4,cloudy
2016-02-02,7.05,2.2,54.8,stormy
2016-02-03,5.15,1.0,49.4,cloudy
2016-02-04,3.9,0.1,31.2,cloudy
2016-02-05,4.699999999999999,1.6,26.6,cloudy
2016-02-06,7.5,0.0,31.1,cloudy
2016-02-07,7.4,1.0,37.9,cloudy
2016-02-08,6.25,14.3,45.9,rainy
2016-02-09,5.0,5.8,39.8,rainy
2016-02-10,4.35,3.9,24.6,cloudy
2016-02-11,4.15,3.3,12.4,cloudy
2016-02-12,1.75,0.1,9.4,partly_cloudy
2016-02-13,1.2,0.0,24.6,cloudy
2016-02-14,1.75,0.0,33.1,cloudy
2016-02-15,-0.25,0.0,25.6,cloudy
2016-02-16,-0.04999999999999982,0.0,19.5,cloudy
2016-02-17,-0.1499999999999999,0.0,27.1,cloudy
2016-02-18,1.35,0.0,20.5,cloudy
2016-02-19,2.75,0.1,32.5,cloudy
2016-02-20,4.45,9.7,43.8,rainy
2016-02-21,5.65,11.3,35.5,rainy
2016-02-22,4.949999999999999,2.8,32.4,cloudy
2016-02-23,4.300000000000001,0.1,28.5,cloudy
2016-02-24,2.45,0.9,27.5,cloudy
2016-02-25,2.3,0.0,22.7,cloudy
2016-02-26,2.1999999999999997,0.1,15.9,cloudy
2016-02-27,1.2,0.0,8.3,partly_cloudy
2016-02-28,1.95,0.0,10.6,partly_cloudy
2016-02-29,0.7499999999999999,0.0,12.8,partly_cloudy
2016-03-01,0.30000000000000004,4.5,34.4,cloudy
2016-03-02,3.0,6.4,29.4,rainy
2016-03-03,2.25,2.8,14.3,cloudy
2016-03-04,2.75,1.5,26.3,cloudy
2016-03-05,2.6,3.6,23.5,cloudy
2016-03-06,2.5,0.0,15.0,cloudy
2016-03-07,2.6,0.6,14.4,partly_cloudy
2016-03-08,2.9499999999999997,0.3,18.8,cloudy
2016-03-09,3.75,0.0,21.7,cloudy
2016-03-10,2.5500000000000003,0.0,17.8,cloudy
2016-03-11,2.5500000000000003,0.0,15.5,cloudy
2016-03-12,2.3,0.0,11.3,partly_cloudy
2016-03-13,1.9,0.0,11.8,partly_cloudy
2016-03-14,3.55,0.0,14.0,partly_cloudy
2016-03-15,5.4,0.0,16.0,cloudy
2016-03-16,3.8000000000000003,0.0,14.0,partly_cloudy
2016-03-17,2.85,0.0,20.6,cloudy
2016-03-18,4.95,0.0,25.0,cloudy
2016-03-19,3.5,0.0,29.0,cloudy
2016-03-20,6.449999999999999,0.0,32.3,cloudy
2016-03-21,6.5,1.1,35.3,cloudy
2016-03-22,6.1,0.8,28.6,cloudy
2016-03-23,5.550000000000001,0.0,24.5,cloudy
2016-03-24,3.6,1.0,20.9,cloudy
2016-03-25,6.1,3.3,22.5,cloudy
2016-03-26,7.0,0.0,31.9,cloudy
2016-03-27,7.699999999999999,7.1,31.8,rainy
2016-03-28,8.15,2.2,42.7,cloudy
2016-03-29,7.1,1.2,29.7,cloudy
2016-03-30,5.949999999999999,4.6,32.6,cloudy
2016-03-31,5.25,0.0,20.5,cloudy
2016-04-01,4.05,0.0,16.6,cloudy
2016-04-02,8.35,0.0,20.7,cloudy
2016-04-03,9.9,0.2,17.1,cloudy
2016-04-04,11.2,4.6,23.6,cloudy
2016-04-05,7.6,5.2,19.3,rainy
2016-04-06,8.2,4.7,34.2,cloudy
2016-04-07,6.6,4.0,39.5,cloudy
2016-04-08,6.35,0.9,24.1,cloudy
2016-04-09,7.25,0.0,20.2,cloudy
2016-04-10,8.85,0.0,22.4,cloudy
2016-04-11,7.6,0.0,27.4,cloudy
2016-04-12,7.550000000000001,4.6,24.5,cloudy
2016-04-13,7.5,5.4,13.0,rainy
2016-04-14,8.55,2.9,12.8,cloudy
2016-04-15,8.9,4.5,15.5,cloudy
2016-04-16,7.699999999999999,6.1,42.0,rainy
2016-04-17,6.75,0.0,34.7,cloudy
2016-04-18,7.1,1.6,37.6,cloudy
2016-04-19,7.85,0.7,40.8,cloudy
2016-04-20,7.050000000000001,0.0,29.8,cloudy
2016-04-21,6.5,0.0,23.7,cloudy
2016-04-22,6.7,0.0,27.1,cloudy
2016-04-23,4.95,1.0,29.8,cloudy
2016-04-24,3.6,2.3,18.1,cloudy
2016-04-25,4.0,5.3,23.3,rainy
2016-04-26,3.45,6.7,20.6,rainy
2016-04-27,4.300000000000001,6.6,29.0,rainy
2016-04-28,5.85,1.1,26.1,cloudy
2016-04-29,6.1,4.3,36.8,cloudy
2016-04-30,6.35,0.1,24.7,cloudy
2016-05-01,6.5,0.0,14.8,partly_cloudy
2016-05-02,8.5,0.0,17.1,cloudy
2016-05-03,8.55,2.7,26.2,cloudy
2016-05-04,8.5,0.0,15.8,cloudy
2016-05-05,9.35,0.0,17.2,cloudy
2016-05-06,13.55,0.0,23.9,cloudy
2016-05-07,16.6,0.0,23.0,cloudy
2016-05-08,16.75,0.0,28.3,cloudy
2016-05-09,16.5,0.0,25.9,cloudy
2016-05-10,16.4,0.0,24.8,cloudy
2016-05-11,16.95,0.0,28.6,cloudy
2016-05-12,14.75,0.0,26.2,cloudy
2016-05-13,11.75,0.0,31.2,cloudy
2016-05-14,8.85,2.7,31.0,cloudy
2016-05-15,9.100000000000001,1.1,31.8,cloudy
2016-05-16,8.8,0.0,30.1,cloudy
2016-05-17,9.6,0.5,29.5,cloudy
2016-05-18,11.2,0.0,18.0,cloudy
2016-05-19,14.0,0.0,14.1,partly_cloudy
2016-05-20,12.9,0.9,29.1,cloudy
2016-05-21,14.55,2.9,25.6,cloudy
2016-05-22,17.65,2.9,24.0,cloudy
2016-05-23,12.649999999999999,6.4,24.0,rainy
2016-05-24,12.2,1.1,20.1,cloudy
2016-05-25,13.100000000000001,1.1,11.9,cloudy
2016-05-26,13.15,2.7,8.4,cloudy
2016-05-27,14.85,0.7,12.8,partly_cloudy
2016-05-28,14.65,0.0,16.0,cloudy
2016-05-29,15.7,0.3,24.4,cloudy
2016-05-30,18.85,0.2,30.0,cloudy
2016-05-31,18.55,4.6,23.4,cloudy
2016-06-01,20.25,0.4,23.1,cloudy
2016-06-02,19.549999999999997,4.2,20.4,cloudy
2016-06-03,20.05,0.0,18.6,sunny
2016-06-04,19.5,0.0,14.6,partly_cloudy
2016-06-05,18.15,0.0,17.1,cloudy
2016-06-06,18.2,0.3,11.2,partly_cloudy
2016-06-07,15.7,0.0,20.6,cloudy
2016-06-08,14.45,0.0,32.3,cloudy
2016-06-09,14.3,0.0,25.6,cloudy
2016-06-10,13.25,0.0,29.1,cloudy
2016-06-11,14.65,0.1,15.9,cloudy
2016-06-12,12.55,7.2,19.7,rainy
2016-06-13,14.05,8.4,23.3,rainy
2016-06-14,15.45,7.4,21.2,rainy
2016-06-15,15.149999999999999,4.1,10.4,cloudy
2016-06-16,14.950000000000001,0.5,12.6,partly_cloudy
2016-06-17,15.0,0.0,21.4,cloudy
2016-06-18,14.850000000000001,0.4,26.4,cloudy
2016-06-19,13.3,0.0,24.6,cloudy
2016-06-20,14.35,17.4,34.0,rainy
2016-06-21,16.05,1.3,18.6,cloudy
2016-06-22,17.2,5.0,21.1,cloudy
2016-06-23,19.85,7.9,18.5,rainy
2016-06-24,18.1,2.6,21.4,cloudy
2016-06-25,16.15,30.7,24.0,rainy
2016-06-26,15.5,1.4,28.3,cloudy
2016-06-27,15.45,3.1,35.8,cloudy
2016-06-28,15.05,0.0,17.8,cloudy
2016-06-29,15.05,8.6,24.3,rainy
2016-06-30,15.899999999999999,10.2,29.8,rainy
2016-07-01,15.95,6.1,37.4,rainy
2016-07-02,14.5,4.7,29.4,cloudy
2016-07-03,14.05,9.6,28.5,rainy
2016-07-04,15.1,1.0,20.9,cloudy
2016-07-05,14.35,6.8,40.0,rainy
2016-07-06,14.25,0.8,40.6,cloudy
2016-07-07,14.95,0.1,26.4,cloudy
2016-07-08,16.4,5.0,33.4,cloudy
2016-07-09,16.25,0.6,29.4,cloudy
2016-07-10,17.8,8.3,28.4,rainy
2016-07-11,17.25,1.7,36.9,cloudy
2016-07-12,15.2,5.3,29.8,rainy
2016-07-13,14.4,0.0,19.9,cloudy
2016-07-14,14.05,1.9,35.2,cloudy
2016-07-15,14.55,0.1,36.2,cloudy
2016-07-16,15.549999999999999,0.6,31.9,cloudy
2016-07-17,14.850000000000001,0.6,26.7,cloudy
2016-07-18,16.35,0.2,25.3,cloudy
2016-07-19,18.65,0.0,17.0,cloudy
2016-07-20,19.85,0.0,26.1,cloudy
2016-07-21,21.3,3.4,23.6,cloudy
2016-07-22,20.0,2.6,9.3,cloudy
2016-07-23,21.25,0.1,10.6,sunny
2016-07-24,20.6,0.0,10.1,sunny
2016-07-25,19.5,1.7,17.9,cloudy
2016-07-26,17.549999999999997,0.0,17.1,cloudy
2016-07-27,18.05,2.9,19.5,cloudy
2016-07-28,17.2,0.0,13.8,partly_cloudy
2016-07-29,18.0,2.4,21.1,cloudy
2016-07-30,16.1,3.7,23.3,cloudy
2016-07-31,15.8,0.7,14.8,partly_cloudy
2016-08-01,15.600000000000001,6.3,24.5,rainy
2016-08-02,16.4,0.1,13.4,partly_cloudy
2016-08-03,17.200000000000003,5.6,30.8,rainy
2016-08-04,17.799999999999997,2.0,33.2,cloudy
2016-08-05,17.6,0.8,24.6,cloudy
2016-08-06,16.05,4.9,25.4,cloudy
2016-08-07,16.6,2.4,35.9,cloudy
2016-08-08,16.15,2.1,40.3,cloudy
2016-08-09,12.95,0.9,31.8,cloudy
2016-08-10,12.6,4.3,30.3,cloudy
2016-08-11,12.899999999999999,1.4,25.9,cloudy
2016-08-12,15.75,0.8,30.2,cloudy
2016-08-13,16.55,0.4,30.7,cloudy
2016-08-14,15.65,0.0,24.4,cloudy
2016-08-15,15.0,0.0,18.7,cloudy
2016-08-16,16.4,0.0,11.2,partly_cloudy
2016-08-17,15.0,0.0,13.0,partly_cloudy
2016-08-18,16.1,0.0,15.6,cloudy
2016-08-19,16.15,0.0,16.3,cloudy
2016-08-20,17.55,6.2,26.3,rainy
2016-08-21,16.9,2.3,28.3,cloudy
2016-08-22,17.05,8.3,27.4,rainy
2016-08-23,17.4,0.1,21.3,cloudy
2016-08-24,20.15,0.0,16.6,sunny
2016-08-25,23.1,0.0,19.4,sunny
2016-08-26,19.85,0.2,23.4,cloudy
2016-08-27,17.9,0.0,19.5,cloudy
2016-08-28,18.45,20.5,27.5,rainy
2016-08-29,16.1,0.6,29.7,cloudy
2016-08-30,17.15,0.0,22.3,cloudy
2016-08-31,18.1,0.0,16.2,cloudy
2016-09-01,16.85,0.4,19.7,cloudy
2016-09-02,16.5,1.5,28.3,cloudy
2016-09-03,16.799999999999997,0.7,24.4,cloudy
2016-09-04,16.25,22.2,18.6,rainy
2016-09-05,17.05,0.0,21.3,cloudy
2016-09-06,16.65,0.0,20.4,cloudy
2016-09-07,18.85,0.0,14.3,partly_cloudy
2016-09-08,19.6,0.0,19.5,cloudy
2016-09-09,18.05,0.0,16.9,cloudy
2016-09-10,18.65,0.0,16.0,cloudy
2016-09-11,15.850000000000001,0.2,23.3,cloudy
2016-09-12,18.95,0.0,16.8,cloudy
2016-09-13,23.049999999999997,0.0,20.1,cloudy
2016-09-14,22.25,0.0,21.3,cloudy
2016-09-15,20.45,0.0,24.1,cloudy
2016-09-16,18.55,7.4,19.0,rainy
2016-09-17,17.45,0.5,22.1,cloudy
2016-09-18,15.5,0.0,21.0,cloudy
2016-09-19,14.899999999999999,0.1,15.4,cloudy
2016-09-20,15.05,0.0,9.4,partly_cloudy
2016-09-21,15.8,0.0,15.8,cloudy
2016-09-22,14.9,0.0,16.9,cloudy
2016-09-23,15.85,1.2,20.4,cloudy
2016-09-24,15.3,0.0,19.4,cloudy
2016-09-25,17.2,0.0,25.3,cloudy
2016-09-26,15.55,0.0,16.2,cloudy
2016-09-27,13.9,0.0,33.2,cloudy
2016-09-28,17.4,2.2,38.2,cloudy
2016-09-29,16.799999999999997,6.5,46.9,rainy
2016-09-30,13.45,6.4,38.2,rainy
2016-10-01,13.25,3.5,20.9,cloudy
2016-10-02,12.15,6.7,18.2,rainy
2016-10-03,12.399999999999999,2.5,29.3,cloudy
2016-10-04,11.6,0.0,23.0,cloudy
2016-10-05,9.25,0.0,27.3,cloudy
2016-10-06,9.55,0.0,27.3,cloudy
2016-10-07,10.1,0.0,24.0,cloudy
2016-10-08,9.65,0.0,21.7,cloudy
2016-10-09,8.2,0.0,20.1,cloudy
2016-10-10,9.15,1.3,21.3,cloudy
2016-10-11,9.8,0.2,28.0,cloudy
2016-10-12,9.45,1.4,29.4,cloudy
2016-10-13,9.75,0.1,31.2,cloudy
2016-10-14,8.65,0.6,33.8,cloudy
2016-10-15,9.7,4.2,33.8,cloudy
2016-10-16,11.3,0.0,21.3,cloudy
2016-10-17,10.899999999999999,0.0,25.3,cloudy
2016-10-18,11.600000000000001,6.3,24.6,rainy
2016-10-19,8.7,3.2,19.4,cloudy
2016-10-20,10.0,4.2,26.7,cloudy
2016-10-21,8.85,3.1,26.7,cloudy
2016-10-22,7.1,1.9,20.1,cloudy
2016-10-23,6.85,2.9,16.1,cloudy
2016-10-24,7.0,0.0,19.0,cloudy
2016-10-25,6.7,0.0,14.9,partly_cloudy
2016-10-26,7.15,1.6,27.7,cloudy
2016-10-27,12.25,1.0,30.0,cloudy
2016-10-28,11.7,1.2,33.9,cloudy
2016-10-29,10.95,0.0,29.1,cloudy
2016-10-30,10.5,0.0,19.1,cloudy
2016-10-31,11.0,0.3,18.1,cloudy
2016-11-01,10.1,0.3,32.4,cloudy
2016-11-02,5.699999999999999,2.2,34.0,cloudy
2016-11-03,3.95,1.6,20.2,cloudy
2016-11-04,8.65,11.0,25.5,rainy
2016-11-05,7.1,5.2,23.1,rainy
2016-11-06,5.300000000000001,4.1,30.1,cloudy
2016-11-07,2.05,0.0,27.5,cloudy
2016-11-08,-0.75,0.0,17.5,cloudy
2016-11-09,-1.0,0.0,13.2,partly_cloudy
2016-11-10,1.85,0.1,17.7,cloudy
2016-11-11,1.8000000000000003,0.0,19.2,cloudy
2016-11-12,0.8499999999999999,0.0,24.7,cloudy
2016-11-13,1.2,0.0,24.1,cloudy
2016-11-14,2.9,6.3,33.8,rainy
2016-11-15,8.2,1.4,30.8,cloudy
2016-11-16,8.15,2.4,29.7,cloudy
2016-11-17,7.6,5.5,40.3,rainy
2016-11-18,7.15,6.5,38.2,rainy
2016-11-19,5.35,2.2,36.7,cloudy
2016-11-20,6.55,6.1,53.9,stormy
2016-11-21,8.7,2.9,39.2,cloudy
2016-11-22,9.600000000000001,0.3,23.4,cloudy
2016-11-23,7.35,0.0,17.0,cloudy
2016-11-24,4.5,0.0,15.6,cloudy
2016-11-25,2.3499999999999996,0.0,9.5,partly_cloudy
2016-11-26,6.4,0.0,28.0,cloudy
2016-11-27,4.65,0.0,27.8,cloudy
2016-11-28,0.3500000000000001,0.0,19.0,cloudy
2016-11-29,2.5999999999999996,0.0,29.5,cloudy
2016-11-30,7.4,3.1,33.0,cloudy
2016-12-01,7.95,0.4,39.6,cloudy
2016-12-02,4.4,0.0,38.2,cloudy
2016-12-03,0.19999999999999996,0.0,8.4,partly_cloudy
2016-12-04,4.9,0.0,12.2,partly_cloudy
2016-12-05,4.5,0.0,16.7,cloudy
2016-12-06,5.6,0.0,16.7,cloudy
2016-12-07,5.8999999999999995,1.8,34.0,cloudy
2016-12-08,8.600000000000001,5.5,36.1,rainy
2016-12-09,8.3,1.3,31.9,cloudy
2016-12-10,8.4,3.7,30.5,cloudy
2016-12-11,7.25,5.2,29.3,rainy
2016-12-12,5.3,0.0,24.9,cloudy
2016-12-13,5.949999999999999,1.9,16.9,cloudy
2016-12-14,4.4,0.4,17.2,cloudy
2016-12-15,2.2,0.0,21.1,cloudy
2016-12-16,1.5,0.0,21.1,cloudy
2016-12-17,3.75,0.0,20.2,cloudy
2016-12-18,6.0,0.3,22.7,cloudy
2016-12-19,4.9,0.0,12.3,partly_cloudy
2016-12-20,2.6,0.0,21.8,cloudy
2016-12-21,3.7,0.0,34.0,cloudy
2016-12-22,6.35,0.3,30.9,cloudy
2016-12-23,6.55,1.9,45.7,cloudy
2016-12-24,6.300000000000001,6.3,47.2,rainy
2016-12-25,7.5,0.8,38.4,cloudy
2016-12-26,7.0,3.4,54.9,stormy
2016-12-27,7.6,0.3,55.0,stormy
2016-12-28,6.35,0.0,27.5,cloudy
2016-12-29,4.699999999999999,0.0,23.5,cloudy
2016-12-30,4.85,0.0,24.8,cloudy
2016-12-31,7.0,0.0,30.8,cloudy
2017-01-01,6.5,10.3,41.7,rainy
2017-01-02,4.199999999999999,1.8,41.8,cloudy
2017-01-03,6.4,5.2,57.3,stormy
2017-01-04,3.9000000000000004,0.8,75.8,stormy
2017-01-05,-1.1,0.0,33.5,cloudy
2017-01-06,-0.9,0.1,42.1,cloudy
2017-01-07,4.05,2.6,44.5,cloudy
2017-01-08,3.0999999999999996,0.0,22.2,cloudy
2017-01-09,4.4,1.9,44.0,cloudy
2017-01-10,4.4,5.7,44.9,rainy
2017-01-11,5.5,9.9,63.3,stormy
2017-01-12,4.55,0.7,59.5,stormy
2017-01-13,3.1500000000000004,4.7,38.1,cloudy
2017-01-14,2.95,1.4,49.8,cloudy
2017-01-15,1.6500000000000001,0.0,33.7,cloudy
2017-01-16,0.6499999999999999,0.0,17.3,cloudy
2017-01-17,2.1999999999999997,0.0,28.1,cloudy
2017-01-18,4.2,0.3,35.6,cloudy
2017-01-19,4.65,1.6,28.8,cloudy
2017-01-20,4.3,0.0,22.7,cloudy
2017-01-21,4.25,0.0,20.7,cloudy
2017-01-22,1.65,0.1,19.6,cloudy
2017-01-23,2.55,0.1,21.1,cloudy
2017-01-24,3.6500000000000004,0.0,25.5,cloudy
2017-01-25,1.65,0.0,26.9,cloudy
2017-01-26,0.75,0.0,29.5,cloudy
2017-01-27,1.2999999999999998,0.0,33.2,cloudy
2017-01-28,2.65,0.0,28.8,cloudy
2017-01-29,3.5,2.1,38.3,cloudy
2017-01-30,2.7,6.1,32.1,rainy
2017-01-31,2.4,0.0,32.2,cloudy
2017-02-01,1.7,0.0,35.7,cloudy
2017-02-02,2.1,0.4,35.9,cloudy
2017-02-03,2.55,6.2,32.6,rainy
2017-02-04,2.25,2.7,25.6,cloudy
2017-02-05,1.6500000000000001,1.7,27.6,cloudy
2017-02-06,1.35,2.9,34.0,cloudy
2017-02-07,0.050000000000000044,0.9,37.7,cloudy
2017-02-08,-1.45,0.1,37.8,cloudy
2017-02-09,-1.65,0.1,28.1,cloudy
2017-02-10,-1.15,0.0,35.7,cloudy
2017-02-11,0.29999999999999993,0.0,42.4,cloudy
2017-02-12,0.5,0.0,35.7,cloudy
2017-02-13,-0.20000000000000007,0.0,28.9,cloudy
2017-02-14,-0.19999999999999996,0.0,25.7,cloudy
2017-02-15,1.45,0.0,22.7,cloudy
2017-02-16,4.2,0.6,47.8,cloudy
2017-02-17,3.5,0.6,31.1,cloudy
2017-02-18,3.0999999999999996,2.8,37.5,cloudy
2017-02-19,3.75,5.8,38.7,rainy
2017-02-20,5.0,4.7,48.4,cloudy
2017-02-21,4.4,0.0,43.4,cloudy
2017-02-22,5.050000000000001,8.0,61.6,stormy
2017-02-23,3.35,11.1,59.8,stormy
2017-02-24,2.6,0.8,52.7,stormy
2017-02-25,4.35,11.7,54.7,stormy
2017-02-26,5.25,2.7,47.9,cloudy
2017-02-27,5.699999999999999,11.3,48.3,rainy
2017-02-28,4.1,2.2,50.6,stormy
2017-03-01,4.05,3.2,51.0,stormy
2017-03-02,4.4,1.2,38.6,cloudy
2017-03-03,4.75,0.2,40.7,cloudy
2017-03-04,5.15,3.6,27.3,cloudy
2017-03-05,4.9,3.1,34.5,cloudy
2017-03-06,3.25,0.4,38.8,cloudy
2017-03-07,1.2,0.0,24.3,cloudy
2017-03-08,3.0999999999999996,5.6,39.0,rainy
2017-03-09,4.65,6.2,42.8,rainy
2017-03-10,4.95,0.0,38.7,cloudy
2017-03-11,5.0,0.0,26.9,cloudy
2017-03-12,4.4,0.2,30.3,cloudy
2017-03-13,3.8,1.4,26.5,cloudy
2017-03-14,5.85,0.0,38.3,cloudy
2017-03-15,6.15,0.0,43.5,cloudy
2017-03-16,6.1,0.1,40.6,cloudy
2017-03-17,5.65,8.8,46.5,rainy
2017-03-18,5.25,7.4,59.4,stormy
2017-03-19,4.7,12.5,40.9,rainy
2017-03-20,6.25,8.7,52.0,stormy
2017-03-21,5.699999999999999,0.6,47.8,cloudy
2017-03-22,5.75,0.1,39.3,cloudy
2017-03-23,6.0,0.0,26.6,cloudy
2017-03-24,4.55,0.0,19.7,cloudy
2017-03-25,6.1,0.0,27.0,cloudy
2017-03-26,5.949999999999999,0.0,17.0,cloudy
2017-03-27,5.25,0.0,17.1,cloudy
2017-03-28,4.2,0.0,17.1,cloudy
2017-03-29,6.1,1.3,29.1,cloudy
2017-03-30,7.25,5.8,34.9,rainy
2017-03-31,9.6,0.7,31.2,cloudy
2017-04-01,7.35,1.1,25.7,cloudy
2017-04-02,7.2,0.0,24.2,cloudy
2017-04-03,6.65,0.0,20.9,cloudy
2017-04-04,7.3500000000000005,0.0,21.6,cloudy
2017-04-05,7.55,0.4,49.6,cloudy
2017-04-06,7.45,0.0,49.3,cloudy
2017-04-07,8.3,0.1,40.2,cloudy
2017-04-08,7.65,0.0,31.5,cloudy
2017-04-09,8.3,0.0,34.3,cloudy
2017-04-10,9.25,0.0,51.7,stormy
2017-04-11,7.25,3.9,47.9,cloudy
2017-04-12,8.2,7.7,46.7,rainy
2017-04-13,7.75,1.5,48.6,cloudy
2017-04-14,7.6,3.0,43.5,cloudy
2017-04-15,6.9,9.3,50.2,stormy
2017-04-16,5.55,2.5,42.6,cloudy
2017-04-17,6.1,2.3,34.4,cloudy
2017-04-18,4.35,1.7,38.5,cloudy
2017-04-19,4.75,0.0,22.7,cloudy
2017-04-20,6.8999999999999995,0.1,33.9,cloudy
2017-04-21,7.949999999999999,0.5,48.0,cloudy
2017-04-22,6.65,2.0,56.0,stormy
2017-04-23,6.65,2.0,46.8,cloudy
2017-04-24,7.3,3.1,49.4,cloudy
2017-04-25,4.75,3.1,31.7,cloudy
2017-04-26,6.050000000000001,0.2,25.1,cloudy
2017-04-27,6.9,2.9,42.3,cloudy
2017-04-28,6.85,0.8,25.3,cloudy
2017-04-29,6.75,0.6,29.7,cloudy
2017-04-30,7.949999999999999,0.0,37.7,cloudy
2017-05-01,9.25,0.0,42.2,cloudy
2017-05-02,9.2,0.0,39.9,cloudy
2017-05-03,9.95,0.0,36.7,cloudy
2017-05-04,9.65,0.0,36.7,cloudy
2017-05-05,9.45,0.0,33.9,cloudy
2017-05-06,8.9,0.0,18.8,cloudy
2017-05-07,8.899999999999999,0.0,29.0,cloudy
2017-05-08,8.9,0.4,40.2,cloudy
2017-05-09,7.35,0.8,35.6,cloudy
2017-05-10,8.4,2.3,36.2,cloudy
2017-05-11,10.45,0.0,32.8,cloudy
2017-05-12,10.649999999999999,3.5,38.9,cloudy
2017-05-13,11.6,3.6,30.1,cloudy
2017-05-14,11.75,0.6,22.2,cloudy
2017-05-15,11.7,1.4,25.9,cloudy
2017-05-16,12.6,19.8,36.4,rainy
2017-05-17,14.25,1.2,36.6,cloudy
2017-05-18,13.5,0.1,38.5,cloudy
2017-05-19,12.65,2.9,24.6,cloudy
2017-05-20,11.350000000000001,8.1,27.1,rainy
2017-05-21,11.85,0.0,24.6,cloudy
2017-05-22,11.95,0.0,17.8,cloudy
2017-05-23,12.95,0.0,42.6,cloudy
2017-05-24,11.649999999999999,0.0,40.3,cloudy
2017-05-25,12.350000000000001,0.0,33.9,cloudy
2017-05-26,13.2,0.0,29.3,cloudy
2017-05-27,16.25,0.0,33.0,cloudy
2017-05-28,16.05,0.4,34.3,cloudy
2017-05-29,13.35,1.2,29.6,cloudy
2017-05-30,13.75,2.8,33.4,cloudy
2017-05-31,13.2,0.2,47.2,cloudy
2017-06-01,12.25,0.0,37.5,cloudy
2017-06-02,14.2,0.0,14.3,partly_cloudy
2017-06-03,15.7,0.8,17.3,cloudy
2017-06-04,13.7,0.0,31.9,cloudy
2017-06-05,14.600000000000001,0.1,35.3,cloudy
2017-06-06,16.65,0.3,48.6,cloudy
2017-06-07,13.5,10.8,68.7,stormy
2017-06-08,14.7,5.3,63.4,stormy
2017-06-09,15.0,18.1,29.9,rainy
2017-06-10,14.5,0.0,31.8,cloudy
2017-06-11,15.75,2.3,37.0,cloudy
2017-06-12,14.7,2.0,52.2,stormy
2017-06-13,13.8,0.9,48.9,cloudy
2017-06-14,14.2,0.0,26.8,cloudy
2017-06-15,16.8,0.3,38.7,cloudy
2017-06-16,14.5,0.7,45.0,cloudy
2017-06-17,14.5,0.0,42.8,cloudy
2017-06-18,15.75,0.0,21.6,cloudy
2017-06-19,16.85,0.0,23.8,cloudy
2017-06-20,15.2,0.0,35.8,cloudy
2017-06-21,14.149999999999999,0.3,33.5,cloudy
2017-06-22,16.35,8.0,35.9,rainy
2017-06-23,15.7,2.6,43.2,cloudy
2017-06-24,15.8,4.0,42.9,cloudy
2017-06-25,15.45,1.0,46.5,cloudy
2017-06-26,14.350000000000001,0.7,45.7,cloudy
2017-06-27,14.100000000000001,0.0,34.0,cloudy
2017-06-28,16.2,12.6,39.4,rainy
2017-06-29,16.7,10.8,34.1,rainy
2017-06-30,15.65,25.4,26.9,rainy
2017-07-01,15.45,1.4,37.7,cloudy
2017-07-02,14.850000000000001,0.8,44.0,cloudy
2017-07-03,15.4,12.6,46.3,rainy
2017-07-04,14.5,0.9,45.7,cloudy
2017-07-05,14.2,0.7,26.0,cloudy
2017-07-06,14.75,0.1,18.9,cloudy
2017-07-07,16.35,3.5,17.3,cloudy
2017-07-08,15.8,0.6,33.9,cloudy
2017-07-09,15.600000000000001,0.0,27.0,cloudy
2017-07-10,16.15,0.0,13.5,partly_cloudy
2017-07-11,16.95,1.8,33.9,cloudy
2017-07-12,15.15,12.5,52.9,stormy
2017-07-13,15.25,0.4,50.6,stormy
2017-07-14,16.45,0.6,28.0,cloudy
2017-07-15,16.4,0.1,23.0,cloudy
2017-07-16,16.6,3.6,42.8,cloudy
2017-07-17,16.05,0.3,32.1,cloudy
2017-07-18,16.15,0.0,27.4,cloudy
2017-07-19,17.4,0.0,34.6,cloudy
2017-07-20,18.049999999999997,9.6,30.5,rainy
2017-07-21,17.15,0.9,31.7,cloudy
2017-07-22,17.35,1.5,30.0,cloudy
2017-07-23,17.299999999999997,4.7,34.5,cloudy
2017-07-24,16.85,2.0,20.1,cloudy
2017-07-25,17.35,1.3,34.1,cloudy
2017-07-26,17.35,0.2,28.1,cloudy
2017-07-27,17.5,0.2,35.2,cloudy
2017-07-28,16.6,11.4,41.6,rainy
2017-07-29,17.6,11.7,51.3,stormy
2017-07-30,17.85,2.8,40.6,cloudy
2017-07-31,17.5,2.5,36.2,cloudy
2017-08-01,18.5,0.7,24.4,cloudy
2017-08-02,18.0,1.5,35.9,cloudy
2017-08-03,18.1,9.9,48.8,rainy
2017-08-04,18.0,4.2,52.8,stormy
2017-08-05,16.299999999999997,4.9,49.5,cloudy
2017-08-06,15.75,7.3,36.6,rainy
2017-08-07,17.450000000000003,0.0,35.8,cloudy
2017-08-08,18.65,12.1,28.8,rainy
2017-08-09,17.65,1.9,54.1,stormy
2017-08-10,16.35,0.3,29.8,cloudy
2017-08-11,16.05,0.2,24.3,cloudy
2017-08-12,17.2,7.4,37.1,rainy
2017-08-13,16.1,0.3,37.6,cloudy
2017-08-14,17.2,0.0,29.5,cloudy
2017-08-15,18.15,1.7,29.9,cloudy
2017-08-16,17.549999999999997,0.0,24.5,cloudy
2017-08-17,18.2,5.9,38.8,rainy
2017-08-18,17.85,6.1,39.0,rainy
2017-08-19,16.05,15.0,42.0,rainy
2017-08-20,15.600000000000001,20.3,43.5,rainy
2017-08-21,16.05,2.9,44.3,cloudy
2017-08-22,16.3,0.2,38.2,cloudy
2017-08-23,15.9,0.0,28.1,cloudy
2017-08-24,16.7,3.1,36.9,cloudy
2017-08-25,16.9,0.7,33.9,cloudy
2017-08-26,16.9,0.0,15.2,cloudy
2017-08-27,16.75,0.3,28.2,cloudy
2017-08-28,17.15,0.0,24.1,cloudy
2017-08-29,18.049999999999997,0.0,31.7,cloudy
2017-08-30,16.7,29.0,32.6,rainy
2017-08-31,15.649999999999999,19.9,38.7,rainy
2017-09-01,16.15,0.4,24.2,cloudy
2017-09-02,15.0,2.0,20.2,cloudy
2017-09-03,15.5,1.4,16.7,cloudy
2017-09-04,15.649999999999999,0.0,10.1,partly_cloudy
2017-09-05,16.7,1.1,30.6,cloudy
2017-09-06,16.85,9.2,49.1,rainy
2017-09-07,16.05,2.3,41.8,cloudy
2017-09-08,16.15,26.6,49.9,rainy
2017-09-09,15.450000000000001,7.5,25.9,rainy
2017-09-10,15.5,8.8,53.5,stormy
2017-09-11,15.3,16.8,59.8,stormy
2017-09-12,15.2,17.7,41.6,rainy
2017-09-13,14.6,19.4,77.4,stormy
2017-09-14,14.0,11.1,61.5,stormy
2017-09-15,14.05,6.3,42.4,rainy
2017-09-16,13.55,2.4,18.4,cloudy
2017-09-17,12.5,1.5,15.6,cloudy
2017-09-18,12.1,0.0,12.1,partly_cloudy
2017-09-19,14.05,3.6,35.1,cloudy
2017-09-20,14.350000000000001,7.0,36.9,rainy
2017-09-21,15.15,1.5,30.4,cloudy
2017-09-22,14.45,0.0,19.0,cloudy
2017-09-23,14.3,0.0,16.2,cloudy
2017-09-24,14.75,0.3,25.0,cloudy
2017-09-25,15.3,0.4,31.2,cloudy
2017-09-26,14.75,0.4,28.5,cloudy
2017-09-27,15.3,4.8,32.8,cloudy
2017-09-28,15.149999999999999,0.7,28.0,cloudy
2017-09-29,15.899999999999999,1.1,32.4,cloudy
2017-09-30,15.450000000000001,35.2,50.7,stormy
2017-10-01,15.0,0.5,45.7,cloudy
2017-10-02,14.8,16.1,50.7,stormy
2017-10-03,14.25,5.4,53.2,stormy
2017-10-04,13.8,6.6,61.9,stormy
2017-10-05,12.75,32.2,55.6,stormy
2017-10-06,13.0,7.8,52.8,stormy
2017-10-07,13.3,14.9,50.1,stormy
2017-10-08,11.8,0.0,37.2,cloudy
2017-10-09,12.45,1.4,31.2,cloudy
2017-10-10,13.05,8.7,37.1,rainy
2017-10-11,14.25,1.9,52.8,stormy
2017-10-12,13.399999999999999,6.9,58.5,stormy
2017-10-13,14.4,0.8,40.5,cloudy
2017-10-14,14.95,1.5,40.2,cloudy
2017-10-15,14.55,0.0,34.0,cloudy
2017-10-16,15.3,0.0,35.4,cloudy
2017-10-17,15.4,0.1,46.8,cloudy
2017-10-18,13.5,4.9,35.9,cloudy
2017-10-19,13.55,0.4,31.1,cloudy
2017-10-20,13.7,3.6,38.4,cloudy
2017-10-21,13.05,6.2,36.7,rainy
2017-10-22,12.65,2.4,40.9,cloudy
2017-10-23,11.899999999999999,0.2,30.0,cloudy
2017-10-24,13.0,6.3,42.0,rainy
2017-10-25,13.85,7.0,55.1,stormy
2017-10-26,13.149999999999999,0.7,47.0,cloudy
2017-10-27,12.05,4.7,51.0,stormy
2017-10-28,12.5,5.9,70.0,stormy
2017-10-29,11.5,3.3,87.2,stormy
2017-10-30,10.0,0.5,45.6,cloudy
2017-10-31,11.35,1.2,37.7,cloudy
2017-11-01,12.55,2.9,44.5,cloudy
2017-11-02,11.6,2.9,48.0,cloudy
2017-11-03,10.9,0.5,33.9,cloudy
2017-11-04,10.85,1.5,35.7,cloudy
2017-11-05,10.7,1.4,32.8,cloudy
2017-11-06,9.95,0.5,27.3,cloudy
2017-11-07,7.949999999999999,1.2,31.3,cloudy
2017-11-08,7.8,0.0,27.7,cloudy
2017-11-09,9.95,1.5,41.1,cloudy
2017-11-10,8.85,6.5,58.9,stormy
2017-11-11,7.8500000000000005,5.8,54.7,stormy
2017-11-12,8.0,7.3,48.3,rainy
2017-11-13,8.0,0.0,28.2,cloudy
2017-11-14,9.7,4.7,46.8,cloudy
2017-11-15,9.75,0.1,21.7,cloudy
2017-11-16,9.55,4.6,42.6,cloudy
2017-11-17,9.25,0.1,42.8,cloudy
2017-11-18,8.0,15.6,56.4,stormy
2017-11-19,7.8,3.8,60.3,stormy
2017-11-20,7.3999999999999995,1.6,47.4,cloudy
2017-11-21,5.3,1.3,36.2,cloudy
2017-11-22,8.65,7.1,49.4,rainy
2017-11-23,10.399999999999999,2.2,56.4,stormy
2017-11-24,8.3,0.9,47.4,cloudy
2017-11-25,6.6499999999999995,1.1,36.3,cloudy
2017-11-26,7.25,4.6,48.4,cloudy
2017-11-27,7.5,12.4,61.0,stormy
2017-11-28,6.55,4.8,51.7,stormy
2017-11-29,4.05,0.3,14.5,partly_cloudy
2017-11-30,4.3,4.4,27.7,cloudy
2017-12-01,3.5,0.0,28.2,cloudy
2017-12-02,5.9,2.7,45.4,cloudy
2017-12-03,7.75,4.5,39.8,cloudy
2017-12-04,7.5,1.2,47.4,cloudy
2017-12-05,8.45,0.3,44.6,cloudy
2017-12-06,8.55,1.3,48.5,cloudy
2017-12-07,7.55,6.6,66.8,stormy
2017-12-08,5.5,3.7,47.3,cloudy
2017-12-09,4.7,5.1,53.4,stormy
2017-12-10,2.75,6.3,47.0,rainy
2017-12-11,1.8,2.4,41.2,cloudy
2017-12-12,4.4,1.5,44.7,cloudy
2017-12-13,5.1,7.3,62.0,stormy
2017-12-14,4.55,7.6,45.5,rainy
2017-12-15,5.25,6.9,30.5,rainy
2017-12-16,5.05,0.6,37.2,cloudy
2017-12-17,4.4,0.7,37.9,cloudy
2017-12-18,4.9,1.7,39.5,cloudy
2017-12-19,6.05,0.5,21.2,cloudy
2017-12-20,6.449999999999999,2.2,28.9,cloudy
2017-12-21,6.7,0.0,28.8,cloudy
2017-12-22,6.699999999999999,0.0,37.0,cloudy
2017-12-23,7.8500000000000005,0.1,55.1,stormy
2017-12-24,8.0,1.2,53.3,stormy
2017-12-25,7.05,0.8,52.1,stormy
2017-12-26,5.45,2.5,64.8,stormy
2017-12-27,4.85,10.8,41.6,rainy
2017-12-28,4.9,3.0,43.6,cloudy
2017-12-29,4.3,3.1,43.2,cloudy
2017-12-30,4.1,4.8,39.4,cloudy
2017-12-31,7.15,6.6,56.1,stormy
2018-01-01,6.449999999999999,6.5,55.5,stormy
2018-01-02,5.6,0.4,38.9,cloudy
2018-01-03,5.8,16.1,55.4,stormy
2018-01-04,5.050000000000001,3.2,46.2,cloudy
2018-01-05,3.7,6.0,27.6,rainy
2018-01-06,3.0,3.4,27.5,cloudy
2018-01-07,1.3,0.0,26.8,cloudy
2018-01-08,1.3499999999999999,0.0,35.3,cloudy
2018-01-09,3.0,0.0,39.7,cloudy
2018-01-10,3.4,1.0,27.3,cloudy
2018-01-11,3.3,1.4,23.0,cloudy
2018-01-12,3.0,0.8,31.7,cloudy
2018-01-13,1.3,0.9,37.0,cloudy
2018-01-14,0.6,0.0,45.6,cloudy
2018-01-15,2.9000000000000004,8.4,56.6,stormy
2018-01-16,4.0,7.7,54.3,stormy
2018-01-17,3.45,2.2,40.0,cloudy
2018-01-18,2.8499999999999996,5.4,39.2,rainy
2018-01-19,3.75,1.5,28.9,cloudy
2018-01-20,3.3499999999999996,3.1,30.5,cloudy
2018-01-21,1.9000000000000001,1.4,33.3,cloudy
2018-01-22,1.35,2.8,36.4,cloudy
2018-01-23,3.6500000000000004,4.6,49.7,cloudy
2018-01-24,6.95,5.5,63.8,stormy
2018-01-25,5.25,2.6,47.3,cloudy
2018-01-26,4.199999999999999,0.1,20.3,cloudy
2018-01-27,4.85,6.1,59.0,stormy
2018-01-28,6.4,1.9,61.2,stormy
2018-01-29,6.45,3.8,55.1,stormy
2018-01-30,5.25,0.0,50.7,stormy
2018-01-31,5.1,3.9,46.3,cloudy
2018-02-01,4.300000000000001,4.4,53.3,stormy
2018-02-02,2.25,1.3,42.6,cloudy
2018-02-03,-0.55,0.0,36.9,cloudy
2018-02-04,1.2,0.2,46.7,cloudy
2018-02-05,-0.4,0.0,26.9,cloudy
2018-02-06,-0.5,0.3,23.1,cloudy
2018-02-07,1.75,0.1,22.9,cloudy
2018-02-08,1.8,0.0,35.6,cloudy
2018-02-09,0.9,0.0,37.5,cloudy
2018-02-10,1.05,0.2,34.7,cloudy
2018-02-11,2.7,8.1,71.3,stormy
2018-02-12,3.3,1.8,65.9,stormy
2018-02-13,2.65,1.3,31.9,cloudy
2018-02-14,1.8,0.0,43.3,cloudy
2018-02-15,2.85,7.2,48.0,rainy
2018-02-16,3.95,0.0,36.5,cloudy
2018-02-17,2.9000000000000004,0.0,23.8,cloudy
2018-02-18,2.3499999999999996,0.0,28.9,cloudy
2018-02-19,2.45,1.0,20.2,cloudy
2018-02-20,2.0,0.8,19.9,cloudy
2018-02-21,1.15,0.0,15.2,cloudy
2018-02-22,1.6500000000000001,0.0,23.2,cloudy
2018-02-23,0.7,0.0,23.0,cloudy
2018-02-24,-0.10000000000000003,0.1,32.0,cloudy
2018-02-25,-1.75,0.5,37.7,cloudy
2018-02-26,-2.05,0.0,37.2,cloudy
2018-02-27,-3.75,2.1,49.0,cloudy
2018-02-28,-4.5,2.0,51.1,stormy
2018-03-01,-3.15,0.8,51.0,stormy
2018-03-02,-2.1,0.1,45.0,cloudy
2018-03-03,-3.25,0.2,41.1,cloudy
2018-03-04,-2.3000000000000003,0.0,40.0,cloudy
2018-03-05,1.45,4.1,40.2,cloudy
2018-03-06,1.95,0.0,28.7,cloudy
2018-03-07,1.05,2.1,22.8,cloudy
2018-03-08,1.75,5.3,29.6,rainy
2018-03-09,1.8499999999999999,0.2,24.8,cloudy
2018-03-10,1.6,13.9,38.5,rainy
2018-03-11,4.65,5.0,37.6,cloudy
2018-03-12,2.85,2.1,31.0,cloudy
2018-03-13,2.3,0.7,28.3,cloudy
2018-03-14,1.85,0.0,30.2,cloudy
2018-03-15,1.6,0.0,48.9,cloudy
2018-03-16,-0.2,0.1,53.7,stormy
2018-03-17,-1.6500000000000001,0.8,60.5,stormy
2018-03-18,-0.7000000000000001,0.0,45.9,cloudy
2018-03-19,0.8,0.0,36.8,cloudy
2018-03-20,2.1,0.0,37.9,cloudy
2018-03-21,2.05,1.1,38.9,cloudy
2018-03-22,3.0,6.1,45.1,rainy
2018-03-23,2.5,1.5,25.7,cloudy
2018-03-24,2.1,0.5,22.7,cloudy
2018-03-25,1.85,0.0,18.2,cloudy
2018-03-26,1.4,0.2,18.8,cloudy
2018-03-27,2.4000000000000004,1.6,31.7,cloudy
2018-03-28,2.2,3.8,44.1,cloudy
2018-03-29,1.55,8.5,38.2,rainy
2018-03-30,1.9,0.1,37.8,cloudy
2018-03-31,1.95,0.2,41.9,cloudy
2018-04-01,2.0,0.0,38.1,cloudy
2018-04-02,3.0,3.7,32.2,cloudy
2018-04-03,4.8,10.1,34.6,rainy
2018-04-04,5.8,10.7,33.0,rainy
2018-04-05,4.7,2.5,50.0,cloudy
2018-04-06,5.2,0.0,36.7,cloudy
2018-04-07,7.9,0.0,37.5,cloudy
2018-04-08,7.05,0.0,24.3,cloudy
2018-04-09,6.4,0.1,27.7,cloudy
2018-04-10,7.65,0.0,49.1,cloudy
2018-04-11,6.8999999999999995,0.0,46.9,cloudy
2018-04-12,7.5,0.0,46.6,cloudy
2018-04-13,8.85,9.6,40.7,rainy
2018-04-14,6.5,6.7,27.4,rainy
2018-04-15,7.050000000000001,1.0,24.9,cloudy
2018-04-16,6.75,2.2,23.0,cloudy
2018-04-17,8.1,0.0,26.3,cloudy
2018-04-18,8.7,0.0,27.6,cloudy
2018-04-19,11.7,0.0,27.1,cloudy
2018-04-20,10.5,0.0,27.6,cloudy
2018-04-21,7.800000000000001,0.0,21.9,cloudy
2018-04-22,9.5,0.0,29.9,cloudy
2018-04-23,10.05,0.5,34.8,cloudy
2018-04-24,8.55,1.4,38.0,cloudy
2018-04-25,7.25,13.1,42.0,rainy
2018-04-26,8.0,0.7,36.4,cloudy
2018-04-27,8.5,2.6,36.9,cloudy
2018-04-28,9.25,1.6,23.0,cloudy
2018-04-29,9.3,2.1,30.0,cloudy
2018-04-30,10.0,19.5,42.9,rainy
2018-05-01,9.15,4.1,46.8,cloudy
2018-05-02,9.7,0.0,35.0,cloudy
2018-05-03,9.3,1.5,33.9,cloudy
2018-05-04,8.55,0.0,18.3,cloudy
2018-05-05,10.4,0.0,17.1,cloudy
2018-05-06,12.649999999999999,0.0,25.5,cloudy
2018-05-07,15.149999999999999,0.0,25.8,cloudy
2018-05-08,15.149999999999999,0.0,31.9,cloudy
2018-05-09,16.25,0.0,32.6,cloudy
2018-05-10,13.45,2.8,47.1,cloudy
2018-05-11,10.8,0.0,30.8,cloudy
2018-05-12,13.7,0.0,25.3,cloudy
2018-05-13,15.4,0.0,29.2,cloudy
2018-05-14,16.55,0.0,29.2,cloudy
2018-05-15,15.7,0.0,21.2,cloudy
2018-05-16,14.25,0.0,46.2,cloudy
2018-05-17,12.9,0.0,48.0,cloudy
2018-05-18,12.4,0.0,33.4,cloudy
2018-05-19,12.65,0.0,18.0,cloudy
2018-05-20,15.5,0.0,26.8,cloudy
2018-05-21,15.25,0.0,29.6,cloudy
2018-05-22,16.200000000000003,0.0,29.9,cloudy
2018-05-23,16.25,0.0,29.2,cloudy
2018-05-24,17.35,0.0,30.3,cloudy
2018-05-25,17.85,0.0,32.4,cloudy
2018-05-26,17.95,0.0,25.3,cloudy
2018-05-27,17.55,0.0,27.6,cloudy
2018-05-28,18.35,2.3,31.1,cloudy
2018-05-29,19.95,0.2,32.2,cloudy
2018-05-30,20.25,0.0,32.7,cloudy
2018-05-31,20.200000000000003,0.0,29.2,cloudy
2018-06-01,19.9,0.0,30.1,cloudy
2018-06-02,18.15,0.0,20.8,cloudy
2018-06-03,16.65,0.5,22.5,cloudy
2018-06-04,16.2,1.0,32.3,cloudy
2018-06-05,16.450000000000003,0.0,31.1,cloudy
2018-06-06,18.7,0.0,27.5,cloudy
2018-06-07,18.450000000000003,0.0,26.1,cloudy
2018-06-08,18.85,0.0,24.9,cloudy
2018-06-09,18.75,2.6,23.1,cloudy
2018-06-10,17.0,5.6,31.1,rainy
2018-06-11,15.600000000000001,0.5,42.8,cloudy
2018-06-12,15.5,1.7,44.3,cloudy
2018-06-13,14.8,0.4,41.3,cloudy
2018-06-14,16.5,4.2,50.8,stormy
2018-06-15,16.200000000000003,0.1,33.6,cloudy
2018-06-16,16.65,1.6,29.9,cloudy
2018-06-17,15.45,1.7,42.1,cloudy
2018-06-18,15.75,1.5,43.3,cloudy
2018-06-19,15.299999999999999,0.1,35.3,cloudy
2018-06-20,15.7,0.5,40.9,cloudy
2018-06-21,13.25,8.1,50.1,stormy
2018-06-22,13.2,3.7,61.6,stormy
2018-06-23,13.75,3.6,60.1,stormy
2018-06-24,14.05,1.4,43.1,cloudy
2018-06-25,14.149999999999999,0.2,40.8,cloudy
2018-06-26,13.8,0.0,29.2,cloudy
2018-06-27,14.9,0.0,17.1,cloudy
2018-06-28,15.5,0.0,30.6,cloudy
2018-06-29,17.4,0.0,28.0,cloudy
2018-06-30,17.55,0.0,22.0,cloudy
2018-07-01,17.0,0.0,21.7,cloudy
2018-07-02,16.9,0.0,31.2,cloudy
2018-07-03,15.85,0.0,26.0,cloudy
2018-07-04,16.15,0.6,24.0,cloudy
2018-07-05,15.899999999999999,1.4,39.0,cloudy
2018-07-06,15.45,0.1,45.6,cloudy
2018-07-07,15.100000000000001,0.0,46.4,cloudy
2018-07-08,14.95,0.0,37.5,cloudy
2018-07-09,15.149999999999999,0.7,51.6,stormy
2018-07-10,16.5,1.0,34.2,cloudy
2018-07-11,18.15,0.5,28.6,cloudy
2018-07-12,17.1,0.0,24.5,cloudy
2018-07-13,15.65,0.0,33.3,cloudy
2018-07-14,15.4,0.2,25.3,cloudy
2018-07-15,16.65,0.0,17.3,cloudy
2018-07-16,18.1,0.0,19.3,cloudy
2018-07-17,18.45,0.0,25.2,cloudy
2018-07-18,17.15,0.1,29.8,cloudy
2018-07-19,16.75,0.0,25.1,cloudy
2018-07-20,17.700000000000003,0.0,22.5,cloudy
2018-07-21,18.4,0.0,20.7,cloudy
2018-07-22,18.75,0.0,23.6,cloudy
2018-07-23,18.9,0.0,22.1,cloudy
2018-07-24,20.2,0.0,12.0,sunny
2018-07-25,20.25,0.0,27.3,cloudy
2018-07-26,23.0,0.0,24.6,cloudy
2018-07-27,23.950000000000003,0.0,34.2,cloudy
2018-07-28,23.05,3.1,35.9,cloudy
2018-07-29,21.9,0.1,31.9,cloudy
2018-07-30,22.15,0.3,25.6,cloudy
2018-07-31,21.4,0.0,29.3,cloudy
2018-08-01,19.6,0.0,18.0,cloudy
2018-08-02,20.4,0.0,15.1,sunny
2018-08-03,20.75,0.0,20.6,cloudy
2018-08-04,19.65,1.9,37.0,cloudy
2018-08-05,18.95,1.3,39.8,cloudy
2018-08-06,20.4,0.0,28.6,cloudy
2018-08-07,22.6,0.0,19.6,sunny
2018-08-08,21.5,0.2,47.7,cloudy
2018-08-09,20.5,7.1,48.2,rainy
2018-08-10,19.200000000000003,3.0,61.0,stormy
2018-08-11,17.200000000000003,15.5,50.6,stormy
2018-08-12,18.6,9.5,41.4,rainy
2018-08-13,19.5,3.7,25.3,cloudy
2018-08-14,18.85,2.4,32.0,cloudy
2018-08-15,18.85,1.6,29.6,cloudy
2018-08-16,19.45,1.3,40.7,cloudy
2018-08-17,18.6,0.5,31.5,cloudy
2018-08-18,18.6,0.6,44.9,cloudy
2018-08-19,19.15,1.9,44.6,cloudy
2018-08-20,18.15,0.3,36.9,cloudy
2018-08-21,17.9,0.0,22.1,cloudy
2018-08-22,19.25,0.0,28.1,cloudy
2018-08-23,18.65,6.3,38.5,rainy
2018-08-24,16.15,8.6,38.6,rainy
2018-08-25,14.75,19.4,36.7,rainy
2018-08-26,16.0,4.8,38.7,cloudy
2018-08-27,16.75,11.4,56.2,stormy
2018-08-28,17.4,0.1,34.0,cloudy
2018-08-29,18.2,0.3,24.3,cloudy
2018-08-30,17.15,7.0,43.5,rainy
2018-08-31,16.95,1.5,37.0,cloudy
2018-09-01,16.0,0.0,19.1,cloudy
2018-09-02,16.85,0.0,19.9,cloudy
2018-09-03,18.25,0.0,27.0,cloudy
2018-09-04,18.1,0.0,23.7,cloudy
2018-09-05,17.1,0.0,22.7,cloudy
2018-09-06,18.25,6.5,28.9,rainy
2018-09-07,15.9,28.1,45.9,rainy
2018-09-08,15.2,14.8,46.7,rainy
2018-09-09,17.700000000000003,14.0,51.5,stormy
2018-09-10,17.75,1.1,34.6,cloudy
2018-09-11,17.4,15.2,54.7,stormy
2018-09-12,16.05,3.5,43.3,cloudy
2018-09-13,15.799999999999999,0.2,35.5,cloudy
2018-09-14,15.95,2.3,40.5,cloudy
2018-09-15,14.9,6.6,37.5,rainy
2018-09-16,16.35,0.6,41.4,cloudy
2018-09-17,16.9,0.6,38.3,cloudy
2018-09-18,17.7,0.0,44.4,cloudy
2018-09-19,17.95,0.1,50.4,stormy
2018-09-20,16.450000000000003,8.4,46.7,rainy
2018-09-21,15.950000000000001,9.2,69.1,stormy
2018-09-22,13.55,6.2,55.3,stormy
2018-09-23,12.7,4.8,53.4,stormy
2018-09-24,11.55,8.4,58.7,stormy
2018-09-25,13.350000000000001,1.2,43.0,cloudy
2018-09-26,15.35,0.3,55.5,stormy
2018-09-27,14.7,0.2,44.4,cloudy
2018-09-28,12.7,0.2,45.2,cloudy
2018-09-29,13.2,0.5,41.6,cloudy
2018-09-30,13.2,0.2,41.2,cloudy
2018-10-01,11.25,4.4,48.3,cloudy
2018-10-02,12.25,6.0,74.4,stormy
2018-10-03,12.0,5.2,66.2,stormy
2018-10-04,13.2,1.6,32.0,cloudy
2018-10-05,13.7,0.9,32.3,cloudy
2018-10-06,11.350000000000001,5.4,47.1,rainy
2018-10-07,10.6,1.5,40.6,cloudy
2018-10-08,13.100000000000001,0.2,39.7,cloudy
2018-10-09,13.5,0.0,35.6,cloudy
2018-10-10,13.600000000000001,0.0,29.5,cloudy
2018-10-11,14.8,0.0,32.9,cloudy
2018-10-12,15.450000000000001,0.0,38.6,cloudy
2018-10-13,16.8,0.0,37.5,cloudy
2018-10-14,15.85,0.0,36.3,cloudy
2018-10-15,15.0,0.0,30.0,cloudy
2018-10-16,13.85,0.0,21.5,cloudy
2018-10-17,14.45,0.0,25.2,cloudy
2018-10-18,12.649999999999999,0.0,31.7,cloudy
2018-10-19,12.05,0.0,21.4,cloudy
2018-10-20,12.75,1.1,34.2,cloudy
2018-10-21,13.5,0.5,36.8,cloudy
2018-10-22,12.4,1.0,55.4,stormy
2018-10-23,12.6,5.4,68.6,stormy
2018-10-24,11.95,0.5,58.5,stormy
2018-10-25,11.899999999999999,0.3,54.0,stormy
2018-10-26,10.35,3.6,39.0,cloudy
2018-10-27,7.050000000000001,0.4,47.3,cloudy
2018-10-28,4.45,0.0,36.0,cloudy
2018-10-29,5.85,6.2,47.5,rainy
2018-10-30,8.65,6.2,49.9,rainy
2018-10-31,9.15,0.7,57.4,stormy
2018-11-01,9.6,2.5,30.1,cloudy
2018-11-02,9.9,5.3,46.2,rainy
2018-11-03,9.25,0.0,31.8,cloudy
2018-11-04,7.65,0.0,31.5,cloudy
2018-11-05,9.25,0.6,23.3,cloudy
2018-11-06,9.2,0.0,24.2,cloudy
2018-11-07,9.6,0.0,29.9,cloudy
2018-11-08,10.1,0.0,28.6,cloudy
2018-11-09,8.7,4.1,30.2,cloudy
2018-11-10,9.850000000000001,2.5,41.1,cloudy
2018-11-11,10.45,6.9,37.8,rainy
2018-11-12,10.100000000000001,3.4,35.0,cloudy
2018-11-13,10.2,2.6,46.0,cloudy
2018-11-14,10.4,0.5,36.1,cloudy
2018-11-15,9.15,0.0,28.3,cloudy
2018-11-16,7.75,0.0,29.5,cloudy
2018-11-17,5.800000000000001,0.0,31.2,cloudy
2018-11-18,6.050000000000001,0.1,33.6,cloudy
2018-11-19,6.15,0.1,45.4,cloudy
2018-11-20,6.15,3.2,46.9,cloudy
2018-11-21,5.85,0.5,45.3,cloudy
2018-11-22,4.1,0.0,38.1,cloudy
2018-11-23,3.0,0.0,27.7,cloudy
2018-11-24,3.95,1.8,26.1,cloudy
2018-11-25,4.300000000000001,0.8,33.6,cloudy
2018-11-26,3.5,0.0,31.9,cloudy
2018-11-27,2.5,0.0,31.2,cloudy
2018-11-28,2.8499999999999996,0.9,52.7,stormy
2018-11-29,6.25,16.7,50.7,stormy
2018-11-30,8.1,0.6,43.0,cloudy
2018-12-01,7.35,5.2,35.6,rainy
2018-12-02,7.550000000000001,7.1,38.9,rainy
2018-12-03,8.1,3.6,43.7,cloudy
2018-12-04,6.8,0.4,48.3,cloudy
2018-12-05,6.25,1.6,31.7,cloudy
2018-12-06,6.7,6.5,40.0,rainy
2018-12-07,8.0,11.4,52.1,stormy
2018-12-08,7.45,8.4,60.2,stormy
2018-12-09,7.35,3.5,56.9,stormy
2018-12-10,6.550000000000001,0.5,61.8,stormy
2018-12-11,5.5,0.0,51.9,stormy
2018-12-12,3.6500000000000004,0.0,23.2,cloudy
2018-12-13,2.6,0.0,31.7,cloudy
2018-12-14,2.1,0.3,27.4,cloudy
2018-12-15,0.75,0.0,43.1,cloudy
2018-12-16,0.30000000000000004,0.5,48.2,cloudy
2018-12-17,0.8999999999999999,0.5,27.9,cloudy
2018-12-18,3.65,0.1,35.3,cloudy
2018-12-19,4.1,0.9,40.1,cloudy
2018-12-20,4.25,2.0,29.8,cloudy
2018-12-21,4.85,7.6,29.2,rainy
2018-12-22,3.8,0.4,20.1,cloudy
2018-12-23,4.5,1.6,29.2,cloudy
2018-12-24,4.4,0.0,34.6,cloudy
2018-12-25,6.05,0.1,40.6,cloudy
2018-12-26,6.65,0.0,35.0,cloudy
2018-12-27,6.550000000000001,0.2,33.6,cloudy
2018-12-28,6.15,0.8,28.9,cloudy
2018-12-29,6.449999999999999,8.1,63.9,stormy
2018-12-30,5.85,0.0,54.6,stormy
2018-12-31,6.15,0.0,44.3,cloudy
2019-01-01,6.6,0.1,75.4,stormy
2019-01-02,5.25,0.0,63.0,stormy
2019-01-03,4.25,0.0,24.9,cloudy
2019-01-04,6.1,0.3,47.6,cloudy
2019-01-05,6.0,0.5,51.7,stormy
2019-01-06,5.550000000000001,0.1,33.4,cloudy
2019-01-07,6.300000000000001,3.0,49.3,cloudy
2019-01-08,5.75,3.0,63.4,stormy
2019-01-09,3.65,0.0,51.9,stormy
2019-01-10,4.0,1.5,27.1,cloudy
2019-01-11,6.050000000000001,0.1,50.2,stormy
2019-01-12,5.9,4.6,47.7,cloudy
2019-01-13,6.05,4.6,67.3,stormy
2019-01-14,3.65,1.2,70.8,stormy
2019-01-15,5.75,2.7,53.3,stormy
2019-01-16,6.1,7.0,53.1,stormy
2019-01-17,3.6,5.2,45.8,rainy
2019-01-18,3.75,0.2,35.7,cloudy
2019-01-19,3.8,0.0,25.1,cloudy
2019-01-20,2.95,0.0,23.3,cloudy
2019-01-21,4.35,2.1,34.7,cloudy
2019-01-22,2.65,0.1,40.1,cloudy
2019-01-23,-1.05,0.0,34.2,cloudy
2019-01-24,-2.85,0.0,22.4,cloudy
2019-01-25,-1.1,3.0,43.1,cloudy
2019-01-26,3.75,5.7,36.0,rainy
2019-01-27,4.55,8.3,38.9,rainy
2019-01-28,2.95,1.7,42.2,cloudy
2019-01-29,3.3,0.8,34.8,cloudy
2019-01-30,1.4,0.3,32.6,cloudy
2019-01-31,1.25,2.5,40.1,cloudy
2019-02-01,1.4,0.3,37.8,cloudy
2019-02-02,1.5,0.2,28.4,cloudy
2019-02-03,2.6,0.0,31.2,cloudy
2019-02-04,3.1,5.6,60.5,stormy
2019-02-05,3.9499999999999997,0.4,40.3,cloudy
2019-02-06,3.65,6.0,37.5,rainy
2019-02-07,4.4,8.5,60.9,stormy
2019-02-08,4.9,8.9,56.0,stormy
2019-02-09,5.5,8.7,66.0,stormy
2019-02-10,4.7,6.8,51.1,stormy
2019-02-11,4.45,0.0,50.8,stormy
2019-02-12,4.6,0.0,45.3,cloudy
2019-02-13,5.55,0.0,36.4,cloudy
2019-02-14,4.9,0.0,31.2,cloudy
2019-02-15,5.25,0.0,28.5,cloudy
2019-02-16,5.8,0.0,34.1,cloudy
2019-02-17,6.15,0.0,28.1,cloudy
2019-02-18,5.550000000000001,0.0,27.2,cloudy
2019-02-19,5.7,1.3,41.3,cloudy
2019-02-20,5.75,2.3,33.5,cloudy
2019-02-21,5.8,1.9,36.4,cloudy
2019-02-22,4.050000000000001,0.0,27.7,cloudy
2019-02-23,4.05,0.0,28.1,cloudy
2019-02-24,5.0,0.0,24.2,cloudy
2019-02-25,4.800000000000001,0.0,20.3,cloudy
2019-02-26,5.65,0.0,18.7,cloudy
2019-02-27,6.4,0.0,27.9,cloudy
2019-02-28,5.65,0.0,32.2,cloudy
2019-03-01,4.55,0.0,29.2,cloudy
2019-03-02,5.35,0.1,39.7,cloudy
2019-03-03,6.6,10.1,50.2,stormy
2019-03-04,6.7,15.1,72.0,stormy
2019-03-05,5.95,1.0,61.9,stormy
2019-03-06,6.25,13.2,41.9,rainy
2019-03-07,6.8,7.8,57.5,stormy
2019-03-08,5.45,1.4,55.2,stormy
2019-03-09,5.1,7.0,67.4,stormy
2019-03-10,5.65,0.1,65.0,stormy
2019-03-11,3.4,0.8,35.3,cloudy
2019-03-12,5.35,11.7,58.5,stormy
2019-03-13,5.15,5.6,60.9,stormy
2019-03-14,5.699999999999999,9.6,52.5,stormy
2019-03-15,6.65,6.2,67.8,stormy
2019-03-16,5.65,19.4,58.3,stormy
2019-03-17,6.35,3.2,63.5,stormy
2019-03-18,5.75,1.5,60.3,stormy
2019-03-19,5.65,0.0,43.0,cloudy
2019-03-20,6.25,0.4,35.6,cloudy
2019-03-21,6.7,0.0,35.2,cloudy
2019-03-22,6.199999999999999,0.2,24.7,cloudy
2019-03-23,6.0,0.0,25.4,cloudy
2019-03-24,6.0,0.7,43.8,cloudy
2019-03-25,6.0,3.1,46.4,cloudy
2019-03-26,6.300000000000001,0.9,45.2,cloudy
2019-03-27,6.9,0.2,36.4,cloudy
2019-03-28,6.449999999999999,0.0,24.7,cloudy
2019-03-29,7.15,0.0,27.2,cloudy
2019-03-30,7.5,0.0,30.1,cloudy
2019-03-31,6.0,0.0,39.5,cloudy
2019-04-01,5.6,0.0,33.4,cloudy
2019-04-02,7.699999999999999,2.9,36.1,cloudy
2019-04-03,8.7,0.7,31.9,cloudy
2019-04-04,7.45,3.2,23.2,cloudy
2019-04-05,8.8,0.0,21.2,cloudy
2019-04-06,9.9,0.4,25.2,cloudy
2019-04-07,9.75,0.0,23.9,cloudy
2019-04-08,7.75,0.7,34.9,cloudy
2019-04-09,6.25,0.0,32.0,cloudy
2019-04-10,4.55,0.2,29.8,cloudy
2019-04-11,4.6,1.5,28.3,cloudy
2019-04-12,4.05,3.4,25.6,cloudy
2019-04-13,4.550000000000001,0.3,37.2,cloudy
2019-04-14,5.5,0.1,33.2,cloudy
2019-04-15,6.0,0.0,33.5,cloudy
2019-04-16,6.3500000000000005,0.0,35.0,cloudy
2019-04-17,8.9,0.0,33.0,cloudy
2019-04-18,9.8,0.0,28.9,cloudy
2019-04-19,10.3,0.0,26.6,cloudy
2019-04-20,8.75,0.0,21.8,cloudy
2019-04-21,9.7,0.0,20.7,cloudy
2019-04-22,12.05,0.0,42.4,cloudy
2019-04-23,12.35,0.0,45.8,cloudy
2019-04-24,13.2,1.5,39.1,cloudy
2019-04-25,12.45,1.0,35.4,cloudy
2019-04-26,11.350000000000001,5.0,34.3,cloudy
2019-04-27,10.7,2.2,25.6,cloudy
2019-04-28,10.2,1.6,22.9,cloudy
2019-04-29,10.899999999999999,0.0,28.9,cloudy
2019-04-30,10.4,0.0,30.6,cloudy
2019-05-01,8.95,0.7,45.3,cloudy
2019-05-02,8.8,0.8,49.4,cloudy
2019-05-03,6.85,2.3,51.8,stormy
2019-05-04,6.85,0.8,44.1,cloudy
2019-05-05,7.8,0.8,41.2,cloudy
2019-05-06,7.15,3.0,42.8,cloudy
2019-05-07,7.0,1.0,40.1,cloudy
2019-05-08,8.2,5.6,36.0,rainy
2019-05-09,10.55,1.9,26.9,cloudy
2019-05-10,9.45,0.8,31.2,cloudy
2019-05-11,8.45,0.0,38.2,cloudy
2019-05-12,8.5,0.0,44.2,cloudy
2019-05-13,8.7,0.0,35.8,cloudy
2019-05-14,9.05,0.0,28.4,cloudy
2019-05-15,10.600000000000001,0.0,26.9,cloudy
2019-05-16,11.4,0.2,30.8,cloudy
2019-05-17,11.55,0.2,35.8,cloudy
2019-05-18,12.45,0.2,30.1,cloudy
2019-05-19,13.55,0.0,25.6,cloudy
2019-05-20,13.4,0.0,26.8,cloudy
2019-05-21,13.05,1.3,38.3,cloudy
2019-05-22,11.55,1.3,40.5,cloudy
2019-05-23,12.15,0.0,32.3,cloudy
2019-05-24,12.05,0.3,37.1,cloudy
2019-05-25,11.3,1.4,37.9,cloudy
2019-05-26,12.350000000000001,11.7,45.6,rainy
2019-05-27,11.95,1.0,42.1,cloudy
2019-05-28,10.4,0.1,34.5,cloudy
2019-05-29,10.8,0.0,31.5,cloudy
2019-05-30,13.149999999999999,5.2,45.1,rainy
2019-05-31,13.2,3.9,30.9,cloudy
2019-06-01,13.25,0.4,35.1,cloudy
2019-06-02,15.95,0.0,27.4,cloudy
2019-06-03,16.05,1.2,28.9,cloudy
2019-06-04,15.399999999999999,1.0,36.5,cloudy
2019-06-05,16.25,2.8,38.4,cloudy
2019-06-06,16.15,1.2,35.9,cloudy
2019-06-07,15.600000000000001,0.0,32.0,cloudy
2019-06-08,15.1,7.4,63.1,stormy
2019-06-09,14.05,0.7,62.1,stormy
2019-06-10,14.6,2.1,38.4,cloudy
2019-06-11,15.45,8.0,35.3,rainy
2019-06-12,15.8,10.0,35.4,rainy
2019-06-13,15.8,0.0,35.7,cloudy
2019-06-14,16.75,1.7,30.4,cloudy
2019-06-15,16.700000000000003,11.3,38.2,rainy
2019-06-16,15.5,0.0,35.3,cloudy
2019-06-17,17.35,0.0,30.6,cloudy
2019-06-18,17.35,0.0,32.4,cloudy
2019-06-19,19.4,0.5,25.3,cloudy
2019-06-20,16.45,1.1,31.0,cloudy
2019-06-21,15.25,1.0,29.1,cloudy
2019-06-22,15.6,0.0,23.7,cloudy
2019-06-23,17.6,0.0,30.0,cloudy
2019-06-24,19.0,0.0,34.3,cloudy
2019-06-25,21.0,0.0,31.1,cloudy
2019-06-26,17.8,0.1,44.1,cloudy
2019-06-27,15.0,0.1,46.1,cloudy
2019-06-28,15.100000000000001,0.0,33.7,cloudy
2019-06-29,17.0,0.0,19.5,cloudy
2019-06-30,18.75,0.0,38.2,cloudy
2019-07-01,16.6,3.8,47.8,cloudy
2019-07-02,14.25,1.6,50.8,stormy
2019-07-03,14.149999999999999,1.6,41.1,cloudy
2019-07-04,15.0,4.2,50.5,stormy
2019-07-05,15.149999999999999,1.8,42.7,cloudy
2019-07-06,15.15,3.6,50.7,stormy
2019-07-07,13.35,1.3,49.9,cloudy
2019-07-08,13.600000000000001,0.3,36.5,cloudy
2019-07-09,14.0,1.1,38.1,cloudy
2019-07-10,14.600000000000001,0.0,31.9,cloudy
2019-07-11,15.65,3.2,30.2,cloudy
2019-07-12,15.85,4.1,25.3,cloudy
2019-07-13,15.399999999999999,0.6,31.5,cloudy
2019-07-14,14.5,0.9,35.0,cloudy
2019-07-15,14.6,0.5,44.9,cloudy
2019-07-16,15.2,0.5,39.6,cloudy
2019-07-17,15.35,0.0,26.1,cloudy
2019-07-18,16.65,0.5,18.7,cloudy
2019-07-19,16.35,4.5,17.1,cloudy
2019-07-20,18.75,5.9,31.6,rainy
2019-07-21,16.8,0.3,37.2,cloudy
2019-07-22,16.9,9.2,37.3,rainy
2019-07-23,17.299999999999997,0.0,26.9,cloudy
2019-07-24,20.85,0.0,30.0,cloudy
2019-07-25,22.299999999999997,0.0,32.4,cloudy
2019-07-26,21.55,0.0,31.4,cloudy
2019-07-27,20.799999999999997,0.0,37.8,cloudy
2019-07-28,20.549999999999997,0.6,32.8,cloudy
2019-07-29,19.4,1.9,28.5,cloudy
2019-07-30,19.05,2.0,22.2,cloudy
2019-07-31,19.15,3.2,23.7,cloudy
2019-08-01,19.1,1.2,23.2,cloudy
2019-08-02,18.25,2.0,26.9,cloudy
2019-08-03,18.1,0.8,28.6,cloudy
2019-08-04,17.85,0.1,25.2,cloudy
2019-08-05,19.200000000000003,3.7,29.5,cloudy
2019-08-06,18.85,2.4,33.7,cloudy
2019-08-07,18.6,9.6,38.0,rainy
2019-08-08,18.1,12.8,46.9,rainy
2019-08-09,18.9,1.1,34.6,cloudy
2019-08-10,19.25,9.4,58.1,stormy
2019-08-11,18.4,1.5,57.3,stormy
2019-08-12,17.75,14.9,44.6,rainy
2019-08-13,15.55,5.5,28.9,rainy
2019-08-14,15.600000000000001,9.8,29.0,rainy
2019-08-15,17.0,11.3,38.0,rainy
2019-08-16,17.35,1.5,32.7,cloudy
2019-08-17,17.9,12.7,47.7,rainy
2019-08-18,17.55,2.0,34.8,cloudy
2019-08-19,17.450000000000003,2.2,40.2,cloudy
2019-08-20,16.45,8.3,32.9,rainy
2019-08-21,16.55,1.8,31.3,cloudy
2019-08-22,18.1,0.0,31.0,cloudy
2019-08-23,18.35,0.0,32.0,cloudy
2019-08-24,18.35,0.0,26.0,cloudy
2019-08-25,20.85,0.0,26.8,cloudy
2019-08-26,20.65,0.0,21.3,cloudy
2019-08-27,21.7,0.0,25.9,cloudy
2019-08-28,21.1,0.0,23.5,cloudy
2019-08-29,19.4,2.4,26.9,cloudy
2019-08-30,19.35,0.0,30.9,cloudy
2019-08-31,21.25,0.0,29.2,cloudy
2019-09-01,17.45,4.7,37.1,cloudy
2019-09-02,15.9,10.9,39.8,rainy
2019-09-03,17.25,17.8,53.0,stormy
2019-09-04,17.299999999999997,16.6,55.4,stormy
2019-09-05,15.4,8.4,54.1,stormy
2019-09-06,15.2,19.0,52.7,stormy
2019-09-07,15.75,2.9,31.4,cloudy
2019-09-08,14.8,0.2,18.8,cloudy
2019-09-09,14.9,0.0,15.5,cloudy
2019-09-10,15.75,4.5,35.3,cloudy
2019-09-11,16.6,12.1,58.0,stormy
2019-09-12,17.0,0.6,38.5,cloudy
2019-09-13,16.549999999999997,3.0,46.0,cloudy
2019-09-14,15.850000000000001,0.0,43.4,cloudy
2019-09-15,15.950000000000001,0.8,52.0,stormy
2019-09-16,14.65,0.0,47.8,cloudy
2019-09-17,13.25,5.1,62.3,stormy
2019-09-18,13.2,1.4,56.7,stormy
2019-09-19,13.3,0.0,43.5,cloudy
2019-09-20,14.3,0.2,24.7,cloudy
2019-09-21,14.149999999999999,0.0,18.2,cloudy
2019-09-22,15.5,0.0,31.0,cloudy
2019-09-23,15.149999999999999,0.1,31.7,cloudy
2019-09-24,15.6,1.4,24.3,cloudy
2019-09-25,14.8,2.4,24.3,cloudy
2019-09-26,14.55,8.1,38.9,rainy
2019-09-27,15.350000000000001,7.1,41.2,rainy
2019-09-28,14.85,18.2,51.0,stormy
2019-09-29,15.0,11.9,41.6,rainy
2019-09-30,13.8,3.4,52.5,stormy
2019-10-01,11.65,6.9,34.7,rainy
2019-10-02,11.6,4.4,51.6,stormy
2019-10-03,10.25,0.0,37.8,cloudy
2019-10-04,10.7,4.2,33.8,cloudy
2019-10-05,9.45,0.0,34.3,cloudy
2019-10-06,9.8,0.0,32.1,cloudy
2019-10-07,9.05,0.0,34.7,cloudy
2019-10-08,12.25,5.2,47.1,rainy
2019-10-09,12.5,8.5,38.7,rainy
2019-10-10,12.3,7.8,43.2,rainy
2019-10-11,13.8,29.5,61.7,stormy
2019-10-12,13.6,1.3,43.0,cloudy
2019-10-13,13.5,13.8,53.1,stormy
2019-10-14,13.4,7.1,54.6,stormy
2019-10-15,13.05,1.0,36.8,cloudy
2019-10-16,13.0,17.1,27.4,rainy
2019-10-17,13.05,11.0,30.4,rainy
2019-10-18,12.8,11.5,52.6,stormy
2019-10-19,12.85,10.6,52.4,stormy
2019-10-20,12.350000000000001,2.4,35.3,cloudy
2019-10-21,11.899999999999999,10.3,30.6,rainy
2019-10-22,12.7,1.4,32.6,cloudy
2019-10-23,12.3,0.0,29.5,cloudy
2019-10-24,13.25,0.3,42.8,cloudy
2019-10-25,13.25,3.2,58.0,stormy
2019-10-26,14.35,11.3,65.5,stormy
2019-10-27,11.5,2.8,56.2,stormy
2019-10-28,10.399999999999999,2.8,52.2,stormy
2019-10-29,8.2,0.0,22.3,cloudy
2019-10-30,8.0,0.0,19.7,cloudy
2019-10-31,7.7,0.0,26.1,cloudy
2019-11-01,5.5,0.7,35.2,cloudy
2019-11-02,9.8,11.6,41.1,rainy
2019-11-03,10.899999999999999,3.0,40.9,cloudy
2019-11-04,9.95,32.0,32.0,rainy
2019-11-05,7.699999999999999,10.4,35.1,rainy
2019-11-06,5.949999999999999,0.9,27.6,cloudy
2019-11-07,6.1,1.6,31.3,cloudy
2019-11-08,8.45,2.5,34.8,cloudy
2019-11-09,7.1499999999999995,0.0,23.4,cloudy
2019-11-10,7.7,1.8,33.2,cloudy
2019-11-11,7.95,1.1,47.7,cloudy
2019-11-12,7.25,8.2,51.1,stormy
2019-11-13,7.0,8.6,50.5,stormy
2019-11-14,7.65,0.3,28.9,cloudy
2019-11-15,7.6499999999999995,2.1,39.6,cloudy
2019-11-16,8.600000000000001,9.0,52.6,stormy
2019-11-17,7.550000000000001,1.5,53.0,stormy
2019-11-18,7.3,13.6,38.5,rainy
2019-11-19,7.4,12.6,38.0,rainy
2019-11-20,7.25,1.1,18.0,cloudy
2019-11-21,5.949999999999999,1.8,29.3,cloudy
2019-11-22,7.05,6.0,31.7,rainy
2019-11-23,7.25,0.0,37.5,cloudy
2019-11-24,6.6,0.3,40.3,cloudy
2019-11-25,6.15,0.1,26.2,cloudy
2019-11-26,6.85,3.3,32.0,cloudy
2019-11-27,8.2,7.8,32.1,rainy
2019-11-28,7.9,2.7,40.9,cloudy
2019-11-29,6.6,0.7,49.1,cloudy
2019-11-30,6.65,0.9,33.7,cloudy
2019-12-01,6.449999999999999,1.5,31.5,cloudy
2019-12-02,6.85,0.6,41.6,cloudy
2019-12-03,7.3500000000000005,0.8,34.2,cloudy
2019-12-04,8.0,0.0,33.9,cloudy
2019-12-05,7.8500000000000005,0.0,60.2,stormy
2019-12-06,8.45,7.8,62.1,stormy
2019-12-07,8.25,1.7,40.6,cloudy
2019-12-08,8.6,8.1,67.6,stormy
2019-12-09,7.45,7.8,57.5,stormy
2019-12-10,6.65,1.1,58.7,stormy
2019-12-11,7.15,1.6,62.8,stormy
2019-12-12,5.5,1.2,40.4,cloudy
2019-12-13,3.15,0.7,46.8,cloudy
2019-12-14,5.0,10.4,52.6,stormy
2019-12-15,6.0,6.1,78.1,stormy
2019-12-16,6.55,0.6,46.1,cloudy
2019-12-17,7.1,7.4,45.3,rainy
2019-12-18,6.65,1.4,36.2,cloudy
2019-12-19,6.949999999999999,0.2,37.2,cloudy
2019-12-20,7.5,2.5,39.8,cloudy
2019-12-21,6.8,0.9,36.2,cloudy
2019-12-22,5.3,0.5,27.7,cloudy
2019-12-23,6.15,1.1,34.1,cloudy
2019-12-24,6.15,2.3,34.6,cloudy
2019-12-25,5.949999999999999,0.5,27.7,cloudy
2019-12-26,4.9,0.0,27.9,cloudy
2019-12-27,2.8,0.0,25.7,cloudy
2019-12-28,3.4,0.0,36.7,cloudy
2019-12-29,5.5,0.0,39.9,cloudy
2019-12-30,7.25,0.5,43.3,cloudy
2019-12-31,6.85,0.1,44.2,cloudy
2020-01-01,5.25,0.0,34.5,cloudy
2020-01-02,4.85,0.4,47.5,cloudy
2020-01-03,6.65,3.2,50.6,stormy
2020-01-04,5.7,2.3,58.8,stormy
2020-01-05,6.3,0.9,41.1,cloudy
2020-01-06,5.699999999999999,0.9,38.2,cloudy
2020-01-07,5.65,0.8,53.2,stormy
2020-01-08,7.0,2.8,56.4,stormy
2020-01-09,6.7,9.3,48.5,rainy
2020-01-10,6.1,3.7,45.4,cloudy
2020-01-11,6.15,0.0,60.1,stormy
2020-01-12,6.9,20.6,55.6,stormy
2020-01-13,6.05,0.0,50.1,stormy
2020-01-14,7.65,10.3,66.3,stormy
2020-01-15,7.85,7.3,70.3,stormy
2020-01-16,6.949999999999999,0.0,44.6,cloudy
2020-01-17,7.35,1.9,42.3,cloudy
2020-01-18,6.35,3.9,48.5,cloudy
2020-01-19,6.300000000000001,0.5,42.6,cloudy
2020-01-20,6.4,0.0,32.2,cloudy
2020-01-21,6.4,0.1,34.3,cloudy
2020-01-22,5.7,0.0,32.7,cloudy
2020-01-23,5.6,1.0,33.0,cloudy
2020-01-24,6.1,1.3,31.4,cloudy
2020-01-25,5.4,0.2,32.6,cloudy
2020-01-26,4.4,0.2,38.0,cloudy
2020-01-27,5.65,2.7,43.3,cloudy
2020-01-28,5.300000000000001,5.4,45.8,rainy
2020-01-29,5.55,1.3,42.5,cloudy
2020-01-30,6.8,9.5,55.8,stormy
2020-01-31,7.45,5.2,51.7,stormy
2020-02-01,7.35,0.6,58.3,stormy
2020-02-02,5.95,0.1,47.1,cloudy
2020-02-03,6.25,2.7,42.9,cloudy
2020-02-04,5.5,1.4,40.7,cloudy
2020-02-05,5.15,0.0,37.2,cloudy
2020-02-06,6.35,0.0,34.0,cloudy
2020-02-07,5.55,0.2,36.1,cloudy
2020-02-08,5.449999999999999,1.9,36.3,cloudy
2020-02-09,7.4,21.2,87.7,stormy
2020-02-10,6.550000000000001,4.6,66.2,stormy
2020-02-11,5.0,8.1,66.6,stormy
2020-02-12,4.95,7.2,63.8,stormy
2020-02-13,4.4,3.4,45.0,cloudy
2020-02-14,4.35,0.0,40.7,cloudy
2020-02-15,6.949999999999999,12.9,62.7,stormy
2020-02-16,7.6499999999999995,14.8,75.5,stormy
2020-02-17,6.5,1.1,65.7,stormy
2020-02-18,6.1,3.8,55.5,stormy
2020-02-19,5.550000000000001,5.1,47.9,rainy
2020-02-20,6.4,11.6,56.5,stormy
2020-02-21,6.4,2.8,54.4,stormy
2020-02-22,7.05,6.7,71.2,stormy
2020-02-23,5.65,7.9,65.5,stormy
2020-02-24,5.05,9.5,48.5,rainy
2020-02-25,6.1,0.7,76.3,stormy
2020-02-26,3.8499999999999996,0.2,31.4,cloudy
2020-02-27,3.95,2.2,32.5,cloudy
2020-02-28,4.8,1.4,46.2,cloudy
2020-02-29,5.4,13.6,61.8,stormy
2020-03-01,5.65,2.9,63.9,stormy
2020-03-02,5.2,2.7,37.7,cloudy
2020-03-03,5.35,4.3,26.4,cloudy
2020-03-04,5.35,0.2,22.1,cloudy
2020-03-05,5.0,0.2,31.4,cloudy
2020-03-06,4.5,0.7,36.6,cloudy
2020-03-07,5.1,0.0,36.8,cloudy
2020-03-08,6.65,1.1,52.1,stormy
2020-03-09,5.949999999999999,2.8,32.9,cloudy
2020-03-10,6.45,12.1,51.3,stormy
2020-03-11,6.9,0.4,49.7,cloudy
2020-03-12,6.3,3.6,76.0,stormy
2020-03-13,6.05,1.5,53.9,stormy
2020-03-14,5.15,0.0,41.7,cloudy
2020-03-15,7.3,1.9,47.4,cloudy
2020-03-16,7.1,0.9,43.4,cloudy
2020-03-17,6.75,0.1,39.0,cloudy
2020-03-18,7.199999999999999,4.2,49.5,cloudy
2020-03-19,5.75,0.1,22.0,cloudy
2020-03-20,5.699999999999999,0.0,27.6,cloudy
2020-03-21,4.1,0.0,32.7,cloudy
2020-03-22,3.6500000000000004,0.0,35.3,cloudy
2020-03-23,4.05,0.0,37.1,cloudy
2020-03-24,5.300000000000001,0.0,40.3,cloudy
2020-03-25,5.5,0.0,36.8,cloudy
2020-03-26,5.15,0.0,25.0,cloudy
2020-03-27,5.8,0.0,23.3,cloudy
2020-03-28,5.300000000000001,0.0,47.9,cloudy
2020-03-29,3.65,0.0,52.5,stormy
2020-03-30,5.35,3.1,43.6,cloudy
2020-03-31,4.1,0.1,34.6,cloudy
2020-04-01,6.15,0.0,38.1,cloudy
2020-04-02,6.25,1.6,60.6,stormy
2020-04-03,5.15,0.6,58.6,stormy
2020-04-04,6.7,1.4,31.1,cloudy
2020-04-05,8.95,0.0,34.9,cloudy
2020-04-06,9.55,0.0,34.3,cloudy
2020-04-07,8.0,0.2,25.1,cloudy
2020-04-08,8.15,0.0,24.5,cloudy
2020-04-09,7.4,0.0,37.0,cloudy
2020-04-10,6.65,0.0,28.1,cloudy
2020-04-11,8.15,0.0,28.7,cloudy
2020-04-12,8.95,0.5,44.9,cloudy
2020-04-13,6.15,0.7,64.9,stormy
2020-04-14,6.4,0.2,42.9,cloudy
2020-04-15,7.45,0.0,44.8,cloudy
2020-04-16,7.55,0.0,34.8,cloudy
2020-04-17,7.8,0.0,28.7,cloudy
2020-04-18,8.2,0.0,27.7,cloudy
2020-04-19,8.5,0.0,30.9,cloudy
2020-04-20,9.399999999999999,0.0,26.4,cloudy
2020-04-21,10.25,0.0,35.1,cloudy
2020-04-22,10.35,0.0,30.3,cloudy
2020-04-23,9.25,0.0,22.7,cloudy
2020-04-24,9.149999999999999,0.0,48.3,cloudy
2020-04-25,8.8,0.0,35.6,cloudy
2020-04-26,8.2,0.4,20.9,cloudy
2020-04-27,8.95,1.2,29.0,cloudy
2020-04-28,8.75,0.0,23.8,cloudy
2020-04-29,9.2,2.0,27.9,cloudy
2020-04-30,9.55,13.4,36.3,rainy
2020-05-01,9.05,5.8,32.2,rainy
2020-05-02,8.6,0.8,26.2,cloudy
2020-05-03,8.85,0.0,25.1,cloudy
2020-05-04,8.45,0.1,42.3,cloudy
2020-05-05,8.65,0.5,37.5,cloudy
2020-05-06,8.6,0.0,41.7,cloudy
2020-05-07,9.3,0.0,39.5,cloudy
2020-05-08,9.8,0.0,26.1,cloudy
2020-05-09,11.0,0.3,10.7,partly_cloudy
2020-05-10,9.8,0.1,50.3,stormy
2020-05-11,7.4,1.0,48.3,cloudy
2020-05-12,7.65,2.2,43.1,cloudy
2020-05-13,6.95,5.3,41.8,rainy
2020-05-14,7.85,0.3,37.6,cloudy
2020-05-15,9.0,2.3,44.0,cloudy
2020-05-16,9.75,0.7,47.3,cloudy
2020-05-17,10.1,0.7,42.2,cloudy
2020-05-18,11.0,5.5,36.4,rainy
2020-05-19,11.15,0.1,31.7,cloudy
2020-05-20,10.75,0.0,13.4,partly_cloudy
2020-05-21,11.95,0.1,17.6,cloudy
2020-05-22,13.5,10.2,39.4,rainy
2020-05-23,12.6,0.1,39.2,cloudy
2020-05-24,12.25,2.8,50.1,stormy
2020-05-25,11.100000000000001,0.9,53.9,stormy
2020-05-26,11.05,0.0,19.8,cloudy
2020-05-27,11.95,0.0,39.5,cloudy
2020-05-28,11.1,0.0,37.0,cloudy
2020-05-29,11.65,0.0,27.4,cloudy
2020-05-30,13.85,0.0,25.2,cloudy
2020-05-31,15.05,0.0,25.1,cloudy
2020-06-01,16.25,0.0,21.1,cloudy
2020-06-02,15.3,0.0,18.4,cloudy
2020-06-03,16.05,0.0,31.5,cloudy
2020-06-04,13.65,17.3,40.9,rainy
2020-06-05,12.1,9.1,47.1,rainy
2020-06-06,11.8,6.6,43.2,rainy
2020-06-07,13.100000000000001,3.5,42.7,cloudy
2020-06-08,12.2,0.0,30.8,cloudy
2020-06-09,11.7,0.0,17.8,cloudy
2020-06-10,14.15,0.0,25.5,cloudy
2020-06-11,16.7,3.3,30.8,cloudy
2020-06-12,16.15,6.5,33.2,rainy
2020-06-13,17.2,3.2,35.3,cloudy
2020-06-14,17.15,0.2,33.4,cloudy
2020-06-15,16.5,0.0,28.5,cloudy
2020-06-16,16.55,0.0,19.1,cloudy
2020-06-17,18.05,0.0,22.9,cloudy
2020-06-18,18.6,0.0,22.7,cloudy
2020-06-19,17.25,9.9,27.2,rainy
2020-06-20,16.25,0.0,29.3,cloudy
2020-06-21,17.200000000000003,1.4,20.9,cloudy
2020-06-22,16.65,3.4,25.2,cloudy
2020-06-23,16.85,0.0,17.7,cloudy
2020-06-24,19.5,0.0,19.8,cloudy
2020-06-25,20.5,0.0,27.7,cloudy
2020-06-26,21.6,0.0,28.1,cloudy
2020-06-27,20.6,5.9,26.2,rainy
2020-06-28,18.4,0.9,42.3,cloudy
2020-06-29,16.6,6.2,51.5,stormy
2020-06-30,15.95,6.9,54.9,stormy
2020-07-01,16.75,4.2,42.2,cloudy
2020-07-02,15.95,1.7,28.3,cloudy
2020-07-03,16.0,7.6,53.2,stormy
2020-07-04,17.200000000000003,15.4,57.8,stormy
2020-07-05,16.8,6.3,61.1,stormy
2020-07-06,15.2,6.1,55.4,stormy
2020-07-07,14.0,4.3,47.5,cloudy
2020-07-08,13.8,0.8,33.2,cloudy
2020-07-09,14.15,0.0,24.1,cloudy
2020-07-10,13.7,3.8,41.6,cloudy
2020-07-11,14.25,0.3,39.0,cloudy
2020-07-12,14.7,0.4,32.7,cloudy
2020-07-13,15.5,0.0,27.8,cloudy
2020-07-14,15.899999999999999,8.0,35.3,rainy
2020-07-15,14.7,1.4,23.5,cloudy
2020-07-16,15.8,0.9,15.2,cloudy
2020-07-17,16.700000000000003,0.0,16.7,cloudy
2020-07-18,18.4,0.0,21.1,cloudy
2020-07-19,17.6,1.7,30.8,cloudy
2020-07-20,15.7,0.3,30.5,cloudy
2020-07-21,15.350000000000001,0.2,27.8,cloudy
2020-07-22,14.9,0.1,23.4,cloudy
2020-07-23,16.4,5.9,36.7,rainy
2020-07-24,16.95,3.4,37.5,cloudy
2020-07-25,17.15,2.6,28.7,cloudy
2020-07-26,17.7,16.5,42.1,rainy
2020-07-27,17.799999999999997,4.2,35.2,cloudy
2020-07-28,17.15,4.3,46.0,cloudy
2020-07-29,15.5,2.0,56.1,stormy
2020-07-30,15.8,0.6,44.5,cloudy
2020-07-31,16.9,0.0,21.4,cloudy
2020-08-01,19.1,0.0,28.7,cloudy
2020-08-02,17.1,0.3,33.8,cloudy
2020-08-03,16.05,0.3,26.2,cloudy
2020-08-04,16.0,0.0,26.8,cloudy
2020-08-05,18.2,0.1,42.8,cloudy
2020-08-06,19.05,0.0,26.8,cloudy
2020-08-07,20.549999999999997,0.0,20.5,cloudy
2020-08-08,19.9,0.0,20.6,cloudy
2020-08-09,21.049999999999997,0.0,28.2,cloudy
2020-08-10,22.35,0.0,23.5,cloudy
2020-08-11,22.25,0.0,30.7,cloudy
2020-08-12,22.0,0.0,30.3,cloudy
2020-08-13,21.85,0.0,29.0,cloudy
2020-08-14,20.9,0.0,25.4,cloudy
2020-08-15,20.6,0.0,26.7,cloudy
2020-08-16,22.5,0.0,23.8,cloudy
2020-08-17,22.5,0.0,28.7,cloudy
2020-08-18,20.0,7.6,25.3,rainy
2020-08-19,20.55,0.0,20.1,cloudy
2020-08-20,20.9,3.0,33.4,cloudy
2020-08-21,21.9,2.9,45.2,cloudy
2020-08-22,19.95,2.1,47.9,cloudy
2020-08-23,17.799999999999997,22.7,42.1,rainy
2020-08-24,16.5,5.6,29.6,rainy
2020-08-25,17.1,16.0,57.2,stormy
2020-08-26,17.75,34.1,56.9,stormy
2020-08-27,16.15,5.0,57.4,stormy
2020-08-28,16.5,14.6,37.7,rainy
2020-08-29,16.45,12.0,23.0,rainy
2020-08-30,16.35,1.1,37.5,cloudy
2020-08-31,16.35,0.0,25.8,cloudy
2020-09-01,16.4,0.0,24.7,cloudy
2020-09-02,16.65,0.1,23.0,cloudy
2020-09-03,17.1,7.0,50.0,rainy
2020-09-04,17.25,0.7,38.6,cloudy
2020-09-05,15.350000000000001,2.1,40.7,cloudy
2020-09-06,14.35,9.2,30.1,rainy
2020-09-07,16.200000000000003,0.7,45.6,cloudy
2020-09-08,17.700000000000003,2.6,47.1,cloudy
2020-09-09,17.2,3.1,43.6,cloudy
2020-09-10,15.4,0.1,44.4,cloudy
2020-09-11,15.8,0.5,40.1,cloudy
2020-09-12,16.35,0.9,49.1,cloudy
2020-09-13,17.15,0.1,45.7,cloudy
2020-09-14,17.299999999999997,0.0,30.7,cloudy
2020-09-15,18.0,0.0,16.2,cloudy
2020-09-16,16.25,0.0,45.1,cloudy
2020-09-17,13.8,0.0,32.1,cloudy
2020-09-18,13.5,0.0,22.7,cloudy
2020-09-19,14.45,0.0,16.1,cloudy
2020-09-20,13.45,0.0,18.4,cloudy
2020-09-21,13.45,0.0,13.6,partly_cloudy
2020-09-22,15.6,0.0,15.3,cloudy
2020-09-23,16.4,0.8,35.3,cloudy
2020-09-24,16.05,2.7,54.8,stormy
2020-09-25,14.399999999999999,2.0,33.2,cloudy
2020-09-26,14.05,1.3,46.0,cloudy
2020-09-27,16.6,0.6,41.9,cloudy
2020-09-28,15.05,2.1,27.7,cloudy
2020-09-29,14.45,1.9,31.2,cloudy
2020-09-30,15.05,0.3,31.0,cloudy
2020-10-01,14.899999999999999,0.0,37.7,cloudy
2020-10-02,14.8,0.3,39.2,cloudy
2020-10-03,15.45,2.3,48.6,cloudy
2020-10-04,13.6,7.0,41.4,rainy
2020-10-05,13.3,0.2,39.7,cloudy
2020-10-06,13.45,6.2,40.4,rainy
2020-10-07,13.55,6.2,31.3,rainy
2020-10-08,13.55,12.8,48.1,rainy
2020-10-09,12.7,3.7,39.0,cloudy
2020-10-10,10.7,8.1,40.1,rainy
2020-10-11,11.5,1.3,40.8,cloudy
2020-10-12,12.0,1.2,23.2,cloudy
2020-10-13,11.7,0.9,24.0,cloudy
2020-10-14,10.0,0.0,43.0,cloudy
2020-10-15,9.2,0.0,39.8,cloudy
2020-10-16,10.45,0.1,24.3,cloudy
2020-10-17,10.5,0.1,36.9,cloudy
2020-10-18,11.0,0.5,47.0,cloudy
2020-10-19,11.05,0.6,29.8,cloudy
2020-10-20,11.1,3.6,39.0,cloudy
2020-10-21,13.1,9.4,61.4,stormy
2020-10-22,13.100000000000001,1.6,54.9,stormy
2020-10-23,12.4,2.8,44.5,cloudy
2020-10-24,12.55,1.1,43.2,cloudy
2020-10-25,12.6,8.3,54.6,stormy
2020-10-26,11.3,3.4,38.8,cloudy
2020-10-27,10.850000000000001,8.2,49.1,rainy
2020-10-28,11.55,14.4,50.1,stormy
2020-10-29,10.8,9.2,38.0,rainy
2020-10-30,12.05,7.4,36.4,rainy
2020-10-31,11.8,1.8,40.8,cloudy
2020-11-01,12.1,2.9,48.0,cloudy
2020-11-02,13.399999999999999,3.3,62.2,stormy
2020-11-03,10.95,3.7,64.8,stormy
2020-11-04,10.65,5.7,61.6,stormy
2020-11-05,11.75,0.8,45.5,cloudy
2020-11-06,11.35,0.0,32.2,cloudy
2020-11-07,9.6,0.0,25.0,cloudy
2020-11-08,7.75,0.0,27.1,cloudy
2020-11-09,7.35,0.0,27.1,cloudy
2020-11-10,6.199999999999999,0.0,24.7,cloudy
2020-11-11,6.699999999999999,0.0,28.3,cloudy
2020-11-12,9.3,3.3,36.6,cloudy
2020-11-13,10.25,2.0,35.9,cloudy
2020-11-14,10.5,0.0,34.4,cloudy
2020-11-15,11.85,8.7,47.8,rainy
2020-11-16,10.45,4.9,58.8,stormy
2020-11-17,11.25,0.9,43.6,cloudy
2020-11-18,11.15,1.2,53.7,stormy
2020-11-19,9.350000000000001,4.1,61.2,stormy
2020-11-20,8.45,0.8,50.2,stormy
2020-11-21,9.55,8.0,57.4,stormy
2020-11-22,9.8,0.1,46.8,cloudy
2020-11-23,9.05,1.9,44.7,cloudy
2020-11-24,9.7,0.0,47.2,cloudy
2020-11-25,8.55,0.0,34.4,cloudy
2020-11-26,9.100000000000001,0.3,33.7,cloudy
2020-11-27,6.949999999999999,0.0,19.5,cloudy
2020-11-28,5.1,0.0,25.0,cloudy
2020-11-29,3.75,0.0,23.9,cloudy
2020-11-30,4.75,6.4,45.2,rainy
2020-12-01,6.45,1.5,30.9,cloudy
2020-12-02,5.0,0.3,35.8,cloudy
2020-12-03,4.55,2.9,43.0,cloudy
2020-12-04,3.5,1.0,44.8,cloudy
2020-12-05,4.6,4.4,35.1,cloudy
2020-12-06,5.4,4.8,32.6,cloudy
2020-12-07,6.5,2.1,44.7,cloudy
2020-12-08,5.300000000000001,0.1,32.7,cloudy
2020-12-09,4.7,0.2,26.8,cloudy
2020-12-10,3.55,2.1,30.5,cloudy
2020-12-11,2.95,0.4,40.5,cloudy
2020-12-12,3.65,0.5,37.4,cloudy
2020-12-13,4.35,0.5,30.5,cloudy
2020-12-14,6.699999999999999,6.1,41.8,rainy
2020-12-15,6.85,3.1,33.2,cloudy
2020-12-16,6.4,0.0,34.5,cloudy
2020-12-17,6.949999999999999,6.1,35.6,rainy
2020-12-18,7.1,0.4,39.3,cloudy
2020-12-19,7.0,0.7,38.4,cloudy
2020-12-20,7.5,0.4,35.6,cloudy
2020-12-21,6.65,2.8,42.4,cloudy
2020-12-22,7.5,5.1,43.8,rainy
2020-12-23,6.199999999999999,0.1,20.9,cloudy
2020-12-24,4.9,0.1,36.5,cloudy
2020-12-25,4.5,0.0,27.4,cloudy
2020-12-26,6.1,3.5,59.6,stormy
2020-12-27,4.95,15.5,75.2,stormy
2020-12-28,3.9000000000000004,5.4,46.2,rainy
2020-12-29,3.5999999999999996,2.4,24.7,cloudy
2020-12-30,5.35,12.4,35.0,rainy
2020-12-31,4.6,3.4,33.5,cloudy
2021-01-01,2.7,1.3,23.9,cloudy
2021-01-02,2.5999999999999996,0.0,27.9,cloudy
2021-01-03,2.55,0.1,37.7,cloudy
2021-01-04,1.95,0.0,40.2,cloudy
2021-01-05,2.15,0.0,32.3,cloudy
2021-01-06,1.4,2.3,36.5,cloudy
2021-01-07,1.65,5.0,28.3,cloudy
2021-01-08,1.4500000000000002,0.1,26.7,cloudy
2021-01-09,2.1,0.0,23.5,cloudy
2021-01-10,4.0,4.0,33.6,cloudy
2021-01-11,5.3,12.2,53.7,stormy
2021-01-12,4.65,1.9,53.3,stormy
2021-01-13,3.1500000000000004,1.6,61.4,stormy
2021-01-14,0.7000000000000001,0.0,44.9,cloudy
2021-01-15,0.10000000000000003,0.0,28.0,cloudy
2021-01-16,1.85,0.1,28.9,cloudy
2021-01-17,1.2,1.0,30.2,cloudy
2021-01-18,3.7,5.0,37.9,cloudy
2021-01-19,4.55,9.9,43.2,rainy
2021-01-20,6.199999999999999,12.4,56.5,stormy
2021-01-21,6.0,3.4,69.6,stormy
2021-01-22,4.8,1.3,55.7,stormy
2021-01-23,3.6,0.7,33.9,cloudy
2021-01-24,3.25,1.6,17.9,cloudy
2021-01-25,3.3,1.4,18.2,cloudy
2021-01-26,3.3499999999999996,0.0,29.7,cloudy
2021-01-27,3.3,2.1,32.5,cloudy
2021-01-28,1.0,0.0,29.9,cloudy
2021-01-29,0.0,1.6,40.3,cloudy
2021-01-30,1.0999999999999999,0.2,27.6,cloudy
2021-01-31,2.7,1.0,24.8,cloudy
2021-02-01,0.35000000000000003,0.0,24.6,cloudy
2021-02-02,-0.19999999999999996,0.4,24.1,cloudy
2021-02-03,0.19999999999999998,9.3,42.7,rainy
2021-02-04,-0.45000000000000007,1.8,38.3,cloudy
2021-02-05,0.15000000000000002,0.0,43.0,cloudy
2021-02-06,-1.35,0.0,45.2,cloudy
2021-02-07,-1.6500000000000001,0.2,51.8,stormy
2021-02-08,-1.75,0.2,54.1,stormy
2021-02-09,-1.85,0.3,45.3,cloudy
2021-02-10,-2.15,0.4,34.4,cloudy
2021-02-11,-3.5,0.0,32.0,cloudy
2021-02-12,-3.65,0.0,28.0,cloudy
2021-02-13,-2.45,0.0,10.3,partly_cloudy
2021-02-14,-0.3999999999999999,0.0,35.1,cloudy
2021-02-15,0.25,3.7,44.6,cloudy
2021-02-16,1.5,6.2,35.2,rainy
2021-02-17,2.95,4.9,31.7,cloudy
2021-02-18,4.5,4.3,41.2,cloudy
2021-02-19,3.35,1.9,35.6,cloudy
2021-02-20,4.95,0.0,37.5,cloudy
2021-02-21,4.4,0.0,37.3,cloudy
2021-02-22,4.65,0.0,32.8,cloudy
2021-02-23,4.55,0.0,34.0,cloudy
2021-02-24,6.050000000000001,0.0,41.6,cloudy
2021-02-25,5.25,0.0,38.4,cloudy
2021-02-26,3.85,0.0,34.4,cloudy
2021-02-27,3.65,0.0,32.6,cloudy
2021-02-28,3.85,0.0,21.9,cloudy
2021-03-01,2.75,0.0,18.6,cloudy
2021-03-02,2.35,0.0,17.9,cloudy
2021-03-03,2.5999999999999996,0.0,28.2,cloudy
2021-03-04,3.45,0.0,32.9,cloudy
2021-03-05,2.7,0.0,26.8,cloudy
2021-03-06,3.75,0.0,35.0,cloudy
2021-03-07,3.3499999999999996,0.0,36.9,cloudy
2021-03-08,1.8,0.0,24.4,cloudy
2021-03-09,1.75,0.0,24.3,cloudy
2021-03-10,3.3499999999999996,5.2,53.4,stormy
2021-03-11,5.199999999999999,22.7,64.1,stormy
2021-03-12,4.25,5.8,48.7,rainy
2021-03-13,3.5,9.0,47.2,rainy
2021-03-14,4.1,0.1,41.0,cloudy
2021-03-15,4.35,0.9,46.9,cloudy
2021-03-16,4.15,0.0,36.6,cloudy
2021-03-17,3.5999999999999996,0.0,24.4,cloudy
2021-03-18,3.5,0.0,31.8,cloudy
2021-03-19,2.75,0.0,29.8,cloudy
2021-03-20,3.55,0.6,42.9,cloudy
2021-03-21,5.0,0.0,55.2,stormy
2021-03-22,4.7,0.3,32.4,cloudy
2021-03-23,4.95,0.0,29.1,cloudy
2021-03-24,5.55,0.0,33.3,cloudy
2021-03-25,5.75,0.0,27.4,cloudy
2021-03-26,7.0,0.1,36.8,cloudy
2021-03-27,6.05,2.9,38.5,cloudy
2021-03-28,6.55,3.0,49.6,cloudy
2021-03-29,7.449999999999999,0.1,47.2,cloudy
2021-03-30,7.2,0.0,31.8,cloudy
2021-03-31,8.3,0.0,18.7,cloudy
2021-04-01,6.55,0.5,36.8,cloudy
2021-04-02,6.300000000000001,0.1,43.8,cloudy
2021-04-03,6.1,0.0,27.6,cloudy
2021-04-04,6.6,0.5,49.2,cloudy
2021-04-05,4.45,5.1,68.5,stormy
2021-04-06,3.5999999999999996,2.9,53.2,stormy
2021-04-07,4.6,1.1,57.9,stormy
2021-04-08,5.1,1.2,53.2,stormy
2021-04-09,5.6,1.3,53.5,stormy
2021-04-10,4.550000000000001,0.0,31.7,cloudy
2021-04-11,3.4499999999999997,8.6,43.3,rainy
2021-04-12,4.4,0.7,38.3,cloudy
2021-04-13,5.0,0.4,40.5,cloudy
2021-04-14,5.3,0.5,32.1,cloudy
2021-04-15,5.35,0.0,27.3,cloudy
2021-04-16,5.35,0.0,32.4,cloudy
2021-04-17,6.8999999999999995,0.0,26.3,cloudy
2021-04-18,8.350000000000001,0.3,19.6,cloudy
2021-04-19,8.7,0.0,20.3,cloudy
2021-04-20,8.0,0.0,25.8,cloudy
2021-04-21,7.3999999999999995,0.0,58.8,stormy
2021-04-22,6.95,1.3,60.4,stormy
2021-04-23,6.8,0.0,46.4,cloudy
2021-04-24,6.85,0.0,41.2,cloudy
2021-04-25,6.2,0.0,30.8,cloudy
2021-04-26,6.25,0.0,20.0,cloudy
2021-04-27,7.0,0.0,22.4,cloudy
2021-04-28,7.949999999999999,0.0,29.0,cloudy
2021-04-29,8.399999999999999,0.4,33.8,cloudy
2021-04-30,8.1,0.2,28.6,cloudy
2021-05-01,7.75,5.2,22.1,rainy
2021-05-02,7.25,1.4,37.7,cloudy
2021-05-03,7.35,2.9,40.0,cloudy
2021-05-04,8.25,11.1,56.7,stormy
2021-05-05,7.35,7.6,54.6,stormy
2021-05-06,6.550000000000001,8.0,54.6,stormy
2021-05-07,6.8,5.9,40.9,rainy
2021-05-08,8.600000000000001,7.5,39.5,rainy
2021-05-09,12.25,6.0,39.6,rainy
2021-05-10,12.3,2.5,45.6,cloudy
2021-05-11,11.05,2.6,23.4,cloudy
2021-05-12,10.1,0.1,21.3,cloudy
2021-05-13,9.1,2.1,26.3,cloudy
2021-05-14,9.05,2.3,29.4,cloudy
2021-05-15,9.1,1.9,30.7,cloudy
2021-05-16,10.100000000000001,0.6,20.5,cloudy
2021-05-17,8.9,0.1,15.3,cloudy
2021-05-18,9.35,0.4,21.1,cloudy
2021-05-19,9.5,0.0,24.9,cloudy
2021-05-20,10.149999999999999,1.3,28.9,cloudy
2021-05-21,11.15,9.3,48.1,rainy
2021-05-22,11.05,6.6,64.1,stormy
2021-05-23,10.15,1.1,52.0,stormy
2021-05-24,12.1,5.6,36.6,rainy
2021-05-25,10.65,9.7,34.9,rainy
2021-05-26,10.2,14.7,56.7,stormy
2021-05-27,11.100000000000001,1.2,35.7,cloudy
2021-05-28,10.85,0.8,30.3,cloudy
2021-05-29,10.35,0.0,22.5,cloudy
2021-05-30,11.05,0.0,22.7,cloudy
2021-05-31,10.600000000000001,0.0,20.3,cloudy
2021-06-01,13.35,0.0,22.0,cloudy
2021-06-02,13.75,0.2,33.6,cloudy
2021-06-03,16.25,5.5,39.8,rainy
2021-06-04,16.05,2.8,28.7,cloudy
2021-06-05,16.549999999999997,0.0,26.4,cloudy
2021-06-06,15.85,4.9,26.7,cloudy
2021-06-07,14.35,0.0,29.7,cloudy
2021-06-08,13.8,0.0,21.1,cloudy
2021-06-09,14.8,0.0,12.5,partly_cloudy
2021-06-10,15.45,0.0,15.0,cloudy
2021-06-11,16.0,0.4,32.9,cloudy
2021-06-12,15.05,1.1,48.1,cloudy
2021-06-13,14.7,0.2,51.2,stormy
2021-06-14,15.899999999999999,1.4,34.3,cloudy
2021-06-15,14.600000000000001,0.1,22.5,cloudy
2021-06-16,16.9,0.0,27.1,cloudy
2021-06-17,21.200000000000003,0.0,28.6,cloudy
2021-06-18,18.35,0.0,30.5,cloudy
2021-06-19,17.45,0.1,33.9,cloudy
2021-06-20,17.45,15.3,47.3,rainy
2021-06-21,15.0,7.7,41.2,rainy
2021-06-22,14.399999999999999,0.5,40.6,cloudy
2021-06-23,14.25,0.0,28.5,cloudy
2021-06-24,13.9,0.0,25.7,cloudy
2021-06-25,15.0,0.0,19.5,cloudy
2021-06-26,16.2,0.4,20.6,cloudy
2021-06-27,15.0,0.0,23.6,cloudy
2021-06-28,16.5,0.0,26.9,cloudy
2021-06-29,16.9,3.9,32.1,cloudy
2021-06-30,17.05,4.9,31.5,cloudy
2021-07-01,17.95,0.1,29.8,cloudy
2021-07-02,16.95,0.0,25.1,cloudy
2021-07-03,15.950000000000001,0.1,24.8,cloudy
2021-07-04,18.2,0.0,17.7,cloudy
2021-07-05,17.8,4.2,35.1,cloudy
2021-07-06,18.7,2.1,48.0,cloudy
2021-07-07,18.05,0.6,46.2,cloudy
2021-07-08,18.65,0.0,16.9,cloudy
2021-07-09,17.65,0.5,27.7,cloudy
2021-07-10,16.9,0.3,28.8,cloudy
2021-07-11,18.5,0.0,24.3,cloudy
2021-07-12,20.5,1.1,32.0,cloudy
2021-07-13,20.55,2.8,25.9,cloudy
2021-07-14,21.1,0.0,22.8,cloudy
2021-07-15,19.85,0.0,44.4,cloudy
2021-07-16,19.35,0.0,42.5,cloudy
2021-07-17,18.9,0.0,42.7,cloudy
2021-07-18,17.65,0.0,42.5,cloudy
2021-07-19,16.6,0.5,40.1,cloudy
2021-07-20,16.75,0.2,34.5,cloudy
2021-07-21,16.55,0.4,32.1,cloudy
2021-07-22,16.25,0.4,28.8,cloudy
2021-07-23,16.05,0.0,25.0,cloudy
2021-07-24,18.700000000000003,0.0,31.0,cloudy
2021-07-25,20.25,2.4,36.2,cloudy
2021-07-26,20.15,0.0,19.4,sunny
2021-07-27,19.2,1.8,37.2,cloudy
2021-07-28,18.15,15.5,42.9,rainy
2021-07-29,16.55,28.4,58.8,stormy
2021-07-30,17.549999999999997,5.9,52.6,stormy
2021-07-31,17.05,10.2,36.4,rainy
2021-08-01,16.4,0.7,35.7,cloudy
2021-08-02,16.200000000000003,1.2,38.1,cloudy
2021-08-03,15.9,0.1,28.0,cloudy
2021-08-04,16.4,0.4,18.3,cloudy
2021-08-05,17.9,0.9,28.8,cloudy
2021-08-06,18.950000000000003,13.6,40.4,rainy
2021-08-07,17.45,14.7,31.2,rainy
2021-08-08,17.35,7.7,47.1,rainy
2021-08-09,17.299999999999997,15.1,44.2,rainy
2021-08-10,16.950000000000003,4.3,35.8,cloudy
2021-08-11,17.75,0.3,22.0,cloudy
2021-08-12,18.8,0.0,23.4,cloudy
2021-08-13,18.25,0.5,42.4,cloudy
2021-08-14,18.15,2.5,42.3,cloudy
2021-08-15,16.85,7.9,42.8,rainy
2021-08-16,15.350000000000001,20.1,58.4,stormy
2021-08-17,16.4,7.6,49.3,rainy
2021-08-18,16.35,2.8,51.5,stormy
2021-08-19,16.25,0.9,46.6,cloudy
2021-08-20,16.0,0.1,23.9,cloudy
2021-08-21,16.35,0.0,18.9,cloudy
2021-08-22,17.3,0.0,27.0,cloudy
2021-08-23,16.6,0.0,30.1,cloudy
2021-08-24,15.700000000000001,0.0,22.9,cloudy
2021-08-25,16.75,1.5,50.7,stormy
2021-08-26,16.25,0.1,42.1,cloudy
2021-08-27,16.05,1.2,43.6,cloudy
2021-08-28,16.3,0.1,38.9,cloudy
2021-08-29,16.950000000000003,0.6,35.9,cloudy
2021-08-30,17.05,0.0,29.8,cloudy
2021-08-31,16.0,0.0,24.9,cloudy
2021-09-01,16.15,0.0,26.0,cloudy
2021-09-02,15.75,0.0,24.3,cloudy
2021-09-03,15.700000000000001,0.0,37.7,cloudy
2021-09-04,16.7,0.0,28.2,cloudy
2021-09-05,15.8,0.0,25.0,cloudy
2021-09-06,15.85,0.1,18.9,cloudy
2021-09-07,17.2,1.1,18.8,cloudy
2021-09-08,17.700000000000003,0.0,21.6,cloudy
2021-09-09,18.5,0.0,22.0,cloudy
2021-09-10,18.6,1.9,20.6,cloudy
2021-09-11,18.2,2.9,31.6,cloudy
2021-09-12,17.25,1.0,34.7,cloudy
2021-09-13,15.9,0.1,34.4,cloudy
2021-09-14,16.55,0.2,27.4,cloudy
2021-09-15,17.200000000000003,13.8,33.8,rainy
2021-09-16,16.6,2.2,36.9,cloudy
2021-09-17,14.75,0.0,34.4,cloudy
2021-09-18,15.75,0.3,28.0,cloudy
2021-09-19,14.100000000000001,0.0,28.5,cloudy
2021-09-20,13.4,0.0,27.2,cloudy
2021-09-21,15.25,1.8,36.2,cloudy
2021-09-22,16.35,0.0,39.2,cloudy
2021-09-23,15.85,1.5,65.3,stormy
2021-09-24,15.8,1.1,51.3,stormy
2021-09-25,16.200000000000003,0.1,34.9,cloudy
2021-09-26,16.3,0.0,21.9,cloudy
2021-09-27,16.7,1.3,42.5,cloudy
2021-09-28,15.850000000000001,0.4,30.8,cloudy
2021-09-29,13.85,4.8,33.1,cloudy
2021-09-30,13.25,23.3,68.9,stormy
2021-10-01,14.850000000000001,16.0,61.2,stormy
2021-10-02,14.8,5.0,42.7,cloudy
2021-10-03,15.3,24.6,55.8,stormy
2021-10-04,14.649999999999999,5.3,44.3,rainy
2021-10-05,13.399999999999999,0.0,36.8,cloudy
2021-10-06,13.100000000000001,1.0,32.4,cloudy
2021-10-07,12.350000000000001,0.0,18.3,cloudy
2021-10-08,12.95,0.0,20.3,cloudy
2021-10-09,12.7,0.0,25.0,cloudy
2021-10-10,12.600000000000001,0.4,30.9,cloudy
2021-10-11,12.65,1.8,48.4,cloudy
2021-10-12,11.5,1.9,44.5,cloudy
2021-10-13,12.600000000000001,0.9,35.9,cloudy
2021-10-14,13.4,0.2,46.0,cloudy
2021-10-15,12.15,11.1,48.7,rainy
2021-10-16,11.75,1.6,37.9,cloudy
2021-10-17,12.2,6.3,40.3,rainy
2021-10-18,13.2,1.2,31.1,cloudy
2021-10-19,14.0,5.9,47.6,rainy
2021-10-20,14.1,30.3,56.7,stormy
2021-10-21,11.05,7.6,61.8,stormy
2021-10-22,9.75,15.6,61.2,stormy
2021-10-23,11.45,0.5,58.5,stormy
2021-10-24,11.15,0.3,40.2,cloudy
2021-10-25,11.3,3.6,33.5,cloudy
2021-10-26,11.95,3.1,39.7,cloudy
2021-10-27,13.100000000000001,0.0,46.1,cloudy
2021-10-28,11.95,0.0,42.5,cloudy
2021-10-29,12.600000000000001,0.5,43.7,cloudy
2021-10-30,12.0,7.5,51.1,stormy
2021-10-31,12.05,4.4,49.0,cloudy
2021-11-01,11.649999999999999,4.7,50.0,cloudy
2021-11-02,10.35,1.5,38.5,cloudy
2021-11-03,8.8,0.2,22.6,cloudy
2021-11-04,8.149999999999999,0.9,36.6,cloudy
2021-11-05,10.55,1.0,37.9,cloudy
2021-11-06,11.5,8.1,52.9,stormy
2021-11-07,10.55,10.2,55.2,stormy
2021-11-08,9.899999999999999,2.0,33.8,cloudy
2021-11-09,9.95,0.6,42.7,cloudy
2021-11-10,10.65,1.3,40.3,cloudy
2021-11-11,10.2,0.4,27.4,cloudy
2021-11-12,9.35,0.9,38.2,cloudy
2021-11-13,8.05,1.9,33.8,cloudy
2021-11-14,8.15,0.1,24.1,cloudy
2021-11-15,7.6,0.3,20.1,cloudy
2021-11-16,6.4,0.5,24.8,cloudy
2021-11-17,9.1,3.5,44.9,cloudy
2021-11-18,10.8,6.1,48.3,rainy
2021-11-19,11.399999999999999,0.2,46.1,cloudy
2021-11-20,10.75,0.5,43.3,cloudy
2021-11-21,8.2,2.8,37.9,cloudy
2021-11-22,8.0,0.4,37.0,cloudy
2021-11-23,9.7,0.1,38.8,cloudy
2021-11-24,9.4,0.5,32.4,cloudy
2021-11-25,8.05,3.6,46.7,cloudy
2021-11-26,5.65,6.9,49.1,rainy
2021-11-27,4.4,2.9,38.1,cloudy
2021-11-28,2.85,0.1,25.0,cloudy
2021-11-29,4.25,1.0,38.5,cloudy
2021-11-30,7.4,3.8,71.2,stormy
2021-12-01,5.6000000000000005,14.1,72.9,stormy
2021-12-02,4.25,1.1,60.0,stormy
2021-12-03,6.35,13.5,52.6,stormy
2021-12-04,5.949999999999999,2.9,30.5,cloudy
2021-12-05,3.1999999999999997,11.9,45.1,rainy
2021-12-06,2.15,0.0,46.8,cloudy
2021-12-07,2.55,2.0,45.4,cloudy
2021-12-08,3.1,2.8,48.1,cloudy
2021-12-09,2.25,0.0,32.4,cloudy
2021-12-10,2.95,0.0,28.8,cloudy
2021-12-11,3.55,0.0,18.9,cloudy
2021-12-12,6.0,5.0,42.7,cloudy
2021-12-13,6.45,1.8,35.2,cloudy
2021-12-14,6.199999999999999,0.8,39.9,cloudy
2021-12-15,7.15,0.0,35.9,cloudy
2021-12-16,6.550000000000001,0.0,26.3,cloudy
2021-12-17,6.6,0.0,26.2,cloudy
2021-12-18,7.1,0.0,39.6,cloudy
2021-12-19,6.35,0.0,51.0,stormy
2021-12-20,4.45,0.0,22.5,cloudy
2021-12-21,4.35,0.2,23.1,cloudy
2021-12-22,4.3,1.3,30.0,cloudy
2021-12-23,4.25,8.7,31.3,rainy
2021-12-24,1.4,0.7,40.5,cloudy
2021-12-25,0.7999999999999998,0.0,21.5,cloudy
2021-12-26,0.95,0.2,34.3,cloudy
2021-12-27,-0.44999999999999996,0.3,41.4,cloudy
2021-12-28,2.1,0.4,29.9,cloudy
2021-12-29,2.75,1.5,32.8,cloudy
2021-12-30,5.9,1.2,39.0,cloudy
2021-12-31,7.45,6.6,50.7,stormy
2022-01-01,6.7,0.5,38.3,cloudy
2022-01-02,6.85,11.6,47.8,rainy
2022-01-03,6.9,3.5,50.1,stormy
2022-01-04,5.050000000000001,2.1,41.9,cloudy
2022-01-05,4.35,1.3,51.8,stormy
2022-01-06,4.1,0.1,41.4,cloudy
2022-01-07,4.5,3.7,57.0,stormy
2022-01-08,3.6500000000000004,4.4,45.2,cloudy
2022-01-09,2.75,10.5,42.5,rainy
2022-01-10,2.9000000000000004,0.0,22.3,cloudy
2022-01-11,4.2,1.7,36.0,cloudy
2022-01-12,5.0,0.0,33.1,cloudy
2022-01-13,6.1,0.0,40.4,cloudy
2022-01-14,5.75,0.0,44.7,cloudy
2022-01-15,4.3,0.1,28.1,cloudy
2022-01-16,5.1,0.4,50.4,stormy
2022-01-17,5.45,1.0,62.0,stormy
2022-01-18,5.6,0.0,30.2,cloudy
2022-01-19,5.050000000000001,1.0,56.5,stormy
2022-01-20,3.3,0.5,70.9,stormy
2022-01-21,4.7,0.4,46.4,cloudy
2022-01-22,5.449999999999999,0.8,36.9,cloudy
2022-01-23,5.25,0.0,27.7,cloudy
2022-01-24,4.85,0.1,26.3,cloudy
2022-01-25,5.1,0.2,28.1,cloudy
2022-01-26,5.2,0.5,44.4,cloudy
2022-01-27,5.95,1.8,61.6,stormy
2022-01-28,5.05,0.1,56.5,stormy
2022-01-29,6.9,4.5,78.4,stormy
2022-01-30,5.25,0.2,74.0,stormy
2022-01-31,3.5,2.6,44.5,cloudy
2022-02-01,5.65,6.5,60.8,stormy
2022-02-02,5.2,0.1,59.6,stormy
2022-02-03,5.699999999999999,6.3,36.4,rainy
2022-02-04,4.9,6.9,46.0,rainy
2022-02-05,5.1,6.1,60.5,stormy
2022-02-06,4.9,6.3,59.3,stormy
2022-02-07,4.9,0.3,56.2,stormy
2022-02-08,6.300000000000001,0.3,51.8,stormy
2022-02-09,6.1,5.4,47.4,rainy
2022-02-10,4.45,1.7,35.6,cloudy
2022-02-11,4.45,2.0,44.1,cloudy
2022-02-12,4.4,0.0,50.2,stormy
2022-02-13,5.2,0.5,48.7,cloudy
2022-02-14,6.75,0.9,51.4,stormy
2022-02-15,5.35,7.4,59.7,stormy
2022-02-16,6.699999999999999,13.2,68.8,stormy
2022-02-17,6.300000000000001,3.5,68.8,stormy
2022-02-18,5.2,14.4,63.9,stormy
2022-02-19,4.7,7.3,79.2,stormy
2022-02-20,4.8,14.0,63.9,stormy
2022-02-21,5.25,3.6,64.3,stormy
2022-02-22,5.8,5.7,53.5,stormy
2022-02-23,6.1,0.1,54.2,stormy
2022-02-24,4.1499999999999995,13.4,51.4,stormy
2022-02-25,5.0,1.8,56.8,stormy
2022-02-26,4.65,0.0,42.6,cloudy
2022-02-27,3.65,0.0,30.8,cloudy
2022-02-28,4.35,0.0,38.8,cloudy
2022-03-01,3.8,1.6,30.4,cloudy
2022-03-02,2.4,0.0,20.5,cloudy
2022-03-03,2.4,0.0,19.3,cloudy
2022-03-04,2.7,0.0,25.9,cloudy
2022-03-05,2.3,0.0,25.3,cloudy
2022-03-06,3.4499999999999997,0.0,23.5,cloudy
2022-03-07,2.5999999999999996,0.0,10.2,partly_cloudy
2022-03-08,3.65,0.0,23.5,cloudy
2022-03-09,4.75,0.0,29.4,cloudy
2022-03-10,5.3999999999999995,0.0,34.6,cloudy
2022-03-11,4.4,0.0,43.6,cloudy
2022-03-12,4.949999999999999,0.0,38.9,cloudy
2022-03-13,4.9,0.0,30.8,cloudy
2022-03-14,4.75,1.5,27.9,cloudy
2022-03-15,4.0,0.0,23.4,cloudy
2022-03-16,4.05,0.0,35.3,cloudy
2022-03-17,5.4,3.8,46.0,cloudy
2022-03-18,5.5,0.0,26.6,cloudy
2022-03-19,5.050000000000001,0.0,27.2,cloudy
2022-03-20,5.6,0.0,46.0,cloudy
2022-03-21,6.05,0.0,34.2,cloudy
2022-03-22,5.9,0.0,15.1,cloudy
2022-03-23,6.199999999999999,0.0,16.7,cloudy
2022-03-24,5.5,0.0,18.4,cloudy
2022-03-25,5.75,0.0,24.0,cloudy
2022-03-26,6.800000000000001,0.0,33.2,cloudy
2022-03-27,6.300000000000001,0.0,28.0,cloudy
2022-03-28,6.199999999999999,0.4,36.4,cloudy
2022-03-29,5.05,0.0,38.0,cloudy
2022-03-30,3.3,1.5,36.2,cloudy
2022-03-31,3.25,2.7,41.2,cloudy
2022-04-01,3.35,0.0,33.4,cloudy
2022-04-02,3.0,0.0,35.7,cloudy
2022-04-03,5.0,0.7,38.2,cloudy
2022-04-04,6.35,11.2,72.2,stormy
2022-04-05,4.85,0.9,53.4,stormy
2022-04-06,5.55,9.4,51.6,stormy
2022-04-07,6.2,4.8,51.9,stormy
2022-04-08,5.0,1.1,53.3,stormy
2022-04-09,5.199999999999999,3.3,53.5,stormy
2022-04-10,5.1,2.5,48.7,cloudy
2022-04-11,5.55,0.0,27.8,cloudy
2022-04-12,6.6499999999999995,0.2,37.7,cloudy
2022-04-13,8.15,0.1,33.8,cloudy
2022-04-14,6.949999999999999,0.0,30.5,cloudy
2022-04-15,7.4,0.0,31.4,cloudy
2022-04-16,6.55,0.0,21.4,cloudy
2022-04-17,7.1,0.0,22.2,cloudy
2022-04-18,8.600000000000001,0.0,21.1,cloudy
2022-04-19,8.95,0.0,25.1,cloudy
2022-04-20,9.45,0.0,21.4,cloudy
2022-04-21,9.9,0.0,25.5,cloudy
2022-04-22,10.55,0.0,31.4,cloudy
2022-04-23,9.95,0.0,31.9,cloudy
2022-04-24,9.65,0.0,37.9,cloudy
2022-04-25,8.7,0.0,34.6,cloudy
2022-04-26,8.15,0.0,23.6,cloudy
2022-04-27,8.45,0.0,24.0,cloudy
2022-04-28,8.35,0.0,34.9,cloudy
2022-04-29,8.55,0.0,37.2,cloudy
2022-04-30,8.600000000000001,0.0,29.4,cloudy
2022-05-01,8.8,0.0,17.4,cloudy
2022-05-02,9.2,0.3,33.6,cloudy
2022-05-03,9.100000000000001,0.0,33.0,cloudy
2022-05-04,8.65,0.0,19.7,cloudy
2022-05-05,9.7,0.3,23.0,cloudy
2022-05-06,10.5,0.3,21.9,cloudy
2022-05-07,9.899999999999999,0.6,38.4,cloudy
2022-05-08,9.95,0.0,37.1,cloudy
2022-05-09,12.100000000000001,0.0,23.7,cloudy
2022-05-10,12.8,4.4,42.0,cloudy
2022-05-11,11.850000000000001,7.6,34.6,rainy
2022-05-12,11.149999999999999,4.2,45.6,cloudy
2022-05-13,11.7,1.2,47.2,cloudy
2022-05-14,11.95,0.0,43.6,cloudy
2022-05-15,11.7,0.0,19.9,cloudy
2022-05-16,13.65,0.0,29.8,cloudy
2022-05-17,14.2,4.1,29.6,cloudy
2022-05-18,15.0,0.0,31.1,cloudy
2022-05-19,15.2,6.6,33.4,rainy
2022-05-20,11.9,4.6,32.2,cloudy
2022-05-21,11.85,3.2,42.2,cloudy
2022-05-22,13.05,0.0,28.8,cloudy
2022-05-23,15.549999999999999,0.0,40.0,cloudy
2022-05-24,14.05,4.9,44.0,cloudy
2022-05-25,12.95,5.6,49.1,rainy
2022-05-26,13.35,4.7,52.5,stormy
2022-05-27,11.65,10.8,64.6,stormy
2022-05-28,10.95,3.0,61.9,stormy
2022-05-29,11.5,0.5,46.4,cloudy
2022-05-30,10.35,0.4,26.6,cloudy
2022-05-31,11.65,0.0,14.9,partly_cloudy
2022-06-01,11.55,0.0,31.1,cloudy
2022-06-02,12.100000000000001,1.9,39.4,cloudy
2022-06-03,12.05,0.0,29.8,cloudy
2022-06-04,12.15,0.0,24.7,cloudy
2022-06-05,13.549999999999999,0.0,26.6,cloudy
2022-06-06,13.75,18.6,43.4,rainy
2022-06-07,12.65,17.7,59.5,stormy
2022-06-08,14.2,1.4,39.5,cloudy
2022-06-09,13.75,3.3,31.5,cloudy
2022-06-10,14.1,0.1,29.0,cloudy
2022-06-11,14.55,0.0,31.1,cloudy
2022-06-12,14.15,0.3,33.5,cloudy
2022-06-13,12.850000000000001,2.7,40.4,cloudy
2022-06-14,13.9,0.0,38.4,cloudy
2022-06-15,13.8,0.1,21.8,cloudy
2022-06-16,14.350000000000001,0.0,22.8,cloudy
2022-06-17,16.75,1.2,39.4,cloudy
2022-06-18,16.05,0.4,27.3,cloudy
2022-06-19,13.5,5.2,29.7,rainy
2022-06-20,13.75,4.4,34.6,cloudy
2022-06-21,14.6,0.0,30.8,cloudy
2022-06-22,14.8,0.0,25.0,cloudy
2022-06-23,16.75,0.0,27.2,cloudy
2022-06-24,19.3,0.5,32.5,cloudy
2022-06-25,17.75,0.0,24.4,cloudy
2022-06-26,17.6,0.0,30.3,cloudy
2022-06-27,15.8,13.4,34.7,rainy
2022-06-28,16.6,0.0,23.9,cloudy
2022-06-29,18.75,0.0,27.9,cloudy
2022-06-30,19.4,0.0,27.7,cloudy
2022-07-01,18.200000000000003,2.7,37.3,cloudy
2022-07-02,17.85,1.3,36.4,cloudy
2022-07-03,17.8,0.3,24.2,cloudy
2022-07-04,16.5,1.6,45.5,cloudy
2022-07-05,16.0,1.8,40.3,cloudy
2022-07-06,15.850000000000001,5.1,45.5,rainy
2022-07-07,16.45,1.3,54.0,stormy
2022-07-08,15.75,0.6,47.9,cloudy
2022-07-09,15.35,1.2,52.3,stormy
2022-07-10,14.75,0.2,51.6,stormy
2022-07-11,15.75,0.0,29.0,cloudy
2022-07-12,16.7,0.0,25.9,cloudy
2022-07-13,16.45,0.0,38.2,cloudy
2022-07-14,15.15,1.8,47.4,cloudy
2022-07-15,15.25,7.5,49.5,rainy
2022-07-16,14.75,0.4,48.2,cloudy
2022-07-17,16.1,0.0,35.9,cloudy
2022-07-18,17.549999999999997,0.0,30.8,cloudy
2022-07-19,19.85,0.0,31.0,cloudy
2022-07-20,20.25,0.0,30.4,cloudy
2022-07-21,17.35,6.3,34.5,rainy
2022-07-22,15.7,0.4,39.0,cloudy
2022-07-23,15.899999999999999,0.5,30.3,cloudy
2022-07-24,17.6,0.0,32.0,cloudy
2022-07-25,18.450000000000003,11.1,39.7,rainy
2022-07-26,16.55,1.4,46.6,cloudy
2022-07-27,15.0,0.3,47.8,cloudy
2022-07-28,15.45,0.0,29.3,cloudy
2022-07-29,15.65,0.0,23.6,cloudy
2022-07-30,16.75,1.5,21.1,cloudy
2022-07-31,17.35,15.8,20.9,rainy
2022-08-01,16.1,0.0,40.1,cloudy
2022-08-02,16.8,4.3,36.2,cloudy
2022-08-03,18.35,0.0,31.4,cloudy
2022-08-04,18.1,13.8,26.2,rainy
2022-08-05,16.35,1.1,32.6,cloudy
2022-08-06,16.25,0.3,34.0,cloudy
2022-08-07,16.65,1.5,29.1,cloudy
2022-08-08,16.85,0.4,25.6,cloudy
2022-08-09,17.0,0.0,15.9,cloudy
2022-08-10,17.15,0.0,16.6,cloudy
2022-08-11,18.85,0.0,15.5,cloudy
2022-08-12,20.25,0.0,16.3,sunny
2022-08-13,20.6,0.0,18.8,sunny
2022-08-14,22.5,0.7,31.2,cloudy
2022-08-15,21.799999999999997,2.1,32.0,cloudy
2022-08-16,20.7,0.0,25.3,cloudy
2022-08-17,20.25,2.4,34.0,cloudy
2022-08-18,19.1,1.8,32.5,cloudy
2022-08-19,18.6,0.1,22.0,cloudy
2022-08-20,18.5,0.3,25.9,cloudy
2022-08-21,19.549999999999997,0.7,40.5,cloudy
2022-08-22,18.950000000000003,0.0,20.6,cloudy
2022-08-23,20.6,0.0,33.6,cloudy
2022-08-24,20.950000000000003,0.0,30.7,cloudy
2022-08-25,21.1,0.0,29.6,cloudy
2022-08-26,19.700000000000003,1.2,37.0,cloudy
2022-08-27,17.85,0.0,39.8,cloudy
2022-08-28,18.15,0.6,40.2,cloudy
2022-08-29,18.15,0.0,33.1,cloudy
2022-08-30,17.05,0.0,27.3,cloudy
2022-08-31,17.1,0.0,27.1,cloudy
2022-09-01,17.15,0.0,23.8,cloudy
2022-09-02,17.05,0.0,32.3,cloudy
2022-09-03,17.9,0.0,35.3,cloudy
2022-09-04,18.3,0.0,32.7,cloudy
2022-09-05,18.549999999999997,0.0,35.8,cloudy
2022-09-06,17.85,0.1,38.2,cloudy
2022-09-07,16.85,1.6,35.1,cloudy
2022-09-08,17.0,19.7,41.6,rainy
2022-09-09,15.75,1.4,24.1,cloudy
2022-09-10,16.05,0.3,24.3,cloudy
2022-09-11,15.65,0.0,16.8,cloudy
2022-09-12,16.25,1.3,40.0,cloudy
2022-09-13,16.8,8.7,45.2,rainy
2022-09-14,15.649999999999999,1.5,44.4,cloudy
2022-09-15,14.8,1.9,51.0,stormy
2022-09-16,14.05,6.4,56.4,stormy
2022-09-17,13.6,15.9,58.0,stormy
2022-09-18,12.8,8.2,58.6,stormy
2022-09-19,13.75,2.1,35.2,cloudy
2022-09-20,13.35,0.0,27.2,cloudy
2022-09-21,12.75,0.0,16.9,cloudy
2022-09-22,12.95,0.0,23.9,cloudy
2022-09-23,13.9,0.7,25.4,cloudy
2022-09-24,13.6,5.4,27.1,rainy
2022-09-25,13.1,0.2,30.6,cloudy
2022-09-26,13.15,21.2,57.6,stormy
2022-09-27,12.0,1.6,29.1,cloudy
2022-09-28,11.5,0.4,17.1,cloudy
2022-09-29,12.3,6.6,35.5,rainy
2022-09-30,12.8,0.2,46.7,cloudy
2022-10-01,13.35,15.4,55.1,stormy
2022-10-02,13.600000000000001,1.4,41.7,cloudy
2022-10-03,13.899999999999999,0.2,40.7,cloudy
2022-10-04,14.45,0.1,41.4,cloudy
2022-10-05,15.15,1.9,58.0,stormy
2022-10-06,14.6,0.3,53.8,stormy
2022-10-07,14.2,0.9,50.8,stormy
2022-10-08,13.0,4.9,41.5,cloudy
2022-10-09,13.100000000000001,0.1,30.8,cloudy
2022-10-10,12.65,4.3,41.8,cloudy
2022-10-11,13.0,0.4,39.8,cloudy
2022-10-12,12.95,0.0,27.2,cloudy
2022-10-13,13.15,1.1,26.6,cloudy
2022-10-14,12.7,0.5,25.7,cloudy
2022-10-15,13.3,1.9,38.5,cloudy
2022-10-16,13.600000000000001,2.8,54.2,stormy
2022-10-17,13.149999999999999,1.2,35.9,cloudy
2022-10-18,13.6,0.0,37.7,cloudy
2022-10-19,11.0,0.0,32.2,cloudy
2022-10-20,10.1,2.9,38.7,cloudy
2022-10-21,12.1,0.6,35.0,cloudy
2022-10-22,13.05,0.5,29.5,cloudy
2022-10-23,13.15,3.9,33.5,cloudy
2022-10-24,13.95,3.4,55.5,stormy
2022-10-25,13.55,1.2,44.8,cloudy
2022-10-26,13.399999999999999,0.2,35.9,cloudy
2022-10-27,14.25,0.0,38.2,cloudy
2022-10-28,14.3,0.4,37.5,cloudy
2022-10-29,13.2,0.0,31.1,cloudy
2022-10-30,13.6,0.1,24.2,cloudy
2022-10-31,12.8,4.1,28.8,cloudy
2022-11-01,13.25,0.1,50.8,stormy
2022-11-02,12.399999999999999,10.5,56.3,stormy
2022-11-03,12.05,0.2,52.6,stormy
2022-11-04,11.4,3.8,56.7,stormy
2022-11-05,11.649999999999999,1.5,44.5,cloudy
2022-11-06,11.5,7.2,61.2,stormy
2022-11-07,11.95,8.1,58.7,stormy
2022-11-08,12.65,1.8,43.6,cloudy
2022-11-09,12.149999999999999,4.3,47.4,cloudy
2022-11-10,12.25,0.0,45.6,cloudy
2022-11-11,13.100000000000001,0.0,46.2,cloudy
2022-11-12,11.75,0.0,36.3,cloudy
2022-11-13,9.7,0.0,35.2,cloudy
2022-11-14,9.3,0.0,37.9,cloudy
2022-11-15,9.4,0.7,44.8,cloudy
2022-11-16,8.55,4.2,54.4,stormy
2022-11-17,6.449999999999999,0.5,66.8,stormy
2022-11-18,5.800000000000001,0.9,54.4,stormy
2022-11-19,3.9,0.3,35.8,cloudy
2022-11-20,2.75,0.3,31.6,cloudy
2022-11-21,3.55,9.8,32.9,rainy
2022-11-22,2.55,1.3,42.7,cloudy
2022-11-23,5.35,0.6,41.2,cloudy
2022-11-24,7.6,1.7,40.4,cloudy
2022-11-25,7.4,4.5,34.1,cloudy
2022-11-26,8.2,0.5,28.8,cloudy
2022-11-27,6.5,3.8,36.7,cloudy
2022-11-28,6.0,10.0,42.9,rainy
2022-11-29,5.4,4.4,30.6,cloudy
2022-11-30,5.2,0.1,26.1,cloudy
2022-12-01,4.95,0.9,28.4,cloudy
2022-12-02,4.6,0.0,34.7,cloudy
2022-12-03,3.5999999999999996,0.9,37.5,cloudy
2022-12-04,3.9000000000000004,0.3,36.8,cloudy
2022-12-05,4.449999999999999,0.0,39.8,cloudy
2022-12-06,4.6,0.6,27.9,cloudy
2022-12-07,4.0,1.4,44.3,cloudy
2022-12-08,1.95,0.1,32.1,cloudy
2022-12-09,4.5,2.7,38.9,cloudy
2022-12-10,1.35,0.0,34.3,cloudy
2022-12-11,-1.0,0.0,28.2,cloudy
2022-12-12,0.0,1.2,24.9,cloudy
2022-12-13,2.3,2.7,42.6,cloudy
2022-12-14,3.55,11.0,43.2,rainy
2022-12-15,1.1500000000000001,0.0,32.1,cloudy
2022-12-16,0.0,0.0,26.0,cloudy
2022-12-17,3.15,0.0,45.3,cloudy
2022-12-18,1.15,0.1,46.4,cloudy
2022-12-19,3.5,9.5,45.7,rainy
2022-12-20,6.65,4.7,47.6,cloudy
2022-12-21,5.15,1.0,39.4,cloudy
2022-12-22,5.9,0.1,35.3,cloudy
2022-12-23,3.8499999999999996,0.0,23.9,cloudy
2022-12-24,3.85,1.4,26.6,cloudy
2022-12-25,4.85,0.4,34.9,cloudy
2022-12-26,5.1,2.9,52.7,stormy
2022-12-27,4.85,4.5,45.3,cloudy
2022-12-28,6.050000000000001,13.6,57.3,stormy
2022-12-29,6.65,5.8,54.9,stormy
2022-12-30,6.949999999999999,2.6,57.9,stormy
2022-12-31,7.3,11.1,48.1,rainy
2023-01-01,7.5,3.1,58.4,stormy
2023-01-02,5.9,8.4,39.4,rainy
2023-01-03,6.05,2.4,41.1,cloudy
2023-01-04,7.550000000000001,26.0,56.2,stormy
2023-01-05,6.0,0.1,57.8,stormy
2023-01-06,6.6,10.5,49.6,rainy
2023-01-07,7.15,2.6,43.0,cloudy
2023-01-08,7.25,0.5,42.8,cloudy
2023-01-09,6.6,3.2,36.7,cloudy
2023-01-10,6.6,5.0,58.6,stormy
2023-01-11,7.35,4.3,58.2,stormy
2023-01-12,7.3,14.0,48.9,rainy
2023-01-13,7.6,6.2,60.2,stormy
2023-01-14,6.8,10.2,54.1,stormy
2023-01-15,6.05,2.5,71.8,stormy
2023-01-16,5.0,5.9,41.5,rainy
2023-01-17,3.75,6.4,54.0,stormy
2023-01-18,4.0,3.1,50.0,cloudy
2023-01-19,4.45,7.1,48.8,rainy
2023-01-20,2.0,1.6,21.4,cloudy
2023-01-21,1.7000000000000002,0.0,27.4,cloudy
2023-01-22,0.8500000000000001,0.0,30.3,cloudy
2023-01-23,1.45,0.0,24.1,cloudy
2023-01-24,2.75,0.0,21.5,cloudy
2023-01-25,3.5,1.9,32.3,cloudy
2023-01-26,3.95,0.3,31.3,cloudy
2023-01-27,1.8499999999999999,0.0,33.4,cloudy
2023-01-28,3.4499999999999997,0.3,27.4,cloudy
2023-01-29,5.4,0.3,52.3,stormy
2023-01-30,5.3,7.6,59.8,stormy
2023-01-31,5.800000000000001,5.2,57.4,stormy
2023-02-01,5.050000000000001,5.1,65.8,stormy
2023-02-02,5.0,5.7,47.1,rainy
2023-02-03,5.45,2.7,58.0,stormy
2023-02-04,2.55,0.0,27.0,cloudy
2023-02-05,3.9499999999999997,2.0,34.5,cloudy
2023-02-06,4.1,0.0,28.1,cloudy
2023-02-07,4.0,0.0,26.8,cloudy
2023-02-08,3.8,0.0,39.0,cloudy
2023-02-09,4.8,0.1,41.7,cloudy
2023-02-10,5.65,0.2,46.4,cloudy
2023-02-11,6.1,0.0,45.4,cloudy
2023-02-12,5.300000000000001,0.0,25.3,cloudy
2023-02-13,5.0,0.0,23.0,cloudy
2023-02-14,4.35,0.0,23.3,cloudy
2023-02-15,4.55,0.0,27.4,cloudy
2023-02-16,5.65,1.9,33.6,cloudy
2023-02-17,7.050000000000001,5.9,66.6,stormy
2023-02-18,5.0,3.8,56.4,stormy
2023-02-19,5.0,0.5,42.5,cloudy
2023-02-20,6.5,1.9,56.2,stormy
2023-02-21,5.75,0.0,40.6,cloudy
2023-02-22,6.3,0.8,23.9,cloudy
2023-02-23,5.7,0.0,37.7,cloudy
2023-02-24,5.1,5.6,58.8,stormy
2023-02-25,3.1999999999999997,0.4,50.1,stormy
2023-02-26,3.5,0.0,33.9,cloudy
2023-02-27,4.25,0.0,24.7,cloudy
2023-02-28,3.1500000000000004,0.0,16.0,cloudy
2023-03-01,2.9,0.0,19.8,cloudy
2023-03-02,3.4,0.0,26.3,cloudy
2023-03-03,5.2,0.0,43.6,cloudy
2023-03-04,4.8,0.1,53.5,stormy
2023-03-05,3.3,0.4,50.4,stormy
2023-03-06,3.6,1.1,57.0,stormy
2023-03-07,3.35,1.5,72.5,stormy
2023-03-08,1.75,0.7,27.3,cloudy
2023-03-09,1.45,0.0,16.4,cloudy
2023-03-10,1.8,2.6,33.5,cloudy
2023-03-11,2.4,2.3,39.3,cloudy
2023-03-12,4.0,2.7,44.7,cloudy
2023-03-13,6.75,8.5,70.0,stormy
2023-03-14,4.6,10.6,59.8,stormy
2023-03-15,4.0,2.2,46.2,cloudy
2023-03-16,4.8,3.9,52.0,stormy
2023-03-17,5.8,3.9,40.7,cloudy
2023-03-18,6.199999999999999,0.6,18.4,cloudy
2023-03-19,5.75,0.4,24.0,cloudy
2023-03-20,5.15,1.4,28.4,cloudy
2023-03-21,5.1,3.7,33.5,cloudy
2023-03-22,6.0,7.5,50.3,stormy
2023-03-23,5.7,6.5,49.2,rainy
2023-03-24,6.25,6.5,47.4,rainy
2023-03-25,6.55,0.8,44.0,cloudy
2023-03-26,5.45,0.0,43.5,cloudy
2023-03-27,3.9,2.9,59.2,stormy
2023-03-28,5.1,1.3,39.5,cloudy
2023-03-29,6.0,6.9,41.8,rainy
2023-03-30,7.7,8.2,41.8,rainy
2023-03-31,7.300000000000001,4.4,30.7,cloudy
2023-04-01,6.1,3.5,47.6,cloudy
2023-04-02,4.9,0.0,29.1,cloudy
2023-04-03,4.6,0.0,23.8,cloudy
2023-04-04,4.2,0.0,22.5,cloudy
2023-04-05,4.5,0.0,22.0,cloudy
2023-04-06,6.300000000000001,0.0,34.9,cloudy
2023-04-07,6.3,0.0,30.8,cloudy
2023-04-08,7.550000000000001,0.0,19.2,cloudy
2023-04-09,6.35,0.0,21.3,cloudy
2023-04-10,9.2,5.6,46.5,rainy
2023-04-11,7.5,1.4,38.7,cloudy
2023-04-12,7.2,8.5,41.1,rainy
2023-04-13,7.4,2.8,48.2,cloudy
2023-04-14,7.95,0.0,27.2,cloudy
2023-04-15,8.6,2.0,32.5,cloudy
2023-04-16,8.5,0.8,22.0,cloudy
2023-04-17,8.85,0.0,25.9,cloudy
2023-04-18,8.55,0.0,28.2,cloudy
2023-04-19,9.15,0.0,32.4,cloudy
2023-04-20,10.100000000000001,0.0,37.3,cloudy
2023-04-21,11.4,0.0,33.5,cloudy
2023-04-22,11.95,3.5,41.2,cloudy
2023-04-23,9.649999999999999,0.2,26.8,cloudy
2023-04-24,9.15,16.0,43.8,rainy
2023-04-25,7.1,2.3,52.6,stormy
2023-04-26,6.65,1.4,49.5,cloudy
2023-04-27,7.15,0.2,37.7,cloudy
2023-04-28,7.65,1.6,25.2,cloudy
2023-04-29,7.800000000000001,0.0,35.8,cloudy
2023-04-30,7.6499999999999995,0.0,33.9,cloudy
2023-05-01,8.75,0.5,34.4,cloudy
2023-05-02,7.6,0.0,43.3,cloudy
2023-05-03,7.8500000000000005,0.0,31.3,cloudy
2023-05-04,8.55,0.0,28.4,cloudy
2023-05-05,8.65,4.3,51.7,stormy
2023-05-06,8.2,7.2,42.9,rainy
2023-05-07,10.100000000000001,0.0,37.3,cloudy
2023-05-08,11.25,0.6,33.1,cloudy
2023-05-09,13.0,0.2,32.9,cloudy
2023-05-10,11.65,2.1,32.8,cloudy
2023-05-11,11.45,0.5,21.4,cloudy
2023-05-12,13.75,0.0,27.2,cloudy
2023-05-13,12.399999999999999,0.0,25.2,cloudy
2023-05-14,12.95,0.0,17.3,cloudy
2023-05-15,11.3,0.0,43.1,cloudy
2023-05-16,10.05,1.3,50.1,stormy
2023-05-17,8.75,0.2,53.0,stormy
2023-05-18,9.7,0.0,28.3,cloudy
2023-05-19,11.5,0.0,23.6,cloudy
2023-05-20,12.4,0.0,29.6,cloudy
2023-05-21,14.25,0.0,29.9,cloudy
2023-05-22,15.55,13.5,34.1,rainy
2023-05-23,12.25,3.5,58.2,stormy
2023-05-24,11.05,0.2,53.1,stormy
2023-05-25,11.1,0.0,44.7,cloudy
2023-05-26,10.9,0.0,40.2,cloudy
2023-05-27,10.4,0.0,27.5,cloudy
2023-05-28,11.350000000000001,0.0,36.6,cloudy
2023-05-29,10.85,0.0,45.8,cloudy
2023-05-30,12.15,0.5,41.0,cloudy
2023-05-31,11.55,0.0,46.0,cloudy
2023-06-01,12.05,0.0,44.9,cloudy
2023-06-02,13.3,0.0,31.3,cloudy
2023-06-03,12.7,0.0,24.1,cloudy
2023-06-04,11.2,0.1,23.4,cloudy
2023-06-05,11.45,0.0,22.7,cloudy
2023-06-06,11.6,0.0,23.3,cloudy
2023-06-07,12.05,0.0,24.2,cloudy
2023-06-08,12.3,0.0,34.8,cloudy
2023-06-09,14.0,0.0,25.7,cloudy
2023-06-10,16.2,0.0,35.2,cloudy
2023-06-11,17.0,0.0,36.4,cloudy
2023-06-12,17.0,0.0,28.0,cloudy
2023-06-13,16.549999999999997,0.0,27.7,cloudy
2023-06-14,15.95,0.0,28.8,cloudy
2023-06-15,16.4,0.1,27.8,cloudy
2023-06-16,15.899999999999999,0.0,27.6,cloudy
2023-06-17,15.5,0.0,22.6,cloudy
2023-06-18,16.05,0.0,17.4,cloudy
2023-06-19,17.8,0.2,32.2,cloudy
2023-06-20,18.85,0.0,26.4,cloudy
2023-06-21,17.9,1.5,32.1,cloudy
2023-06-22,17.3,0.0,23.6,cloudy
2023-06-23,17.200000000000003,0.0,29.7,cloudy
2023-06-24,17.0,0.0,28.5,cloudy
2023-06-25,19.1,0.0,25.9,cloudy
2023-06-26,18.95,6.0,47.6,rainy
2023-06-27,16.95,2.1,41.2,cloudy
2023-06-28,17.5,0.5,35.2,cloudy
2023-06-29,17.85,3.7,35.6,cloudy
2023-06-30,16.55,0.2,32.0,cloudy
2023-07-01,16.75,9.4,47.7,rainy
2023-07-02,16.2,3.8,59.2,stormy
2023-07-03,15.0,9.5,55.8,stormy
2023-07-04,15.1,4.3,50.9,stormy
2023-07-05,15.149999999999999,14.4,58.4,stormy
2023-07-06,15.55,1.4,57.3,stormy
2023-07-07,16.9,0.0,24.6,cloudy
2023-07-08,18.1,0.0,24.2,cloudy
2023-07-09,19.7,0.1,29.6,cloudy
2023-07-10,17.65,5.2,24.7,rainy
2023-07-11,18.75,0.3,37.4,cloudy
2023-07-12,17.700000000000003,5.5,38.0,rainy
2023-07-13,16.85,20.5,35.7,rainy
2023-07-14,18.0,0.7,25.1,cloudy
2023-07-15,19.1,4.0,36.0,cloudy
2023-07-16,18.15,1.7,57.1,stormy
2023-07-17,17.55,8.5,46.6,rainy
2023-07-18,16.55,0.7,39.1,cloudy
2023-07-19,15.55,1.1,30.1,cloudy
2023-07-20,15.649999999999999,3.5,39.6,cloudy
2023-07-21,15.25,9.5,31.7,rainy
2023-07-22,15.15,3.2,30.9,cloudy
2023-07-23,17.35,22.8,54.9,stormy
2023-07-24,17.05,4.3,50.1,stormy
2023-07-25,15.75,1.1,37.5,cloudy
2023-07-26,15.3,3.3,38.8,cloudy
2023-07-27,15.85,5.4,36.7,rainy
2023-07-28,16.450000000000003,0.5,18.9,cloudy
2023-07-29,17.549999999999997,0.9,27.7,cloudy
2023-07-30,16.7,10.3,37.4,rainy
2023-07-31,16.55,13.8,39.0,rainy
2023-08-01,16.700000000000003,8.5,28.3,rainy
2023-08-02,17.0,14.1,38.1,rainy
2023-08-03,17.05,1.1,40.3,cloudy
2023-08-04,16.799999999999997,0.4,36.7,cloudy
2023-08-05,16.4,0.9,29.1,cloudy
2023-08-06,17.1,4.1,32.5,cloudy
2023-08-07,16.3,3.3,69.7,stormy
2023-08-08,14.95,6.3,67.2,stormy
2023-08-09,15.35,0.9,56.8,stormy
2023-08-10,16.0,0.2,38.3,cloudy
2023-08-11,17.950000000000003,0.0,29.6,cloudy
2023-08-12,17.4,5.3,25.7,rainy
2023-08-13,17.55,0.0,30.4,cloudy
2023-08-14,17.549999999999997,0.0,17.7,cloudy
2023-08-15,17.85,0.5,32.7,cloudy
2023-08-16,17.0,1.0,33.9,cloudy
2023-08-17,16.9,0.0,28.4,cloudy
2023-08-18,17.75,0.0,26.4,cloudy
2023-08-19,20.1,7.6,34.7,rainy
2023-08-20,18.35,0.0,21.2,cloudy
2023-08-21,18.1,0.2,21.6,cloudy
2023-08-22,18.799999999999997,0.0,23.7,cloudy
2023-08-23,18.5,1.6,29.0,cloudy
2023-08-24,18.5,3.5,29.0,cloudy
2023-08-25,18.5,3.2,28.9,cloudy
2023-08-26,16.85,3.6,29.3,cloudy
2023-08-27,16.25,14.2,30.9,rainy
2023-08-28,16.1,1.9,30.3,cloudy
2023-08-29,16.4,1.2,20.5,cloudy
2023-08-30,16.45,11.7,30.7,rainy
2023-08-31,15.399999999999999,5.3,32.1,rainy
2023-09-01,17.25,0.0,21.5,cloudy
2023-09-02,17.1,0.0,30.8,cloudy
2023-09-03,17.3,0.0,33.6,cloudy
2023-09-04,18.1,0.0,27.3,cloudy
2023-09-05,17.950000000000003,0.0,21.4,cloudy
2023-09-06,19.25,0.0,27.0,cloudy
2023-09-07,20.35,0.0,28.7,cloudy
2023-09-08,20.2,0.0,25.5,cloudy
2023-09-09,19.95,0.0,19.7,cloudy
2023-09-10,18.65,0.0,17.9,cloudy
2023-09-11,20.3,0.0,27.1,cloudy
2023-09-12,18.0,1.5,32.3,cloudy
2023-09-13,16.35,1.0,37.2,cloudy
2023-09-14,16.7,0.5,30.5,cloudy
2023-09-15,17.35,0.0,29.2,cloudy
2023-09-16,16.95,0.0,23.5,cloudy
2023-09-17,18.65,6.0,37.7,rainy
2023-09-18,18.35,3.1,60.1,stormy
2023-09-19,16.55,13.6,79.1,stormy
2023-09-20,18.7,1.8,55.5,stormy
2023-09-21,17.5,21.3,45.4,rainy
2023-09-22,16.05,19.0,33.9,rainy
2023-09-23,15.15,11.4,31.2,rainy
2023-09-24,16.4,0.0,35.3,cloudy
2023-09-25,16.8,0.0,41.5,cloudy
2023-09-26,16.25,0.0,22.4,cloudy
2023-09-27,17.049999999999997,0.0,25.8,cloudy
2023-09-28,17.5,0.0,33.2,cloudy
2023-09-29,16.85,3.3,42.8,cloudy
2023-09-30,16.35,0.1,42.1,cloudy
2023-10-01,16.55,6.5,31.4,rainy
2023-10-02,16.6,2.8,29.3,cloudy
2023-10-03,15.85,9.7,49.6,rainy
2023-10-04,15.7,2.0,54.6,stormy
2023-10-05,15.3,7.7,58.6,stormy
2023-10-06,16.549999999999997,2.7,57.8,stormy
2023-10-07,14.65,2.5,49.3,cloudy
2023-10-08,12.45,0.5,36.1,cloudy
2023-10-09,12.15,3.7,33.2,cloudy
2023-10-10,14.95,0.8,40.5,cloudy
2023-10-11,15.350000000000001,4.0,52.4,stormy
2023-10-12,13.850000000000001,0.0,50.2,stormy
2023-10-13,14.549999999999999,14.6,65.2,stormy
2023-10-14,11.95,3.2,61.6,stormy
2023-10-15,10.7,4.1,57.0,stormy
2023-10-16,10.899999999999999,1.2,43.6,cloudy
2023-10-17,12.2,0.1,20.6,cloudy
2023-10-18,11.25,0.0,41.8,cloudy
2023-10-19,9.8,6.7,50.0,rainy
2023-10-20,7.95,20.8,78.5,stormy
2023-10-21,10.649999999999999,8.1,49.8,rainy
2023-10-22,11.600000000000001,1.5,37.2,cloudy
2023-10-23,10.649999999999999,0.0,29.8,cloudy
2023-10-24,9.55,11.1,40.8,rainy
2023-10-25,10.5,5.8,41.8,rainy
2023-10-26,9.2,0.0,30.8,cloudy
2023-10-27,8.85,0.1,34.2,cloudy
2023-10-28,9.149999999999999,5.2,39.3,rainy
2023-10-29,11.0,20.9,53.0,stormy
2023-10-30,11.600000000000001,1.4,48.1,cloudy
2023-10-31,8.600000000000001,15.3,37.6,rainy
2023-11-01,8.1,3.9,43.3,cloudy
2023-11-02,10.600000000000001,7.8,52.5,stormy
2023-11-03,10.3,4.3,51.6,stormy
2023-11-04,9.9,1.5,44.3,cloudy
2023-11-05,9.15,14.2,42.1,rainy
2023-11-06,10.0,7.9,35.4,rainy
2023-11-07,10.15,3.3,40.5,cloudy
2023-11-08,10.1,8.4,53.5,stormy
2023-11-09,9.899999999999999,7.6,48.9,rainy
2023-11-10,9.0,5.7,41.6,rainy
2023-11-11,7.85,1.2,20.2,cloudy
2023-11-12,7.1,7.9,23.3,rainy
2023-11-13,8.100000000000001,9.8,53.0,stormy
2023-11-14,8.600000000000001,5.5,57.6,stormy
2023-11-15,6.3,2.4,41.1,cloudy
2023-11-16,5.449999999999999,0.0,51.9,stormy
2023-11-17,5.050000000000001,0.0,35.1,cloudy
2023-11-18,4.9,4.8,49.4,cloudy
2023-11-19,8.100000000000001,6.8,49.7,rainy
2023-11-20,7.5,0.2,25.0,cloudy
2023-11-21,5.199999999999999,0.4,28.2,cloudy
2023-11-22,7.15,9.6,60.6,stormy
2023-11-23,9.25,2.8,66.8,stormy
2023-11-24,5.35,5.5,65.2,stormy
2023-11-25,5.35,3.1,45.3,cloudy
2023-11-26,4.25,1.7,34.1,cloudy
2023-11-27,2.6,4.6,43.4,cloudy
2023-11-28,-0.75,2.8,41.9,cloudy
2023-11-29,-1.35,0.3,37.0,cloudy
2023-11-30,-0.65,0.9,26.2,cloudy
2023-12-01,-0.3,0.1,26.5,cloudy
2023-12-02,-0.65,0.0,27.1,cloudy
2023-12-03,2.3,0.0,31.9,cloudy
2023-12-04,0.7000000000000001,1.6,32.3,cloudy
2023-12-05,1.1,0.9,36.9,cloudy
2023-12-06,1.5,9.0,30.5,rainy
2023-12-07,1.1500000000000001,0.8,26.8,cloudy
2023-12-08,0.7999999999999999,2.7,38.7,cloudy
2023-12-09,3.5500000000000003,3.6,40.0,cloudy
2023-12-10,5.0,8.6,45.3,rainy
2023-12-11,4.35,4.9,24.4,cloudy
2023-12-12,3.45,0.0,36.5,cloudy
2023-12-13,2.2,6.0,42.9,rainy
2023-12-14,2.6,0.5,28.5,cloudy
2023-12-15,5.6,0.5,32.8,cloudy
2023-12-16,6.65,0.0,46.5,cloudy
2023-12-17,6.85,0.0,50.6,stormy
2023-12-18,7.300000000000001,1.1,47.7,cloudy
2023-12-19,7.1,3.2,45.1,cloudy
2023-12-20,5.9,8.9,48.7,rainy
2023-12-21,6.550000000000001,9.0,82.8,stormy
2023-12-22,4.3,3.1,71.9,stormy
2023-12-23,4.7,1.0,53.3,stormy
2023-12-24,6.45,6.5,64.7,stormy
2023-12-25,7.0,1.6,59.3,stormy
2023-12-26,6.45,1.9,50.3,stormy
2023-12-27,4.9,8.6,51.2,stormy
2023-12-28,7.550000000000001,6.2,66.7,stormy
2023-12-29,6.8,2.7,59.4,stormy
2023-12-30,5.75,2.0,41.7,cloudy
2023-12-31,6.4,4.4,40.8,cloudy
2024-01-01,5.95,2.0,38.9,cloudy
2024-01-02,5.35,12.9,51.8,stormy
2024-01-03,3.3499999999999996,11.7,57.8,stormy
2024-01-04,0.09999999999999998,0.5,46.9,cloudy
2024-01-05,-0.95,3.4,48.3,cloudy
2024-01-06,-0.9999999999999999,0.0,39.9,cloudy
2024-01-07,-2.2,0.0,36.4,cloudy
2024-01-08,-2.0,0.0,34.6,cloudy
2024-01-09,-1.35,0.0,18.4,cloudy
2024-01-10,0.25,0.0,11.9,partly_cloudy
2024-01-11,1.35,0.0,20.6,cloudy
2024-01-12,1.9500000000000002,0.0,37.9,cloudy
2024-01-13,3.7,1.8,50.1,stormy
2024-01-14,3.1500000000000004,1.2,51.6,stormy
2024-01-15,1.05,1.3,59.1,stormy
2024-01-16,0.34999999999999987,2.3,33.7,cloudy
2024-01-17,2.55,4.1,62.1,stormy
2024-01-18,2.15,0.2,41.3,cloudy
2024-01-19,2.9000000000000004,9.9,54.4,stormy
2024-01-20,3.7,0.0,55.4,stormy
2024-01-21,3.4000000000000004,3.1,61.8,stormy
2024-01-22,5.75,8.8,75.3,stormy
2024-01-23,5.449999999999999,7.7,61.0,stormy
2024-01-24,7.1499999999999995,7.8,66.7,stormy
2024-01-25,5.15,0.0,58.3,stormy
2024-01-26,5.6,9.6,59.3,stormy
2024-01-27,5.4,0.0,42.4,cloudy
2024-01-28,4.6,0.0,38.2,cloudy
2024-01-29,5.25,0.0,37.6,cloudy
2024-01-30,5.5,0.8,45.8,cloudy
2024-01-31,5.45,2.5,58.1,stormy
2024-02-01,5.85,1.1,54.8,stormy
2024-02-02,6.2,1.0,49.0,cloudy
2024-02-03,6.75,0.0,47.4,cloudy
2024-02-04,6.4,1.7,51.7,stormy
2024-02-05,6.2,6.4,58.1,stormy
2024-02-06,6.550000000000001,15.7,56.2,stormy
2024-02-07,4.3,1.6,50.1,stormy
2024-02-08,3.55,1.8,41.6,cloudy
2024-02-09,2.5,11.4,55.8,stormy
2024-02-10,3.95,1.2,40.8,cloudy
2024-02-11,4.300000000000001,1.7,45.5,cloudy
2024-02-12,4.7,2.7,28.3,cloudy
2024-02-13,5.3,0.3,36.7,cloudy
2024-02-14,5.199999999999999,2.1,31.8,cloudy
2024-02-15,5.95,7.1,29.1,rainy
2024-02-16,6.1,2.3,37.1,cloudy
2024-02-17,4.800000000000001,0.0,37.7,cloudy
2024-02-18,4.9,28.0,40.3,rainy
2024-02-19,5.300000000000001,0.8,39.6,cloudy
2024-02-20,5.35,0.2,41.6,cloudy
2024-02-21,5.9,7.8,47.4,rainy
2024-02-22,6.9,8.4,51.4,stormy
2024-02-23,6.0,9.7,81.4,stormy
2024-02-24,5.15,0.9,37.7,cloudy
2024-02-25,4.75,3.3,38.5,cloudy
2024-02-26,4.8,0.0,25.6,cloudy
2024-02-27,3.2,0.0,28.2,cloudy
2024-02-28,5.050000000000001,0.7,37.1,cloudy
2024-02-29,6.05,10.4,45.4,rainy
2024-03-01,5.9,0.4,34.3,cloudy
2024-03-02,6.5,0.0,32.8,cloudy
2024-03-03,6.8,0.0,29.3,cloudy
2024-03-04,6.15,0.0,37.7,cloudy
2024-03-05,3.95,0.0,38.5,cloudy
2024-03-06,3.9000000000000004,0.0,28.7,cloudy
2024-03-07,3.0999999999999996,0.0,30.1,cloudy
2024-03-08,3.25,0.0,37.1,cloudy
2024-03-09,4.65,0.0,41.0,cloudy
2024-03-10,4.8,0.0,42.5,cloudy
2024-03-11,5.2,0.2,42.4,cloudy
2024-03-12,4.75,0.7,28.6,cloudy
2024-03-13,6.1,0.1,33.9,cloudy
2024-03-14,7.3999999999999995,0.1,35.7,cloudy
2024-03-15,7.449999999999999,0.0,41.0,cloudy
2024-03-16,6.05,0.5,44.5,cloudy
2024-03-17,4.1,0.0,32.3,cloudy
2024-03-18,5.1,0.8,36.5,cloudy
2024-03-19,5.9,1.5,31.8,cloudy
2024-03-20,5.449999999999999,3.7,20.4,cloudy
2024-03-21,5.8,3.0,41.5,cloudy
2024-03-22,6.85,5.1,37.2,rainy
2024-03-23,6.0,1.4,44.6,cloudy
2024-03-24,5.85,2.2,40.3,cloudy
2024-03-25,5.7,0.7,35.9,cloudy
2024-03-26,6.6,0.0,27.9,cloudy
2024-03-27,7.3,1.4,26.3,cloudy
2024-03-28,6.9,4.0,33.8,cloudy
2024-03-29,8.05,0.1,42.3,cloudy
2024-03-30,9.95,2.1,32.8,cloudy
2024-03-31,7.55,2.4,26.7,cloudy
2024-04-01,7.45,15.7,26.3,rainy
2024-04-02,5.9,8.0,35.3,rainy
2024-04-03,4.8,1.9,38.0,cloudy
2024-04-04,7.949999999999999,5.8,42.1,rainy
2024-04-05,8.649999999999999,12.6,49.5,rainy
2024-04-06,11.3,0.0,40.1,cloudy
2024-04-07,10.7,3.9,43.6,cloudy
2024-04-08,9.05,0.6,25.9,cloudy
2024-04-09,9.5,1.5,52.7,stormy
2024-04-10,9.05,0.5,55.1,stormy
2024-04-11,10.15,3.0,50.1,stormy
2024-04-12,10.0,5.6,43.9,rainy
2024-04-13,10.05,0.2,38.1,cloudy
2024-04-14,9.100000000000001,0.6,48.7,cloudy
2024-04-15,7.5,12.5,37.8,rainy
2024-04-16,7.949999999999999,3.3,36.2,cloudy
2024-04-17,7.35,1.5,31.4,cloudy
2024-04-18,7.3,1.8,35.1,cloudy
2024-04-19,7.9,6.5,45.1,rainy
2024-04-20,5.6,2.4,38.5,cloudy
2024-04-21,6.55,0.0,29.6,cloudy
2024-04-22,5.5,0.0,33.9,cloudy
2024-04-23,6.7,5.9,48.3,rainy
2024-04-24,5.5,5.5,29.4,rainy
2024-04-25,5.6,2.2,21.5,cloudy
2024-04-26,5.15,4.7,32.8,cloudy
2024-04-27,8.7,0.0,34.4,cloudy
2024-04-28,11.1,0.7,42.2,cloudy
2024-04-29,10.5,0.0,37.0,cloudy
2024-04-30,12.55,6.0,33.2,rainy
2024-05-01,13.2,0.0,38.4,cloudy
2024-05-02,14.100000000000001,0.0,36.8,cloudy
2024-05-03,13.9,0.3,34.5,cloudy
2024-05-04,11.85,0.0,20.5,cloudy
2024-05-05,11.5,11.0,48.4,rainy
2024-05-06,10.850000000000001,0.1,31.5,cloudy
2024-05-07,12.399999999999999,0.0,26.1,cloudy
2024-05-08,10.95,0.0,22.7,cloudy
2024-05-09,11.2,0.7,23.2,cloudy
2024-05-10,11.100000000000001,0.0,27.2,cloudy
2024-05-11,11.65,0.0,22.5,cloudy
2024-05-12,13.2,0.0,33.9,cloudy
2024-05-13,15.2,0.0,38.0,cloudy
2024-05-14,16.3,0.0,37.6,cloudy
2024-05-15,16.9,0.0,37.0,cloudy
2024-05-16,16.549999999999997,0.0,44.0,cloudy
2024-05-17,16.45,0.0,33.9,cloudy
2024-05-18,15.95,0.0,30.7,cloudy
2024-05-19,15.649999999999999,0.0,32.6,cloudy
2024-05-20,16.3,0.0,27.7,cloudy
2024-05-21,16.15,0.0,36.9,cloudy
2024-05-22,17.15,2.0,39.8,cloudy
2024-05-23,14.85,8.2,27.7,rainy
2024-05-24,15.4,0.0,25.2,cloudy
2024-05-25,15.3,0.0,25.3,cloudy
2024-05-26,16.5,0.0,21.7,cloudy
2024-05-27,15.55,0.0,29.0,cloudy
2024-05-28,14.399999999999999,7.2,27.2,rainy
2024-05-29,15.15,34.5,43.9,rainy
2024-05-30,15.15,7.9,29.4,rainy
2024-05-31,16.35,8.0,29.8,rainy
2024-06-01,16.4,0.0,35.9,cloudy
2024-06-02,14.75,0.0,44.9,cloudy
2024-06-03,14.4,1.0,38.2,cloudy
2024-06-04,15.35,4.8,47.5,cloudy
2024-06-05,13.7,12.8,50.0,rainy
2024-06-06,12.8,2.2,40.9,cloudy
2024-06-07,13.15,2.2,35.8,cloudy
2024-06-08,13.55,15.8,45.1,rainy
2024-06-09,11.8,4.4,50.0,cloudy
2024-06-10,12.4,1.8,46.1,cloudy
2024-06-11,12.55,1.0,43.1,cloudy
2024-06-12,11.4,0.9,39.2,cloudy
2024-06-13,12.1,2.7,31.0,cloudy
2024-06-14,14.65,5.0,34.1,cloudy
2024-06-15,14.45,10.4,44.9,rainy
2024-06-16,14.45,3.9,42.5,cloudy
2024-06-17,14.7,0.4,30.1,cloudy
2024-06-18,14.0,0.3,29.7,cloudy
2024-06-19,13.350000000000001,0.1,35.1,cloudy
2024-06-20,13.149999999999999,0.0,25.6,cloudy
2024-06-21,15.25,5.7,26.0,rainy
2024-06-22,14.8,3.1,28.3,cloudy
2024-06-23,15.35,0.5,26.3,cloudy
2024-06-24,15.5,0.0,17.8,cloudy
2024-06-25,17.55,0.0,18.8,cloudy
2024-06-26,19.0,0.0,23.9,cloudy
2024-06-27,19.85,0.0,25.6,cloudy
2024-06-28,17.200000000000003,1.2,45.3,cloudy
2024-06-29,16.85,0.2,31.4,cloudy
2024-06-30,16.7,1.2,34.5,cloudy
2024-07-01,15.25,2.0,38.7,cloudy
2024-07-02,14.9,5.1,43.3,rainy
2024-07-03,14.4,2.0,40.0,cloudy
2024-07-04,14.55,24.6,54.0,stormy
2024-07-05,14.75,3.2,49.3,cloudy
2024-07-06,15.45,17.4,69.9,stormy
2024-07-07,15.35,5.5,54.1,stormy
2024-07-08,15.0,7.7,41.4,rainy
2024-07-09,16.9,0.2,34.2,cloudy
2024-07-10,18.4,2.1,36.8,cloudy
2024-07-11,16.65,0.4,26.7,cloudy
2024-07-12,16.5,3.8,51.0,stormy
2024-07-13,17.1,5.1,47.0,rainy
2024-07-14,15.9,19.6,51.0,stormy
2024-07-15,16.35,10.6,48.1,rainy
2024-07-16,17.049999999999997,18.5,35.6,rainy
2024-07-17,16.65,1.8,45.2,cloudy
2024-07-18,16.3,0.2,26.8,cloudy
2024-07-19,16.200000000000003,0.0,13.7,partly_cloudy
2024-07-20,19.7,0.0,29.7,cloudy
2024-07-21,19.65,1.7,30.1,cloudy
2024-07-22,17.65,8.2,37.6,rainy
2024-07-23,18.3,13.7,36.0,rainy
2024-07-24,16.95,0.0,39.5,cloudy
2024-07-25,17.95,4.0,30.7,cloudy
2024-07-26,18.1,23.1,36.9,rainy
2024-07-27,17.35,0.1,18.0,cloudy
2024-07-28,17.25,0.2,32.8,cloudy
2024-07-29,17.450000000000003,0.0,25.8,cloudy
2024-07-30,18.0,0.0,15.6,cloudy
2024-07-31,18.200000000000003,0.0,31.2,cloudy
2024-08-01,17.4,0.0,32.1,cloudy
2024-08-02,17.799999999999997,0.4,26.8,cloudy
2024-08-03,17.95,0.4,26.7,cloudy
2024-08-04,17.7,5.8,35.7,rainy
2024-08-05,18.35,0.4,26.4,cloudy
2024-08-06,19.2,0.0,24.2,cloudy
2024-08-07,19.200000000000003,3.7,25.9,cloudy
2024-08-08,18.65,0.8,30.3,cloudy
2024-08-09,19.45,9.5,52.7,stormy
2024-08-10,18.65,1.7,43.7,cloudy
2024-08-11,17.95,0.1,38.2,cloudy
2024-08-12,17.8,0.0,28.1,cloudy
2024-08-13,19.9,0.0,33.4,cloudy
2024-08-14,20.35,0.1,25.9,cloudy
2024-08-15,19.0,0.1,34.2,cloudy
2024-08-16,18.2,12.6,31.8,rainy
2024-08-17,17.5,0.0,21.3,cloudy
2024-08-18,18.1,0.1,31.8,cloudy
2024-08-19,18.15,0.1,30.3,cloudy
2024-08-20,19.299999999999997,0.3,32.6,cloudy
2024-08-21,17.25,17.8,47.9,rainy
2024-08-22,18.45,8.5,54.7,stormy
2024-08-23,18.8,6.2,66.8,stormy
2024-08-24,18.549999999999997,10.1,37.4,rainy
2024-08-25,17.15,3.2,42.9,cloudy
2024-08-26,17.35,4.2,46.3,cloudy
2024-08-27,18.4,0.0,28.8,cloudy
2024-08-28,19.15,0.0,28.0,cloudy
2024-08-29,18.950000000000003,0.0,27.4,cloudy
2024-08-30,17.15,0.1,25.8,cloudy
2024-08-31,17.1,0.0,25.0,cloudy
2024-09-01,17.2,0.0,28.9,cloudy
2024-09-02,18.2,0.4,32.4,cloudy
2024-09-03,18.35,0.1,28.7,cloudy
2024-09-04,19.1,1.3,24.2,cloudy
2024-09-05,21.4,0.0,38.0,cloudy
2024-09-06,21.200000000000003,0.0,34.1,cloudy
2024-09-07,20.5,0.0,29.0,cloudy
2024-09-08,19.85,0.7,22.4,cloudy
2024-09-09,17.5,3.0,46.5,cloudy
2024-09-10,16.05,11.9,61.9,stormy
2024-09-11,13.85,3.0,34.9,cloudy
2024-09-12,13.05,9.9,38.5,rainy
2024-09-13,14.0,1.4,38.8,cloudy
2024-09-14,15.25,0.0,37.3,cloudy
2024-09-15,15.7,0.1,20.2,cloudy
2024-09-16,15.7,0.1,30.3,cloudy
2024-09-17,14.899999999999999,0.0,27.7,cloudy
2024-09-18,15.5,0.0,19.3,cloudy
2024-09-19,15.95,0.0,27.1,cloudy
2024-09-20,17.15,0.0,30.1,cloudy
2024-09-21,17.05,0.0,23.4,cloudy
2024-09-22,16.6,0.0,22.3,cloudy
2024-09-23,16.15,0.4,27.3,cloudy
2024-09-24,16.55,5.5,41.2,rainy
2024-09-25,15.1,2.5,42.9,cloudy
2024-09-26,14.399999999999999,17.0,34.5,rainy
2024-09-27,14.35,22.6,54.4,stormy
2024-09-28,11.95,5.6,51.9,stormy
2024-09-29,13.2,0.1,38.6,cloudy
2024-09-30,12.25,0.0,49.4,cloudy
2024-10-01,12.2,4.9,52.1,stormy
2024-10-02,11.75,0.0,41.4,cloudy
2024-10-03,11.7,0.0,31.7,cloudy
2024-10-04,11.100000000000001,0.0,12.7,partly_cloudy
2024-10-05,9.7,0.0,18.5,cloudy
2024-10-06,11.05,0.0,31.8,cloudy
2024-10-07,11.6,2.6,36.8,cloudy
2024-10-08,12.85,8.4,32.4,rainy
2024-10-09,13.100000000000001,1.8,29.5,cloudy
2024-10-10,11.5,1.8,56.1,stormy
2024-10-11,11.5,8.3,48.4,rainy
2024-10-12,11.85,0.5,44.4,cloudy
2024-10-13,11.0,13.9,59.9,stormy
2024-10-14,10.75,0.7,46.5,cloudy
2024-10-15,10.0,0.0,27.4,cloudy
2024-10-16,10.35,0.0,41.2,cloudy
2024-10-17,11.35,2.1,37.0,cloudy
2024-10-18,12.4,0.3,24.6,cloudy
2024-10-19,12.05,7.0,28.9,rainy
2024-10-20,13.2,3.0,49.0,cloudy
2024-10-21,13.2,0.4,48.3,cloudy
2024-10-22,12.05,5.1,34.0,rainy
2024-10-23,12.2,0.0,27.9,cloudy
2024-10-24,11.55,0.0,28.9,cloudy
2024-10-25,11.399999999999999,0.0,27.1,cloudy
2024-10-26,12.05,0.0,30.2,cloudy
2024-10-27,12.55,5.0,30.2,cloudy
2024-10-28,12.649999999999999,4.2,38.9,cloudy
2024-10-29,12.4,1.3,21.9,cloudy
2024-10-30,11.850000000000001,0.0,28.5,cloudy
2024-10-31,11.95,0.2,37.3,cloudy
2024-11-01,11.3,0.0,49.7,cloudy
2024-11-02,9.2,0.0,45.4,cloudy
2024-11-03,11.3,0.0,30.2,cloudy
2024-11-04,10.45,0.0,23.0,cloudy
2024-11-05,9.05,0.0,17.7,cloudy
2024-11-06,7.95,0.0,18.8,cloudy
2024-11-07,8.65,0.2,22.0,cloudy
2024-11-08,7.8,0.5,31.7,cloudy
2024-11-09,6.35,0.1,26.4,cloudy
2024-11-10,8.15,1.0,29.7,cloudy
2024-11-11,9.2,5.0,31.4,cloudy
2024-11-12,7.0,0.0,23.4,cloudy
2024-11-13,9.1,0.7,33.6,cloudy
2024-11-14,9.95,0.0,40.5,cloudy
2024-11-15,10.65,0.5,36.9,cloudy
2024-11-16,9.899999999999999,1.5,43.7,cloudy
2024-11-17,7.9,5.7,50.7,stormy
2024-11-18,6.75,3.6,51.3,stormy
2024-11-19,4.699999999999999,4.6,21.7,cloudy
2024-11-20,4.15,1.3,34.6,cloudy
2024-11-21,3.7,3.0,32.7,cloudy
2024-11-22,4.15,5.9,45.7,rainy
2024-11-23,5.3,15.1,61.3,stormy
2024-11-24,9.55,8.5,61.4,stormy
2024-11-25,11.05,1.5,59.9,stormy
2024-11-26,8.95,0.0,49.4,cloudy
2024-11-27,5.5,26.9,61.8,stormy
2024-11-28,4.8,10.2,68.8,stormy
2024-11-29,6.0,0.0,32.9,cloudy
2024-11-30,6.0,0.0,36.8,cloudy
2024-12-01,6.1,0.0,37.1,cloudy
2024-12-02,7.55,2.2,40.4,cloudy
2024-12-03,6.0,1.1,40.8,cloudy
2024-12-04,5.05,1.8,30.4,cloudy
2024-12-05,5.0,7.4,60.3,stormy
2024-12-06,4.95,8.1,48.3,rainy
2024-12-07,4.85,6.0,44.0,rainy
2024-12-08,5.5,1.3,35.8,cloudy
2024-12-09,4.65,0.0,44.3,cloudy
2024-12-10,2.75,0.0,31.5,cloudy
2024-12-11,4.3,0.1,25.9,cloudy
2024-12-12,3.8,0.0,23.0,cloudy
2024-12-13,2.55,0.4,27.2,cloudy
2024-12-14,5.05,1.9,34.7,cloudy
2024-12-15,7.3,1.3,53.7,stormy
2024-12-16,8.5,2.8,55.0,stormy
2024-12-17,7.550000000000001,0.1,53.8,stormy
2024-12-18,7.75,2.3,61.3,stormy
2024-12-19,6.85,20.9,52.1,stormy
2024-12-20,6.9,0.3,59.8,stormy
2024-12-21,7.6,6.1,54.6,stormy
2024-12-22,6.55,1.5,42.4,cloudy
2024-12-23,6.65,1.0,61.1,stormy
2024-12-24,6.25,0.6,34.8,cloudy
2024-12-25,7.4,0.6,29.8,cloudy
2024-12-26,6.85,2.0,22.9,cloudy
2024-12-27,5.800000000000001,0.3,20.2,cloudy
2024-12-28,5.0,0.0,28.8,cloudy
2024-12-29,6.300000000000001,0.2,44.9,cloudy
2024-12-30,6.4,0.0,51.8,stormy
2024-12-31,5.9,4.4,63.4,stormy
