date,temperature,precipitation,wind_speed,weather_state
2015-01-01,6.15,1.5,46.1,cloudy
2015-01-02,7.1000000000000005,7.1,50.3,stormy
2015-01-03,5.5,4.4,49.3,cloudy
2015-01-04,4.95,0.0,30.0,cloudy
2015-01-05,5.5,0.0,29.1,cloudy
2015-01-06,3.95,0.1,24.5,cloudy
2015-01-07,5.050000000000001,0.7,38.0,cloudy
2015-01-08,5.7,5.0,40.3,cloudy
2015-01-09,7.0,5.6,57.5,stormy
2015-01-10,7.449999999999999,2.7,60.4,stormy
2015-01-11,4.95,1.6,53.3,stormy
2015-01-12,7.05,5.6,48.1,rainy
2015-01-13,6.1,9.5,37.1,rainy
2015-01-14,3.9499999999999997,2.2,33.5,cloudy
2015-01-15,5.4,10.8,47.6,rainy
2015-01-16,5.699999999999999,0.1,48.3,cloudy
2015-01-17,4.25,0.4,31.2,cloudy
2015-01-18,2.95,0.3,29.3,cloudy
2015-01-19,1.5999999999999999,0.3,9.2,partly_cloudy
2015-01-20,0.39999999999999997,0.0,9.7,partly_cloudy
2015-01-21,-0.3,0.1,15.2,cloudy
2015-01-22,-1.4000000000000001,0.0,9.5,partly_cloudy
2015-01-23,-1.4,0.0,27.0,cloudy
2015-01-24,1.25,6.8,32.2,rainy
2015-01-25,3.4499999999999997,0.0,21.7,cloudy
2015-01-26,4.5,5.2,30.3,rainy
2015-01-27,4.6,0.0,31.6,cloudy
2015-01-28,3.9000000000000004,7.9,46.5,rainy
2015-01-29,1.8,1.7,37.3,cloudy
2015-01-30,-1.2,0.8,18.2,cloudy
2015-01-31,-2.1999999999999997,0.0,11.3,partly_cloudy
2015-02-01,-0.19999999999999996,0.1,25.0,cloudy
2015-02-02,1.3,0.0,23.6,cloudy
2015-02-03,-0.6000000000000001,0.0,19.5,cloudy
2015-02-04,-2.0,0.0,20.5,cloudy
2015-02-05,-0.7000000000000001,0.0,16.2,cloudy
2015-02-06,-0.75,0.0,19.1,cloudy
2015-02-07,3.75,0.0,42.9,cloudy
2015-02-08,3.2,0.8,42.7,cloudy
2015-02-09,5.5,0.0,35.6,cloudy
2015-02-10,5.3,0.0,29.2,cloudy
2015-02-11,3.4000000000000004,0.0,14.8,partly_cloudy
2015-02-12,2.4000000000000004,0.0,14.1,partly_cloudy
2015-02-13,2.1,0.0,20.8,cloudy
2015-02-14,2.0,0.0,24.1,cloudy
2015-02-15,2.9,0.0,31.0,cloudy
2015-02-16,2.0500000000000003,0.0,25.3,cloudy
2015-02-17,1.85,0.0,19.7,cloudy
2015-02-18,4.45,0.0,32.1,cloudy
2015-02-19,3.55,0.0,34.3,cloudy
2015-02-20,2.9,7.7,34.5,rainy
2015-02-21,2.35,11.0,25.5,rainy
2015-02-22,3.5,0.4,37.8,cloudy
2015-02-23,3.4000000000000004,6.9,42.2,rainy
2015-02-24,4.2,3.2,37.0,cloudy
2015-02-25,3.6500000000000004,1.4,24.2,cloudy
2015-02-26,4.6,1.6,31.2,cloudy
2015-02-27,4.0,6.2,25.0,rainy
2015-02-28,3.3000000000000003,0.0,35.6,cloudy
2015-03-01,5.2,6.9,39.0,rainy
2015-03-02,4.15,4.5,38.9,cloudy
2015-03-03,3.25,3.7,31.7,cloudy
2015-03-04,3.55,1.4,34.6,cloudy
2015-03-05,4.45,0.0,23.8,cloudy
2015-03-06,5.6,0.0,24.6,cloudy
2015-03-07,6.6,0.0,32.6,cloudy
2015-03-08,7.4,0.0,28.8,cloudy
2015-03-09,5.8,0.0,26.3,cloudy
2015-03-10,6.2,2.3,27.1,cloudy
2015-03-11,5.1,0.0,25.6,cloudy
2015-03-12,4.6,0.0,20.4,cloudy
2015-03-13,2.85,0.0,28.9,cloudy
2015-03-14,4.05,0.0,24.8,cloudy
2015-03-15,4.85,0.0,28.9,cloudy
2015-03-16,7.4,0.0,33.6,cloudy
2015-03-17,8.100000000000001,0.0,23.4,cloudy
2015-03-18,8.1,0.0,13.5,partly_cloudy
2015-03-19,6.6,0.0,13.1,partly_cloudy
2015-03-20,4.0,0.4,23.9,cloudy
2015-03-21,3.85,11.3,32.4,rainy
2015-03-22,1.0499999999999998,0.0,16.9,cloudy
2015-03-23,3.7,0.0,26.4,cloudy
2015-03-24,4.95,1.0,16.3,cloudy
2015-03-25,4.75,6.9,26.8,rainy
2015-03-26,5.2,4.1,20.3,cloudy
2015-03-27,5.4,2.1,19.5,cloudy
2015-03-28,5.949999999999999,5.6,35.1,rainy
2015-03-29,6.699999999999999,16.1,32.9,rainy
2015-03-30,5.6,2.5,47.2,cloudy
2015-03-31,3.95,15.1,49.5,rainy
2015-04-01,4.2,2.0,44.2,cloudy
2015-04-02,3.8,1.2,38.1,cloudy
2015-04-03,4.1,0.0,26.8,cloudy
2015-04-04,4.65,0.1,17.0,cloudy
2015-04-05,3.4,0.0,20.1,cloudy
2015-04-06,6.35,0.0,11.8,partly_cloudy
2015-04-07,4.6,0.0,23.4,cloudy
2015-04-08,7.0,0.0,24.0,cloudy
2015-04-09,7.0,0.0,10.0,partly_cloudy
2015-04-10,8.7,0.0,16.4,cloudy
2015-04-11,9.75,2.2,36.8,cloudy
2015-04-12,8.05,6.1,44.9,rainy
2015-04-13,6.25,0.1,37.8,cloudy
2015-04-14,7.05,0.5,31.7,cloudy
2015-04-15,9.15,0.8,32.1,cloudy
2015-04-16,7.050000000000001,0.0,30.0,cloudy
2015-04-17,7.8999999999999995,0.0,22.9,cloudy
2015-04-18,6.550000000000001,0.0,22.1,cloudy
2015-04-19,9.15,0.0,16.1,cloudy
2015-04-20,10.6,0.0,16.9,cloudy
2015-04-21,8.5,0.0,32.0,cloudy
2015-04-22,10.0,0.0,32.4,cloudy
2015-04-23,8.05,0.0,20.1,cloudy
2015-04-24,9.0,0.0,19.1,cloudy
2015-04-25,9.6,3.0,25.6,cloudy
2015-04-26,7.35,3.9,16.7,cloudy
2015-04-27,6.1,0.0,23.1,cloudy
2015-04-28,5.2,0.3,25.0,cloudy
2015-04-29,8.55,0.4,28.7,cloudy
2015-04-30,8.05,5.7,25.1,rainy
2015-05-01,7.35,0.9,19.1,cloudy
2015-05-02,6.550000000000001,0.0,19.8,cloudy
2015-05-03,8.05,9.7,28.2,rainy
2015-05-04,11.350000000000001,2.1,28.4,cloudy
2015-05-05,14.5,12.8,42.5,rainy
2015-05-06,12.0,4.5,38.5,cloudy
2015-05-07,8.85,6.0,41.8,rainy
2015-05-08,8.95,1.1,18.9,cloudy
2015-05-09,10.5,4.8,36.4,cloudy
2015-05-10,9.75,0.6,38.2,cloudy
2015-05-11,14.0,0.0,26.3,cloudy
2015-05-12,11.6,1.0,32.1,cloudy
2015-05-13,10.05,0.2,35.4,cloudy
2015-05-14,8.55,0.0,27.5,cloudy
2015-05-15,8.95,0.0,18.1,cloudy
2015-05-16,8.9,2.4,32.9,cloudy
2015-05-17,9.5,0.6,35.0,cloudy
2015-05-18,10.1,10.0,32.6,rainy
2015-05-19,9.2,1.7,34.2,cloudy
2015-05-20,9.3,4.6,24.1,cloudy
2015-05-21,9.8,0.2,22.4,cloudy
2015-05-22,11.649999999999999,0.0,21.6,cloudy
2015-05-23,9.7,0.4,23.1,cloudy
2015-05-24,9.55,0.0,17.7,cloudy
2015-05-25,10.45,0.5,24.1,cloudy
2015-05-26,9.649999999999999,0.6,28.7,cloudy
2015-05-27,10.85,0.7,28.1,cloudy
2015-05-28,10.8,1.9,35.1,cloudy
2015-05-29,11.05,11.1,31.7,rainy
2015-05-30,9.850000000000001,2.2,34.0,cloudy
2015-05-31,11.45,9.1,32.6,rainy
2015-06-01,11.350000000000001,1.8,29.0,cloudy
2015-06-02,12.6,8.3,47.0,rainy
2015-06-03,11.75,0.7,36.4,cloudy
2015-06-04,11.5,0.0,16.0,cloudy
2015-06-05,16.25,0.0,21.6,cloudy
2015-06-06,14.600000000000001,0.0,29.9,cloudy
2015-06-07,12.350000000000001,0.0,26.6,cloudy
2015-06-08,11.0,0.1,27.9,cloudy
2015-06-09,12.55,0.2,16.0,cloudy
2015-06-10,12.25,0.0,20.4,cloudy
2015-06-11,12.75,0.0,15.8,cloudy
2015-06-12,15.55,0.0,12.9,partly_cloudy
2015-06-13,16.8,1.7,27.7,cloudy
2015-06-14,11.6,0.0,25.1,cloudy
2015-06-15,10.350000000000001,0.0,26.0,cloudy
2015-06-16,11.1,0.0,27.8,cloudy
2015-06-17,11.850000000000001,5.3,33.4,rainy
2015-06-18,11.649999999999999,2.0,34.5,cloudy
2015-06-19,11.65,3.5,31.5,cloudy
2015-06-20,12.35,0.0,27.1,cloudy
2015-06-21,13.399999999999999,2.7,18.6,cloudy
2015-06-22,12.0,1.4,20.9,cloudy
2015-06-23,12.9,0.4,27.8,cloudy
2015-06-24,12.25,0.7,33.8,cloudy
2015-06-25,13.25,0.0,19.1,cloudy
2015-06-26,13.95,2.3,9.3,cloudy
2015-06-27,14.8,3.1,26.1,cloudy
2015-06-28,14.95,2.4,19.6,cloudy
2015-06-29,15.85,0.6,19.8,cloudy
2015-06-30,15.25,0.0,14.4,partly_cloudy
2015-07-01,18.45,0.0,23.9,cloudy
2015-07-02,22.35,0.0,27.9,cloudy
2015-07-03,21.0,0.4,21.2,cloudy
2015-07-04,22.5,0.0,20.5,cloudy
2015-07-05,20.65,18.5,29.9,rainy
2015-07-06,16.2,0.1,35.6,cloudy
2015-07-07,18.25,1.2,24.4,cloudy
2015-07-08,15.149999999999999,1.3,43.0,cloudy
2015-07-09,12.899999999999999,2.5,44.8,cloudy
2015-07-10,12.600000000000001,0.0,37.9,cloudy
2015-07-11,14.45,0.3,14.7,partly_cloudy
2015-07-12,16.2,1.0,23.1,cloudy
2015-07-13,15.7,0.0,18.8,cloudy
2015-07-14,15.45,0.1,20.7,cloudy
2015-07-15,15.2,0.6,17.1,cloudy
2015-07-16,15.4,0.1,18.3,cloudy
2015-07-17,16.4,0.6,29.5,cloudy
2015-07-18,15.899999999999999,0.7,31.4,cloudy
2015-07-19,15.3,4.1,26.7,cloudy
2015-07-20,15.049999999999999,0.0,24.9,cloudy
2015-07-21,16.85,0.9,33.9,cloudy
2015-07-22,17.2,0.2,23.0,cloudy
2015-07-23,15.100000000000001,0.0,24.5,cloudy
2015-07-24,16.2,1.0,21.1,cloudy
2015-07-25,16.2,46.9,39.5,rainy
2015-07-26,14.75,2.3,38.6,cloudy
2015-07-27,14.95,11.0,26.1,rainy
2015-07-28,16.0,12.1,32.0,rainy
2015-07-29,14.4,12.9,35.1,rainy
2015-07-30,13.95,11.7,40.2,rainy
2015-07-31,13.05,0.0,30.0,cloudy
2015-08-01,14.0,0.0,13.7,partly_cloudy
2015-08-02,15.7,0.0,16.3,cloudy
2015-08-03,18.75,0.0,23.5,cloudy
2015-08-04,18.95,6.3,19.4,rainy
2015-08-05,16.6,0.3,22.7,cloudy
2015-08-06,20.05,0.0,18.4,sunny
2015-08-07,18.3,0.0,17.0,cloudy
2015-08-08,16.05,0.8,23.1,cloudy
2015-08-09,15.9,0.0,15.1,cloudy
2015-08-10,18.3,3.4,14.2,cloudy
2015-08-11,18.25,1.2,16.7,cloudy
2015-08-12,16.6,0.1,17.0,cloudy
2015-08-13,16.85,0.0,23.8,cloudy
2015-08-14,20.45,0.0,31.8,cloudy
2015-08-15,19.25,13.2,12.5,rainy
2015-08-16,18.85,1.1,22.6,cloudy
2015-08-17,18.85,5.7,30.6,rainy
2015-08-18,18.35,9.1,28.8,rainy
2015-08-19,17.1,3.2,10.0,cloudy
2015-08-20,17.75,0.5,10.4,partly_cloudy
2015-08-21,18.7,0.0,15.6,cloudy
2015-08-22,18.9,0.0,21.3,cloudy
2015-08-23,18.45,0.0,29.6,cloudy
2015-08-24,18.75,7.4,25.8,rainy
2015-08-25,17.15,6.0,39.4,rainy
2015-08-26,18.0,4.3,34.7,cloudy
2015-08-27,17.1,12.0,34.9,rainy
2015-08-28,16.15,0.2,25.3,cloudy
2015-08-29,16.55,0.0,20.7,cloudy
2015-08-30,17.25,2.2,12.8,cloudy
2015-08-31,17.85,17.0,20.5,rainy
2015-09-01,16.35,0.1,31.4,cloudy
2015-09-02,14.75,0.5,38.8,cloudy
2015-09-03,14.3,1.5,28.6,cloudy
2015-09-04,13.75,6.3,29.6,rainy
2015-09-05,13.4,11.0,42.7,rainy
2015-09-06,14.3,1.8,35.0,cloudy
2015-09-07,14.399999999999999,0.0,18.7,cloudy
2015-09-08,14.65,0.0,14.1,partly_cloudy
2015-09-09,13.45,0.0,10.9,partly_cloudy
2015-09-10,13.5,0.0,21.1,cloudy
2015-09-11,14.4,5.5,26.4,rainy
2015-09-12,15.399999999999999,2.1,22.1,cloudy
2015-09-13,16.700000000000003,10.4,19.9,rainy
2015-09-14,15.9,11.7,28.0,rainy
2015-09-15,13.7,6.1,34.9,rainy
2015-09-16,14.350000000000001,7.5,31.3,rainy
2015-09-17,15.799999999999999,1.9,46.1,cloudy
2015-09-18,14.95,1.4,32.2,cloudy
2015-09-19,13.95,1.8,20.2,cloudy
2015-09-20,13.2,1.3,28.8,cloudy
2015-09-21,12.5,2.9,17.9,cloudy
2015-09-22,13.45,5.5,24.1,rainy
2015-09-23,13.25,2.8,12.4,cloudy
2015-09-24,13.75,9.4,34.4,rainy
2015-09-25,12.9,0.0,23.7,cloudy
2015-09-26,11.899999999999999,0.0,17.8,cloudy
2015-09-27,12.15,0.0,19.8,cloudy
2015-09-28,11.95,0.0,9.5,partly_cloudy
2015-09-29,11.2,0.0,9.7,partly_cloudy
2015-09-30,10.95,0.0,10.4,partly_cloudy
2015-10-01,11.05,0.0,16.3,cloudy
2015-10-02,12.350000000000001,0.0,15.5,cloudy
2015-10-03,10.9,0.3,14.8,partly_cloudy
2015-10-04,12.35,0.0,18.5,cloudy
2015-10-05,13.0,0.0,24.5,cloudy
2015-10-06,13.399999999999999,5.8,36.4,rainy
2015-10-07,13.6,8.7,27.2,rainy
2015-10-08,13.55,0.5,15.4,cloudy
2015-10-09,11.5,0.6,16.9,cloudy
2015-10-10,8.85,0.0,22.4,cloudy
2015-10-11,8.1,0.0,26.5,cloudy
2015-10-12,7.35,0.0,25.5,cloudy
2015-10-13,7.15,0.0,23.4,cloudy
2015-10-14,8.75,3.9,25.5,cloudy
2015-10-15,10.05,5.4,30.3,rainy
2015-10-16,9.95,2.2,23.4,cloudy
2015-10-17,10.25,1.7,19.1,cloudy
2015-10-18,10.55,3.7,20.6,cloudy
2015-10-19,9.4,0.0,13.7,partly_cloudy
2015-10-20,9.649999999999999,0.0,14.3,partly_cloudy
2015-10-21,10.600000000000001,0.7,28.6,cloudy
2015-10-22,12.5,0.2,31.2,cloudy
2015-10-23,11.95,0.0,32.8,cloudy
2015-10-24,11.25,0.1,27.0,cloudy
2015-10-25,9.95,0.2,25.6,cloudy
2015-10-26,9.0,0.0,18.1,cloudy
2015-10-27,8.4,0.0,22.0,cloudy
2015-10-28,9.8,0.0,25.2,cloudy
2015-10-29,9.45,0.0,16.6,cloudy
2015-10-30,10.55,0.0,20.8,cloudy
2015-10-31,9.7,0.0,24.7,cloudy
2015-11-01,9.95,0.0,12.1,partly_cloudy
2015-11-02,9.0,0.0,13.8,partly_cloudy
2015-11-03,6.4,0.0,14.1,partly_cloudy
2015-11-04,6.7,0.0,14.8,partly_cloudy
2015-11-05,10.75,5.8,18.6,rainy
2015-11-06,12.350000000000001,9.4,24.3,rainy
2015-11-07,13.8,11.8,46.9,rainy
2015-11-08,11.95,0.5,41.8,cloudy
2015-11-09,12.05,6.6,44.1,rainy
2015-11-10,13.5,2.7,44.9,cloudy
2015-11-11,13.2,0.0,34.4,cloudy
2015-11-12,11.55,1.0,34.5,cloudy
2015-11-13,9.55,4.9,46.9,cloudy
2015-11-14,8.6,7.5,47.9,rainy
2015-11-15,8.5,8.4,22.1,rainy
2015-11-16,10.1,3.6,38.2,cloudy
2015-11-17,10.5,10.3,42.8,rainy
2015-11-18,11.0,11.0,49.3,rainy
2015-11-19,10.05,15.2,53.1,stormy
2015-11-20,7.2,3.8,30.3,cloudy
2015-11-21,3.5999999999999996,5.5,26.2,rainy
2015-11-22,2.0,2.7,46.1,cloudy
2015-11-23,2.2,2.3,27.3,cloudy
2015-11-24,5.75,10.5,41.9,rainy
2015-11-25,6.300000000000001,3.6,27.1,cloudy
2015-11-26,6.4,0.0,21.3,cloudy
2015-11-27,6.800000000000001,0.3,34.3,cloudy
2015-11-28,6.6,5.3,43.3,rainy
2015-11-29,7.800000000000001,10.5,62.3,stormy
2015-11-30,6.25,7.3,47.8,rainy
2015-12-01,6.85,1.4,31.1,cloudy
2015-12-02,9.05,0.6,31.8,cloudy
2015-12-03,9.4,0.9,30.8,cloudy
2015-12-04,8.6,3.5,46.4,cloudy
2015-12-05,9.5,0.8,49.8,cloudy
2015-12-06,9.5,0.4,49.6,cloudy
2015-12-07,7.05,0.4,22.5,cloudy
2015-12-08,9.25,2.4,25.3,cloudy
2015-12-09,8.55,1.0,37.1,cloudy
2015-12-10,7.550000000000001,6.1,41.9,rainy
2015-12-11,6.4,7.5,35.7,rainy
2015-12-12,4.75,9.8,35.6,rainy
2015-12-13,4.4,6.6,29.6,rainy
2015-12-14,3.6500000000000004,1.6,21.3,cloudy
2015-12-15,5.1,0.0,20.3,cloudy
2015-12-16,6.550000000000001,1.7,24.5,cloudy
2015-12-17,9.7,0.2,31.1,cloudy
2015-12-18,9.55,1.6,30.0,cloudy
2015-12-19,10.4,0.1,32.1,cloudy
2015-12-20,10.8,0.7,32.2,cloudy
2015-12-21,9.5,7.2,55.8,stormy
2015-12-22,9.8,4.0,48.7,cloudy
2015-12-23,9.5,6.3,45.6,rainy
2015-12-24,8.85,2.2,46.1,cloudy
2015-12-25,7.550000000000001,4.3,40.0,cloudy
2015-12-26,9.05,27.1,44.4,rainy
2015-12-27,8.85,4.4,43.6,cloudy
2015-12-28,5.1,0.0,30.8,cloudy
2015-12-29,4.95,0.0,32.7,cloudy
2015-12-30,5.3,0.0,31.1,cloudy
2015-12-31,5.0,2.3,31.6,cloudy
2016-01-01,4.75,0.0,22.9,cloudy
2016-01-02,0.5,0.0,38.5,cloudy
2016-01-03,-4.0,0.0,38.7,cloudy
2016-01-04,-3.85,0.0,37.2,cloudy
2016-01-05,-2.8,0.0,34.2,cloudy
2016-01-06,-2.1,0.0,27.5,cloudy
2016-01-07,-2.5,0.5,36.3,cloudy
2016-01-08,1.25,6.9,34.3,rainy
2016-01-09,2.0500000000000003,1.5,21.6,cloudy
2016-01-10,3.3,5.8,27.7,rainy
2016-01-11,3.25,0.4,21.1,cloudy
2016-01-12,3.3,8.4,19.3,rainy
2016-01-13,2.75,2.1,25.7,cloudy
2016-01-14,2.15,6.0,22.0,rainy
2016-01-15,0.85,0.9,21.9,cloudy
2016-01-16,0.30000000000000004,1.0,18.4,cloudy
2016-01-17,-2.2,0.0,22.7,cloudy
2016-01-18,-0.40000000000000013,0.9,23.7,cloudy
2016-01-19,0.6000000000000001,2.4,29.5,cloudy
2016-01-20,-3.1500000000000004,0.0,12.5,partly_cloudy
2016-01-21,-4.65,0.0,18.1,cloudy
2016-01-22,-3.15,0.0,26.3,cloudy
2016-01-23,1.6,4.5,22.6,cloudy
2016-01-24,4.85,1.5,24.7,cloudy
2016-01-25,7.0,0.0,32.1,cloudy
2016-01-26,6.8,2.3,49.1,cloudy
2016-01-27,8.2,5.7,48.2,rainy
2016-01-28,6.25,0.5,38.1,cloudy
2016-01-29,6.75,5.0,50.5,stormy
2016-01-30,5.7,15.1,47.9,rainy
2016-01-31,4.1,6.3,39.2,rainy
2016-02-01,6.050000000000001,2.5,47.4,cloudy
2016-02-02,7.05,2.2,54.8,stormy
2016-02-03,5.15,1.0,49.4,cloudy
2016-02-04,3.9,0.1,31.2,cloudy
2016-02-05,4.699999999999999,1.6,26.6,cloudy
2016-02-06,7.5,0.0,31.1,cloudy
2016-02-07,7.4,1.0,37.9,cloudy
2016-02-08,6.25,14.3,45.9,rainy
2016-02-09,5.0,5.8,39.8,rainy
2016-02-10,4.35,3.9,24.6,cloudy
2016-02-11,4.15,3.3,12.4,cloudy
2016-02-12,1.75,0.1,9.4,partly_cloudy
2016-02-13,1.2,0.0,24.6,cloudy
2016-02-14,1.75,0.0,33.1,cloudy
2016-02-15,-0.25,0.0,25.6,cloudy
2016-02-16,-0.04999999999999982,0.0,19.5,cloudy
2016-02-17,-0.1499999999999999,0.0,27.1,cloudy
2016-02-18,1.35,0.0,20.5,cloudy
2016-02-19,2.75,0.1,32.5,cloudy
2016-02-20,4.45,9.7,43.8,rainy
2016-02-21,5.65,11.3,35.5,rainy
2016-02-22,4.949999999999999,2.8,32.4,cloudy
2016-02-23,4.300000000000001,0.1,28.5,cloudy
2016-02-24,2.45,0.9,27.5,cloudy
2016-02-25,2.3,0.0,22.7,cloudy
2016-02-26,2.1999999999999997,0.1,15.9,cloudy
2016-02-27,1.2,0.0,8.3,partly_cloudy
2016-02-28,1.95,0.0,10.6,partly_cloudy
2016-02-29,0.7499999999999999,0.0,12.8,partly_cloudy
2016-03-01,0.30000000000000004,4.5,34.4,cloudy
2016-03-02,3.0,6.4,29.4,rainy
2016-03-03,2.25,2.8,14.3,cloudy
2016-03-04,2.75,1.5,26.3,cloudy
2016-03-05,2.6,3.6,23.5,cloudy
2016-03-06,2.5,0.0,15.0,cloudy
2016-03-07,2.6,0.6,14.4,partly_cloudy
2016-03-08,2.9499999999999997,0.3,18.8,cloudy
2016-03-09,3.75,0.0,21.7,cloudy
2016-03-10,2.5500000000000003,0.0,17.8,cloudy
2016-03-11,2.5500000000000003,0.0,15.5,cloudy
2016-03-12,2.3,0.0,11.3,partly_cloudy
2016-03-13,1.9,0.0,11.8,partly_cloudy
2016-03-14,3.55,0.0,14.0,partly_cloudy
2016-03-15,5.4,0.0,16.0,cloudy
2016-03-16,3.8000000000000003,0.0,14.0,partly_cloudy
2016-03-17,2.85,0.0,20.6,cloudy
2016-03-18,4.95,0.0,25.0,cloudy
2016-03-19,3.5,0.0,29.0,cloudy
2016-03-20,6.449999999999999,0.0,32.3,cloudy
2016-03-21,6.5,1.1,35.3,cloudy
2016-03-22,6.1,0.8,28.6,cloudy
2016-03-23,5.550000000000001,0.0,24.5,cloudy
2016-03-24,3.6,1.0,20.9,cloudy
2016-03-25,6.1,3.3,22.5,cloudy
2016-03-26,7.0,0.0,31.9,cloudy
2016-03-27,7.699999999999999,7.1,31.8,rainy
2016-03-28,8.15,2.2,42.7,cloudy
2016-03-29,7.1,1.2,29.7,cloudy
2016-03-30,5.949999999999999,4.6,32.6,cloudy
2016-03-31,5.25,0.0,20.5,cloudy
2016-04-01,4.05,0.0,16.6,cloudy
2016-04-02,8.35,0.0,20.7,cloudy
2016-04-03,9.9,0.2,17.1,cloudy
2016-04-04,11.2,4.6,23.6,cloudy
2016-04-05,7.6,5.2,19.3,rainy
2016-04-06,8.2,4.7,34.2,cloudy
2016-04-07,6.6,4.0,39.5,cloudy
2016-04-08,6.35,0.9,24.1,cloudy
2016-04-09,7.25,0.0,20.2,cloudy
2016-04-10,8.85,0.0,22.4,cloudy
2016-04-11,7.6,0.0,27.4,cloudy
2016-04-12,7.550000000000001,4.6,24.5,cloudy
2016-04-13,7.5,5.4,13.0,rainy
2016-04-14,8.55,2.9,12.8,cloudy
2016-04-15,8.9,4.5,15.5,cloudy
2016-04-16,7.699999999999999,6.1,42.0,rainy
2016-04-17,6.75,0.0,34.7,cloudy
2016-04-18,7.1,1.6,37.6,cloudy
2016-04-19,7.85,0.7,40.8,cloudy
2016-04-20,7.050000000000001,0.0,29.8,cloudy
2016-04-21,6.5,0.0,23.7,cloudy
2016-04-22,6.7,0.0,27.1,cloudy
2016-04-23,4.95,1.0,29.8,cloudy
2016-04-24,3.6,2.3,18.1,cloudy
2016-04-25,4.0,5.3,23.3,rainy
2016-04-26,3.45,6.7,20.6,rainy
2016-04-27,4.300000000000001,6.6,29.0,rainy
2016-04-28,5.85,1.1,26.1,cloudy
2016-04-29,6.1,4.3,36.8,cloudy
2016-04-30,6.35,0.1,24.7,cloudy
2016-05-01,6.5,0.0,14.8,partly_cloudy
2016-05-02,8.5,0.0,17.1,cloudy
2016-05-03,8.55,2.7,26.2,cloudy
2016-05-04,8.5,0.0,15.8,cloudy
2016-05-05,9.35,0.0,17.2,cloudy
2016-05-06,13.55,0.0,23.9,cloudy
2016-05-07,16.6,0.0,23.0,cloudy
2016-05-08,16.75,0.0,28.3,cloudy
2016-05-09,16.5,0.0,25.9,cloudy
2016-05-10,16.4,0.0,24.8,cloudy
2016-05-11,16.95,0.0,28.6,cloudy
2016-05-12,14.75,0.0,26.2,cloudy
2016-05-13,11.75,0.0,31.2,cloudy
2016-05-14,8.85,2.7,31.0,cloudy
2016-05-15,9.100000000000001,1.1,31.8,cloudy
2016-05-16,8.8,0.0,30.1,cloudy
2016-05-17,9.6,0.5,29.5,cloudy
2016-05-18,11.2,0.0,18.0,cloudy
2016-05-19,14.0,0.0,14.1,partly_cloudy
2016-05-20,12.9,0.9,29.1,cloudy
2016-05-21,14.55,2.9,25.6,cloudy
2016-05-22,17.65,2.9,24.0,cloudy
2016-05-23,12.649999999999999,6.4,24.0,rainy
2016-05-24,12.2,1.1,20.1,cloudy
2016-05-25,13.100000000000001,1.1,11.9,cloudy
2016-05-26,13.15,2.7,8.4,cloudy
2016-05-27,14.85,0.7,12.8,partly_cloudy
2016-05-28,14.65,0.0,16.0,cloudy
2016-05-29,15.7,0.3,24.4,cloudy
2016-05-30,18.85,0.2,30.0,cloudy
2016-05-31,18.55,4.6,23.4,cloudy
2016-06-01,20.25,0.4,23.1,cloudy
2016-06-02,19.549999999999997,4.2,20.4,cloudy
2016-06-03,20.05,0.0,18.6,sunny
2016-06-04,19.5,0.0,14.6,partly_cloudy
2016-06-05,18.15,0.0,17.1,cloudy
2016-06-06,18.2,0.3,11.2,partly_cloudy
2016-06-07,15.7,0.0,20.6,cloudy
2016-06-08,14.45,0.0,32.3,cloudy
2016-06-09,14.3,0.0,25.6,cloudy
2016-06-10,13.25,0.0,29.1,cloudy
2016-06-11,14.65,0.1,15.9,cloudy
2016-06-12,12.55,7.2,19.7,rainy
2016-06-13,14.05,8.4,23.3,rainy
2016-06-14,15.45,7.4,21.2,rainy
2016-06-15,15.149999999999999,4.1,10.4,cloudy
2016-06-16,14.950000000000001,0.5,12.6,partly_cloudy
2016-06-17,15.0,0.0,21.4,cloudy
2016-06-18,14.850000000000001,0.4,26.4,cloudy
2016-06-19,13.3,0.0,24.6,cloudy
2016-06-20,14.35,17.4,34.0,rainy
2016-06-21,16.05,1.3,18.6,cloudy
2016-06-22,17.2,5.0,21.1,cloudy
2016-06-23,19.85,7.9,18.5,rainy
2016-06-24,18.1,2.6,21.4,cloudy
2016-06-25,16.15,30.7,24.0,rainy
2016-06-26,15.5,1.4,28.3,cloudy
2016-06-27,15.45,3.1,35.8,cloudy
2016-06-28,15.05,0.0,17.8,cloudy
2016-06-29,15.05,8.6,24.3,rainy
2016-06-30,15.899999999999999,10.2,29.8,rainy
2016-07-01,15.95,6.1,37.4,rainy
2016-07-02,14.5,4.7,29.4,cloudy
2016-07-03,14.05,9.6,28.5,rainy
2016-07-04,15.1,1.0,20.9,cloudy
2016-07-05,14.35,6.8,40.0,rainy
2016-07-06,14.25,0.8,40.6,cloudy
2016-07-07,14.95,0.1,26.4,cloudy
2016-07-08,16.4,5.0,33.4,cloudy
2016-07-09,16.25,0.6,29.4,cloudy
2016-07-10,17.8,8.3,28.4,rainy
2016-07-11,17.25,1.7,36.9,cloudy
2016-07-12,15.2,5.3,29.8,rainy
2016-07-13,14.4,0.0,19.9,cloudy
2016-07-14,14.05,1.9,35.2,cloudy
2016-07-15,14.55,0.1,36.2,cloudy
2016-07-16,15.549999999999999,0.6,31.9,cloudy
2016-07-17,14.850000000000001,0.6,26.7,cloudy
2016-07-18,16.35,0.2,25.3,cloudy
2016-07-19,18.65,0.0,17.0,cloudy
2016-07-20,19.85,0.0,26.1,cloudy
2016-07-21,21.3,3.4,23.6,cloudy
2016-07-22,20.0,2.6,9.3,cloudy
2016-07-23,21.25,0.1,10.6,sunny
2016-07-24,20.6,0.0,10.1,sunny
2016-07-25,19.5,1.7,17.9,cloudy
2016-07-26,17.549999999999997,0.0,17.1,cloudy
2016-07-27,18.05,2.9,19.5,cloudy
2016-07-28,17.2,0.0,13.8,partly_cloudy
2016-07-29,18.0,2.4,21.1,cloudy
2016-07-30,16.1,3.7,23.3,cloudy
2016-07-31,15.8,0.7,14.8,partly_cloudy
2016-08-01,15.600000000000001,6.3,24.5,rainy
2016-08-02,16.4,0.1,13.4,partly_cloudy
2016-08-03,17.200000000000003,5.6,30.8,rainy
2016-08-04,17.799999999999997,2.0,33.2,cloudy
2016-08-05,17.6,0.8,24.6,cloudy
2016-08-06,16.05,4.9,25.4,cloudy
2016-08-07,16.6,2.4,35.9,cloudy
2016-08-08,16.15,2.1,40.3,cloudy
2016-08-09,12.95,0.9,31.8,cloudy
2016-08-10,12.6,4.3,30.3,cloudy
2016-08-11,12.899999999999999,1.4,25.9,cloudy
2016-08-12,15.75,0.8,30.2,cloudy
2016-08-13,16.55,0.4,30.7,cloudy
2016-08-14,15.65,0.0,24.4,cloudy
2016-08-15,15.0,0.0,18.7,cloudy
2016-08-16,16.4,0.0,11.2,partly_cloudy
2016-08-17,15.0,0.0,13.0,partly_cloudy
2016-08-18,16.1,0.0,15.6,cloudy
2016-08-19,16.15,0.0,16.3,cloudy
2016-08-20,17.55,6.2,26.3,rainy
2016-08-21,16.9,2.3,28.3,cloudy
2016-08-22,17.05,8.3,27.4,rainy
2016-08-23,17.4,0.1,21.3,cloudy
2016-08-24,20.15,0.0,16.6,sunny
2016-08-25,23.1,0.0,19.4,sunny
2016-08-26,19.85,0.2,23.4,cloudy
2016-08-27,17.9,0.0,19.5,cloudy
2016-08-28,18.45,20.5,27.5,rainy
2016-08-29,16.1,0.6,29.7,cloudy
2016-08-30,17.15,0.0,22.3,cloudy
2016-08-31,18.1,0.0,16.2,cloudy
2016-09-01,16.85,0.4,19.7,cloudy
2016-09-02,16.5,1.5,28.3,cloudy
2016-09-03,16.799999999999997,0.7,24.4,cloudy
2016-09-04,16.25,22.2,18.6,rainy
2016-09-05,17.05,0.0,21.3,cloudy
2016-09-06,16.65,0.0,20.4,cloudy
2016-09-07,18.85,0.0,14.3,partly_cloudy
2016-09-08,19.6,0.0,19.5,cloudy
2016-09-09,18.05,0.0,16.9,cloudy
2016-09-10,18.65,0.0,16.0,cloudy
2016-09-11,15.850000000000001,0.2,23.3,cloudy
2016-09-12,18.95,0.0,16.8,cloudy
2016-09-13,23.049999999999997,0.0,20.1,cloudy
2016-09-14,22.25,0.0,21.3,cloudy
2016-09-15,20.45,0.0,24.1,cloudy
2016-09-16,18.55,7.4,19.0,rainy
2016-09-17,17.45,0.5,22.1,cloudy
2016-09-18,15.5,0.0,21.0,cloudy
2016-09-19,14.899999999999999,0.1,15.4,cloudy
2016-09-20,15.05,0.0,9.4,partly_cloudy
2016-09-21,15.8,0.0,15.8,cloudy
2016-09-22,14.9,0.0,16.9,cloudy
2016-09-23,15.85,1.2,20.4,cloudy
2016-09-24,15.3,0.0,19.4,cloudy
2016-09-25,17.2,0.0,25.3,cloudy
2016-09-26,15.55,0.0,16.2,cloudy
2016-09-27,13.9,0.0,33.2,cloudy
2016-09-28,17.4,2.2,38.2,cloudy
2016-09-29,16.799999999999997,6.5,46.9,rainy
2016-09-30,13.45,6.4,38.2,rainy
2016-10-01,13.25,3.5,20.9,cloudy
2016-10-02,12.15,6.7,18.2,rainy
2016-10-03,12.399999999999999,2.5,29.3,cloudy
2016-10-04,11.6,0.0,23.0,cloudy
2016-10-05,9.25,0.0,27.3,cloudy
2016-10-06,9.55,0.0,27.3,cloudy
2016-10-07,10.1,0.0,24.0,cloudy
2016-10-08,9.65,0.0,21.7,cloudy
2016-10-09,8.2,0.0,20.1,cloudy
2016-10-10,9.15,1.3,21.3,cloudy
2016-10-11,9.8,0.2,28.0,cloudy
2016-10-12,9.45,1.4,29.4,cloudy
2016-10-13,9.75,0.1,31.2,cloudy
2016-10-14,8.65,0.6,33.8,cloudy
2016-10-15,9.7,4.2,33.8,cloudy
2016-10-16,11.3,0.0,21.3,cloudy
2016-10-17,10.899999999999999,0.0,25.3,cloudy
2016-10-18,11.600000000000001,6.3,24.6,rainy
2016-10-19,8.7,3.2,19.4,cloudy
2016-10-20,10.0,4.2,26.7,cloudy
2016-10-21,8.85,3.1,26.7,cloudy
2016-10-22,7.1,1.9,20.1,cloudy
2016-10-23,6.85,2.9,16.1,cloudy
2016-10-24,7.0,0.0,19.0,cloudy
2016-10-25,6.7,0.0,14.9,partly_cloudy
2016-10-26,7.15,1.6,27.7,cloudy
2016-10-27,12.25,1.0,30.0,cloudy
2016-10-28,11.7,1.2,33.9,cloudy
2016-10-29,10.95,0.0,29.1,cloudy
2016-10-30,10.5,0.0,19.1,cloudy
2016-10-31,11.0,0.3,18.1,cloudy
2016-11-01,10.1,0.3,32.4,cloudy
2016-11-02,5.699999999999999,2.2,34.0,cloudy
2016-11-03,3.95,1.6,20.2,cloudy
2016-11-04,8.65,11.0,25.5,rainy
2016-11-05,7.1,5.2,23.1,rainy
2016-11-06,5.300000000000001,4.1,30.1,cloudy
2016-11-07,2.05,0.0,27.5,cloudy
2016-11-08,-0.75,0.0,17.5,cloudy
2016-11-09,-1.0,0.0,13.2,partly_cloudy
2016-11-10,1.85,0.1,17.7,cloudy
2016-11-11,1.8000000000000003,0.0,19.2,cloudy
2016-11-12,0.8499999999999999,0.0,24.7,cloudy
2016-11-13,1.2,0.0,24.1,cloudy
2016-11-14,2.9,6.3,33.8,rainy
2016-11-15,8.2,1.4,30.8,cloudy
2016-11-16,8.15,2.4,29.7,cloudy
2016-11-17,7.6,5.5,40.3,rainy
2016-11-18,7.15,6.5,38.2,rainy
2016-11-19,5.35,2.2,36.7,cloudy
2016-11-20,6.55,6.1,53.9,stormy
2016-11-21,8.7,2.9,39.2,cloudy
2016-11-22,9.600000000000001,0.3,23.4,cloudy
2016-11-23,7.35,0.0,17.0,cloudy
2016-11-24,4.5,0.0,15.6,cloudy
2016-11-25,2.3499999999999996,0.0,9.5,partly_cloudy
2016-11-26,6.4,0.0,28.0,cloudy
2016-11-27,4.65,0.0,27.8,cloudy
2016-11-28,0.3500000000000001,0.0,19.0,cloudy
2016-11-29,2.5999999999999996,0.0,29.5,cloudy
2016-11-30,7.4,3.1,33.0,cloudy
2016-12-01,7.95,0.4,39.6,cloudy
2016-12-02,4.4,0.0,38.2,cloudy
2016-12-03,0.19999999999999996,0.0,8.4,partly_cloudy
2016-12-04,4.9,0.0,12.2,partly_cloudy
2016-12-05,4.5,0.0,16.7,cloudy
2016-12-06,5.6,0.0,16.7,cloudy
2016-12-07,5.8999999999999995,1.8,34.0,cloudy
2016-12-08,8.600000000000001,5.5,36.1,rainy
2016-12-09,8.3,1.3,31.9,cloudy
2016-12-10,8.4,3.7,30.5,cloudy
2016-12-11,7.25,5.2,29.3,rainy
2016-12-12,5.3,0.0,24.9,cloudy
2016-12-13,5.949999999999999,1.9,16.9,cloudy
2016-12-14,4.4,0.4,17.2,cloudy
2016-12-15,2.2,0.0,21.1,cloudy
2016-12-16,1.5,0.0,21.1,cloudy
2016-12-17,3.75,0.0,20.2,cloudy
2016-12-18,6.0,0.3,22.7,cloudy
2016-12-19,4.9,0.0,12.3,partly_cloudy
2016-12-20,2.6,0.0,21.8,cloudy
2016-12-21,3.7,0.0,34.0,cloudy
2016-12-22,6.35,0.3,30.9,cloudy
2016-12-23,6.55,1.9,45.7,cloudy
2016-12-24,6.300000000000001,6.3,47.2,rainy
2016-12-25,7.5,0.8,38.4,cloudy
2016-12-26,7.0,3.4,54.9,stormy
2016-12-27,7.6,0.3,55.0,stormy
2016-12-28,6.35,0.0,27.5,cloudy
2016-12-29,4.699999999999999,0.0,23.5,cloudy
2016-12-30,4.85,0.0,24.8,cloudy
2016-12-31,7.0,0.0,30.8,cloudy
2017-01-01,6.5,10.3,41.7,rainy
2017-01-02,4.199999999999999,1.8,41.8,cloudy
2017-01-03,6.4,5.2,57.3,stormy
2017-01-04,3.9000000000000004,0.8,75.8,stormy
2017-01-05,-1.1,0.0,33.5,cloudy
2017-01-06,-0.9,0.1,42.1,cloudy
2017-01-07,4.05,2.6,44.5,cloudy
2017-01-08,3.0999999999999996,0.0,22.2,cloudy
2017-01-09,4.4,1.9,44.0,cloudy
2017-01-10,4.4,5.7,44.9,rainy
2017-01-11,5.5,9.9,63.3,stormy
2017-01-12,4.55,0.7,59.5,stormy
2017-01-13,3.1500000000000004,4.7,38.1,cloudy
2017-01-14,2.95,1.4,49.8,cloudy
2017-01-15,1.6500000000000001,0.0,33.7,cloudy
2017-01-16,0.6499999999999999,0.0,17.3,cloudy
2017-01-17,2.1999999999999997,0.0,28.1,cloudy
2017-01-18,4.2,0.3,35.6,cloudy
2017-01-19,4.65,1.6,28.8,cloudy
2017-01-20,4.3,0.0,22.7,cloudy
2017-01-21,4.25,0.0,20.7,cloudy
2017-01-22,1.65,0.1,19.6,cloudy
2017-01-23,2.55,0.1,21.1,cloudy
2017-01-24,3.6500000000000004,0.0,25.5,cloudy
2017-01-25,1.65,0.0,26.9,cloudy
2017-01-26,0.75,0.0,29.5,cloudy
2017-01-27,1.2999999999999998,0.0,33.2,cloudy
2017-01-28,2.65,0.0,28.8,cloudy
2017-01-29,3.5,2.1,38.3,cloudy
2017-01-30,2.7,6.1,32.1,rainy
2017-01-31,2.4,0.0,32.2,cloudy
2017-02-01,1.7,0.0,35.7,cloudy
2017-02-02,2.1,0.4,35.9,cloudy
2017-02-03,2.55,6.2,32.6,rainy
2017-02-04,2.25,2.7,25.6,cloudy
2017-02-05,1.6500000000000001,1.7,27.6,cloudy
2017-02-06,1.35,2.9,34.0,cloudy
2017-02-07,0.050000000000000044,0.9,37.7,cloudy
2017-02-08,-1.45,0.1,37.8,cloudy
2017-02-09,-1.65,0.1,28.1,cloudy
2017-02-10,-1.15,0.0,35.7,cloudy
2017-02-11,0.29999999999999993,0.0,42.4,cloudy
2017-02-12,0.5,0.0,35.7,cloudy
2017-02-13,-0.20000000000000007,0.0,28.9,cloudy
2017-02-14,-0.19999999999999996,0.0,25.7,cloudy
2017-02-15,1.45,0.0,22.7,cloudy
2017-02-16,4.2,0.6,47.8,cloudy
2017-02-17,3.5,0.6,31.1,cloudy
2017-02-18,3.0999999999999996,2.8,37.5,cloudy
2017-02-19,3.75,5.8,38.7,rainy
2017-02-20,5.0,4.7,48.4,cloudy
2017-02-21,4.4,0.0,43.4,cloudy
2017-02-22,5.050000000000001,8.0,61.6,stormy
2017-02-23,3.35,11.1,59.8,stormy
2017-02-24,2.6,0.8,52.7,stormy
2017-02-25,4.35,11.7,54.7,stormy
2017-02-26,5.25,2.7,47.9,cloudy
2017-02-27,5.699999999999999,11.3,48.3,rainy
2017-02-28,4.1,2.2,50.6,stormy
2017-03-01,4.05,3.2,51.0,stormy
2017-03-02,4.4,1.2,38.6,cloudy
2017-03-03,4.75,0.2,40.7,cloudy
2017-03-04,5.15,3.6,27.3,cloudy
2017-03-05,4.9,3.1,34.5,cloudy
2017-03-06,3.25,0.4,38.8,cloudy
2017-03-07,1.2,0.0,24.3,cloudy
2017-03-08,3.0999999999999996,5.6,39.0,rainy
2017-03-09,4.65,6.2,42.8,rainy
2017-03-10,4.95,0.0,38.7,cloudy
2017-03-11,5.0,0.0,26.9,cloudy
2017-03-12,4.4,0.2,30.3,cloudy
2017-03-13,3.8,1.4,26.5,cloudy
2017-03-14,5.85,0.0,38.3,cloudy
2017-03-15,6.15,0.0,43.5,cloudy
2017-03-16,6.1,0.1,40.6,cloudy
2017-03-17,5.65,8.8,46.5,rainy
2017-03-18,5.25,7.4,59.4,stormy
2017-03-19,4.7,12.5,40.9,rainy
2017-03-20,6.25,8.7,52.0,stormy
2017-03-21,5.699999999999999,0.6,47.8,cloudy
2017-03-22,5.75,0.1,39.3,cloudy
2017-03-23,6.0,0.0,26.6,cloudy
2017-03-24,4.55,0.0,19.7,cloudy
2017-03-25,6.1,0.0,27.0,cloudy
2017-03-26,5.949999999999999,0.0,17.0,cloudy
2017-03-27,5.25,0.0,17.1,cloudy
2017-03-28,4.2,0.0,17.1,cloudy
2017-03-29,6.1,1.3,29.1,cloudy
2017-03-30,7.25,5.8,34.9,rainy
2017-03-31,9.6,0.7,31.2,cloudy
2017-04-01,7.35,1.1,25.7,cloudy
2017-04-02,7.2,0.0,24.2,cloudy
2017-04-03,6.65,0.0,20.9,cloudy
2017-04-04,7.3500000000000005,0.0,21.6,cloudy
2017-04-05,7.55,0.4,49.6,cloudy
2017-04-06,7.45,0.0,49.3,cloudy
2017-04-07,8.3,0.1,40.2,cloudy
2017-04-08,7.65,0.0,31.5,cloudy
2017-04-09,8.3,0.0,34.3,cloudy
2017-04-10,9.25,0.0,51.7,stormy
2017-04-11,7.25,3.9,47.9,cloudy
2017-04-12,8.2,7.7,46.7,rainy
2017-04-13,7.75,1.5,48.6,cloudy
2017-04-14,7.6,3.0,43.5,cloudy
2017-04-15,6.9,9.3,50.2,stormy
2017-04-16,5.55,2.5,42.6,cloudy
2017-04-17,6.1,2.3,34.4,cloudy
2017-04-18,4.35,1.7,38.5,cloudy
2017-04-19,4.75,0.0,22.7,cloudy
2017-04-20,6.8999999999999995,0.1,33.9,cloudy
2017-04-21,7.949999999999999,0.5,48.0,cloudy
2017-04-22,6.65,2.0,56.0,stormy
2017-04-23,6.65,2.0,46.8,cloudy
2017-04-24,7.3,3.1,49.4,cloudy
2017-04-25,4.75,3.1,31.7,cloudy
2017-04-26,6.050000000000001,0.2,25.1,cloudy
2017-04-27,6.9,2.9,42.3,cloudy
2017-04-28,6.85,0.8,25.3,cloudy
2017-04-29,6.75,0.6,29.7,cloudy
2017-04-30,7.949999999999999,0.0,37.7,cloudy
2017-05-01,9.25,0.0,42.2,cloudy
2017-05-02,9.2,0.0,39.9,cloudy
2017-05-03,9.95,0.0,36.7,cloudy
2017-05-04,9.65,0.0,36.7,cloudy
2017-05-05,9.45,0.0,33.9,cloudy
2017-05-06,8.9,0.0,18.8,cloudy
2017-05-07,8.899999999999999,0.0,29.0,cloudy
2017-05-08,8.9,0.4,40.2,cloudy
2017-05-09,7.35,0.8,35.6,cloudy
2017-05-10,8.4,2.3,36.2,cloudy
2017-05-11,10.45,0.0,32.8,cloudy
2017-05-12,10.649999999999999,3.5,38.9,cloudy
2017-05-13,11.6,3.6,30.1,cloudy
2017-05-14,11.75,0.6,22.2,cloudy
2017-05-15,11.7,1.4,25.9,cloudy
2017-05-16,12.6,19.8,36.4,rainy
2017-05-17,14.25,1.2,36.6,cloudy
2017-05-18,13.5,0.1,38.5,cloudy
2017-05-19,12.65,2.9,24.6,cloudy
2017-05-20,11.350000000000001,8.1,27.1,rainy
2017-05-21,11.85,0.0,24.6,cloudy
2017-05-22,11.95,0.0,17.8,cloudy
2017-05-23,12.95,0.0,42.6,cloudy
2017-05-24,11.649999999999999,0.0,40.3,cloudy
2017-05-25,12.350000000000001,0.0,33.9,cloudy
2017-05-26,13.2,0.0,29.3,cloudy
2017-05-27,16.25,0.0,33.0,cloudy
2017-05-28,16.05,0.4,34.3,cloudy
2017-05-29,13.35,1.2,29.6,cloudy
2017-05-30,13.75,2.8,33.4,cloudy
2017-05-31,13.2,0.2,47.2,cloudy
2017-06-01,12.25,0.0,37.5,cloudy
2017-06-02,14.2,0.0,14.3,partly_cloudy
2017-06-03,15.7,0.8,17.3,cloudy
2017-06-04,13.7,0.0,31.9,cloudy
2017-06-05,14.600000000000001,0.1,35.3,cloudy
2017-06-06,16.65,0.3,48.6,cloudy
2017-06-07,13.5,10.8,68.7,stormy
2017-06-08,14.7,5.3,63.4,stormy
2017-06-09,15.0,18.1,29.9,rainy
2017-06-10,14.5,0.0,31.8,cloudy
2017-06-11,15.75,2.3,37.0,cloudy
2017-06-12,14.7,2.0,52.2,stormy
2017-06-13,13.8,0.9,48.9,cloudy
2017-06-14,14.2,0.0,26.8,cloudy
2017-06-15,16.8,0.3,38.7,cloudy
2017-06-16,14.5,0.7,45.0,cloudy
2017-06-17,14.5,0.0,42.8,cloudy
2017-06-18,15.75,0.0,21.6,cloudy
2017-06-19,16.85,0.0,23.8,cloudy
2017-06-20,15.2,0.0,35.8,cloudy
2017-06-21,14.149999999999999,0.3,33.5,cloudy
2017-06-22,16.35,8.0,35.9,rainy
2017-06-23,15.7,2.6,43.2,cloudy
2017-06-24,15.8,4.0,42.9,cloudy
2017-06-25,15.45,1.0,46.5,cloudy
2017-06-26,14.350000000000001,0.7,45.7,cloudy
2017-06-27,14.100000000000001,0.0,34.0,cloudy
2017-06-28,16.2,12.6,39.4,rainy
2017-06-29,16.7,10.8,34.1,rainy
2017-06-30,15.65,25.4,26.9,rainy
2017-07-01,15.45,1.4,37.7,cloudy
2017-07-02,14.850000000000001,0.8,44.0,cloudy
2017-07-03,15.4,12.6,46.3,rainy
2017-07-04,14.5,0.9,45.7,cloudy
2017-07-05,14.2,0.7,26.0,cloudy
2017-07-06,14.75,0.1,18.9,cloudy
2017-07-07,16.35,3.5,17.3,cloudy
2017-07-08,15.8,0.6,33.9,cloudy
2017-07-09,15.600000000000001,0.0,27.0,cloudy
2017-07-10,16.15,0.0,13.5,partly_cloudy
2017-07-11,16.95,1.8,33.9,cloudy
2017-07-12,15.15,12.5,52.9,stormy
2017-07-13,15.25,0.4,50.6,stormy
2017-07-14,16.45,0.6,28.0,cloudy
2017-07-15,16.4,0.1,23.0,cloudy
2017-07-16,16.6,3.6,42.8,cloudy
2017-07-17,16.05,0.3,32.1,cloudy
2017-07-18,16.15,0.0,27.4,cloudy
2017-07-19,17.4,0.0,34.6,cloudy
2017-07-20,18.049999999999997,9.6,30.5,rainy
2017-07-21,17.15,0.9,31.7,cloudy
2017-07-22,17.35,1.5,30.0,cloudy
2017-07-23,17.299999999999997,4.7,34.5,cloudy
2017-07-24,16.85,2.0,20.1,cloudy
2017-07-25,17.35,1.3,34.1,cloudy
2017-07-26,17.35,0.2,28.1,cloudy
2017-07-27,17.5,0.2,35.2,cloudy
2017-07-28,16.6,11.4,41.6,rainy
2017-07-29,17.6,11.7,51.3,stormy
2017-07-30,17.85,2.8,40.6,cloudy
2017-07-31,17.5,2.5,36.2,cloudy
2017-08-01,18.5,0.7,24.4,cloudy
2017-08-02,18.0,1.5,35.9,cloudy
2017-08-03,18.1,9.9,48.8,rainy
2017-08-04,18.0,4.2,52.8,stormy
2017-08-05,16.299999999999997,4.9,49.5,cloudy
2017-08-06,15.75,7.3,36.6,rainy
2017-08-07,17.450000000000003,0.0,35.8,cloudy
2017-08-08,18.65,12.1,28.8,rainy
2017-08-09,17.65,1.9,54.1,stormy
2017-08-10,16.35,0.3,29.8,cloudy
2017-08-11,16.05,0.2,24.3,cloudy
2017-08-12,17.2,7.4,37.1,rainy
2017-08-13,16.1,0.3,37.6,cloudy
2017-08-14,17.2,0.0,29.5,cloudy
2017-08-15,18.15,1.7,29.9,cloudy
2017-08-16,17.549999999999997,0.0,24.5,cloudy
2017-08-17,18.2,5.9,38.8,rainy
2017-08-18,17.85,6.1,39.0,rainy
2017-08-19,16.05,15.0,42.0,rainy
2017-08-20,15.600000000000001,20.3,43.5,rainy
2017-08-21,16.05,2.9,44.3,cloudy
2017-08-22,16.3,0.2,38.2,cloudy
2017-08-23,15.9,0.0,28.1,cloudy
2017-08-24,16.7,3.1,36.9,cloudy
2017-08-25,16.9,0.7,33.9,cloudy
2017-08-26,16.9,0.0,15.2,cloudy
2017-08-27,16.75,0.3,28.2,cloudy
2017-08-28,17.15,0.0,24.1,cloudy
2017-08-29,18.049999999999997,0.0,31.7,cloudy
2017-08-30,16.7,29.0,32.6,rainy
2017-08-31,15.649999999999999,19.9,38.7,rainy
2017-09-01,16.15,0.4,24.2,cloudy
2017-09-02,15.0,2.0,20.2,cloudy
2017-09-03,15.5,1.4,16.7,cloudy
2017-09-04,15.649999999999999,0.0,10.1,partly_cloudy
2017-09-05,16.7,1.1,30.6,cloudy
2017-09-06,16.85,9.2,49.1,rainy
2017-09-07,16.05,2.3,41.8,cloudy
2017-09-08,16.15,26.6,49.9,rainy
2017-09-09,15.450000000000001,7.5,25.9,rainy
2017-09-10,15.5,8.8,53.5,stormy
2017-09-11,15.3,16.8,59.8,stormy
2017-09-12,15.2,17.7,41.6,rainy
2017-09-13,14.6,19.4,77.4,stormy
2017-09-14,14.0,11.1,61.5,stormy
2017-09-15,14.05,6.3,42.4,rainy
2017-09-16,13.55,2.4,18.4,cloudy
2017-09-17,12.5,1.5,15.6,cloudy
2017-09-18,12.1,0.0,12.1,partly_cloudy
2017-09-19,14.05,3.6,35.1,cloudy
2017-09-20,14.350000000000001,7.0,36.9,rainy
2017-09-21,15.15,1.5,30.4,cloudy
2017-09-22,14.45,0.0,19.0,cloudy
2017-09-23,14.3,0.0,16.2,cloudy
2017-09-24,14.75,0.3,25.0,cloudy
2017-09-25,15.3,0.4,31.2,cloudy
2017-09-26,14.75,0.4,28.5,cloudy
2017-09-27,15.3,4.8,32.8,cloudy
2017-09-28,15.149999999999999,0.7,28.0,cloudy
2017-09-29,15.899999999999999,1.1,32.4,cloudy
2017-09-30,15.450000000000001,35.2,50.7,stormy
2017-10-01,15.0,0.5,45.7,cloudy
2017-10-02,14.8,16.1,50.7,stormy
2017-10-03,14.25,5.4,53.2,stormy
2017-10-04,13.8,6.6,61.9,stormy
2017-10-05,12.75,32.2,55.6,stormy
2017-10-06,13.0,7.8,52.8,stormy
2017-10-07,13.3,14.9,50.1,stormy
2017-10-08,11.8,0.0,37.2,cloudy
2017-10-09,12.45,1.4,31.2,cloudy
2017-10-10,13.05,8.7,37.1,rainy
2017-10-11,14.25,1.9,52.8,stormy
2017-10-12,13.399999999999999,6.9,58.5,stormy
2017-10-13,14.4,0.8,40.5,cloudy
2017-10-14,14.95,1.5,40.2,cloudy
2017-10-15,14.55,0.0,34.0,cloudy
2017-10-16,15.3,0.0,35.4,cloudy
2017-10-17,15.4,0.1,46.8,cloudy
2017-10-18,13.5,4.9,35.9,cloudy
2017-10-19,13.55,0.4,31.1,cloudy
2017-10-20,13.7,3.6,38.4,cloudy
2017-10-21,13.05,6.2,36.7,rainy
2017-10-22,12.65,2.4,40.9,cloudy
2017-10-23,11.899999999999999,0.2,30.0,cloudy
2017-10-24,13.0,6.3,42.0,rainy
2017-10-25,13.85,7.0,55.1,stormy
2017-10-26,13.149999999999999,0.7,47.0,cloudy
2017-10-27,12.05,4.7,51.0,stormy
2017-10-28,12.5,5.9,70.0,stormy
2017-10-29,11.5,3.3,87.2,stormy
2017-10-30,10.0,0.5,45.6,cloudy
2017-10-31,11.35,1.2,37.7,cloudy
2017-11-01,12.55,2.9,44.5,cloudy
2017-11-02,11.6,2.9,48.0,cloudy
2017-11-03,10.9,0.5,33.9,cloudy
2017-11-04,10.85,1.5,35.7,cloudy
2017-11-05,10.7,1.4,32.8,cloudy
2017-11-06,9.95,0.5,27.3,cloudy
2017-11-07,7.949999999999999,1.2,31.3,cloudy
2017-11-08,7.8,0.0,27.7,cloudy
2017-11-09,9.95,1.5,41.1,cloudy
2017-11-10,8.85,6.5,58.9,stormy
2017-11-11,7.8500000000000005,5.8,54.7,stormy
2017-11-12,8.0,7.3,48.3,rainy
2017-11-13,8.0,0.0,28.2,cloudy
2017-11-14,9.7,4.7,46.8,cloudy
2017-11-15,9.75,0.1,21.7,cloudy
2017-11-16,9.55,4.6,42.6,cloudy
2017-11-17,9.25,0.1,42.8,cloudy
2017-11-18,8.0,15.6,56.4,stormy
2017-11-19,7.8,3.8,60.3,stormy
2017-11-20,7.3999999999999995,1.6,47.4,cloudy
2017-11-21,5.3,1.3,36.2,cloudy
2017-11-22,8.65,7.1,49.4,rainy
2017-11-23,10.399999999999999,2.2,56.4,stormy
2017-11-24,8.3,0.9,47.4,cloudy
2017-11-25,6.6499999999999995,1.1,36.3,cloudy
2017-11-26,7.25,4.6,48.4,cloudy
2017-11-27,7.5,12.4,61.0,stormy
2017-11-28,6.55,4.8,51.7,stormy
2017-11-29,4.05,0.3,14.5,partly_cloudy
2017-11-30,4.3,4.4,27.7,cloudy
2017-12-01,3.5,0.0,28.2,cloudy
2017-12-02,5.9,2.7,45.4,cloudy
2017-12-03,7.75,4.5,39.8,cloudy
2017-12-04,7.5,1.2,47.4,cloudy
2017-12-05,8.45,0.3,44.6,cloudy
2017-12-06,8.55,1.3,48.5,cloudy
2017-12-07,7.55,6.6,66.8,stormy
2017-12-08,5.5,3.7,47.3,cloudy
2017-12-09,4.7,5.1,53.4,stormy
2017-12-10,2.75,6.3,47.0,rainy
2017-12-11,1.8,2.4,41.2,cloudy
2017-12-12,4.4,1.5,44.7,cloudy
2017-12-13,5.1,7.3,62.0,stormy
2017-12-14,4.55,7.6,45.5,rainy
2017-12-15,5.25,6.9,30.5,rainy
2017-12-16,5.05,0.6,37.2,cloudy
2017-12-17,4.4,0.7,37.9,cloudy
2017-12-18,4.9,1.7,39.5,cloudy
2017-12-19,6.05,0.5,21.2,cloudy
2017-12-20,6.449999999999999,2.2,28.9,cloudy
2017-12-21,6.7,0.0,28.8,cloudy
2017-12-22,6.699999999999999,0.0,37.0,cloudy
2017-12-23,7.8500000000000005,0.1,55.1,stormy
2017-12-24,8.0,1.2,53.3,stormy
2017-12-25,7.05,0.8,52.1,stormy
2017-12-26,5.45,2.5,64.8,stormy
2017-12-27,4.85,10.8,41.6,rainy
2017-12-28,4.9,3.0,43.6,cloudy
2017-12-29,4.3,3.1,43.2,cloudy
2017-12-30,4.1,4.8,39.4,cloudy
2017-12-31,7.15,6.6,56.1,stormy
2018-01-01,6.449999999999999,6.5,55.5,stormy
2018-01-02,5.6,0.4,38.9,cloudy
2018-01-03,5.8,16.1,55.4,stormy
2018-01-04,5.050000000000001,3.2,46.2,cloudy
2018-01-05,3.7,6.0,27.6,rainy
2018-01-06,3.0,3.4,27.5,cloudy
2018-01-07,1.3,0.0,26.8,cloudy
2018-01-08,1.3499999999999999,0.0,35.3,cloudy
2018-01-09,3.0,0.0,39.7,cloudy
2018-01-10,3.4,1.0,27.3,cloudy
2018-01-11,3.3,1.4,23.0,cloudy
2018-01-12,3.0,0.8,31.7,cloudy
2018-01-13,1.3,0.9,37.0,cloudy
2018-01-14,0.6,0.0,45.6,cloudy
2018-01-15,2.9000000000000004,8.4,56.6,stormy
2018-01-16,4.0,7.7,54.3,stormy
2018-01-17,3.45,2.2,40.0,cloudy
2018-01-18,2.8499999999999996,5.4,39.2,rainy
2018-01-19,3.75,1.5,28.9,cloudy
2018-01-20,3.3499999999999996,3.1,30.5,cloudy
2018-01-21,1.9000000000000001,1.4,33.3,cloudy
2018-01-22,1.35,2.8,36.4,cloudy
2018-01-23,3.6500000000000004,4.6,49.7,cloudy
2018-01-24,6.95,5.5,63.8,stormy
2018-01-25,5.25,2.6,47.3,cloudy
2018-01-26,4.199999999999999,0.1,20.3,cloudy
2018-01-27,4.85,6.1,59.0,stormy
2018-01-28,6.4,1.9,61.2,stormy
2018-01-29,6.45,3.8,55.1,stormy
2018-01-30,5.25,0.0,50.7,stormy
2018-01-31,5.1,3.9,46.3,cloudy
2018-02-01,4.300000000000001,4.4,53.3,stormy
2018-02-02,2.25,1.3,42.6,cloudy
2018-02-03,-0.55,0.0,36.9,cloudy
2018-02-04,1.2,0.2,46.7,cloudy
2018-02-05,-0.4,0.0,26.9,cloudy
2018-02-06,-0.5,0.3,23.1,cloudy
2018-02-07,1.75,0.1,22.9,cloudy
2018-02-08,1.8,0.0,35.6,cloudy
2018-02-09,0.9,0.0,37.5,cloudy
2018-02-10,1.05,0.2,34.7,cloudy
2018-02-11,2.7,8.1,71.3,stormy
2018-02-12,3.3,1.8,65.9,stormy
2018-02-13,2.65,1.3,31.9,cloudy
2018-02-14,1.8,0.0,43.3,cloudy
2018-02-15,2.85,7.2,48.0,rainy
2018-02-16,3.95,0.0,36.5,cloudy
2018-02-17,2.9000000000000004,0.0,23.8,cloudy
2018-02-18,2.3499999999999996,0.0,28.9,cloudy
2018-02-19,2.45,1.0,20.2,cloudy
2018-02-20,2.0,0.8,19.9,cloudy
2018-02-21,1.15,0.0,15.2,cloudy
2018-02-22,1.6500000000000001,0.0,23.2,cloudy
2018-02-23,0.7,0.0,23.0,cloudy
2018-02-24,-0.10000000000000003,0.1,32.0,cloudy
2018-02-25,-1.75,0.5,37.7,cloudy
2018-02-26,-2.05,0.0,37.2,cloudy
2018-02-27,-3.75,2.1,49.0,cloudy
2018-02-28,-4.5,2.0,51.1,stormy
2018-03-01,-3.15,0.8,51.0,stormy
2018-03-02,-2.1,0.1,45.0,cloudy
2018-03-03,-3.25,0.2,41.1,cloudy
2018-03-04,-2.3000000000000003,0.0,40.0,cloudy
2018-03-05,1.45,4.1,40.2,cloudy
2018-03-06,1.95,0.0,28.7,cloudy
2018-03-07,1.05,2.1,22.8,cloudy
2018-03-08,1.75,5.3,29.6,rainy
2018-03-09,1.8499999999999999,0.2,24.8,cloudy
2018-03-10,1.6,13.9,38.5,rainy
2018-03-11,4.65,5.0,37.6,cloudy
2018-03-12,2.85,2.1,31.0,cloudy
2018-03-13,2.3,0.7,28.3,cloudy
2018-03-14,1.85,0.0,30.2,cloudy
2018-03-15,1.6,0.0,48.9,cloudy
2018-03-16,-0.2,0.1,53.7,stormy
2018-03-17,-1.6500000000000001,0.8,60.5,stormy
2018-03-18,-0.7000000000000001,0.0,45.9,cloudy
2018-03-19,0.8,0.0,36.8,cloudy
2018-03-20,2.1,0.0,37.9,cloudy
2018-03-21,2.05,1.1,38.9,cloudy
2018-03-22,3.0,6.1,45.1,rainy
2018-03-23,2.5,1.5,25.7,cloudy
2018-03-24,2.1,0.5,22.7,cloudy
2018-03-25,1.85,0.0,18.2,cloudy
2018-03-26,1.4,0.2,18.8,cloudy
2018-03-27,2.4000000000000004,1.6,31.7,cloudy
2018-03-28,2.2,3.8,44.1,cloudy
2018-03-29,1.55,8.5,38.2,rainy
2018-03-30,1.9,0.1,37.8,cloudy
2018-03-31,1.95,0.2,41.9,cloudy
2018-04-01,2.0,0.0,38.1,cloudy
2018-04-02,3.0,3.7,32.2,cloudy
2018-04-03,4.8,10.1,34.6,rainy
2018-04-04,5.8,10.7,33.0,rainy
2018-04-05,4.7,2.5,50.0,cloudy
2018-04-06,5.2,0.0,36.7,cloudy
2018-04-07,7.9,0.0,37.5,cloudy
2018-04-08,7.05,0.0,24.3,cloudy
2018-04-09,6.4,0.1,27.7,cloudy
2018-04-10,7.65,0.0,49.1,cloudy
2018-04-11,6.8999999999999995,0.0,46.9,cloudy
2018-04-12,7.5,0.0,46.6,cloudy
2018-04-13,8.85,9.6,40.7,rainy
2018-04-14,6.5,6.7,27.4,rainy
2018-04-15,7.050000000000001,1.0,24.9,cloudy
2018-04-16,6.75,2.2,23.0,cloudy
2018-04-17,8.1,0.0,26.3,cloudy
2018-04-18,8.7,0.0,27.6,cloudy
2018-04-19,11.7,0.0,27.1,cloudy
2018-04-20,10.5,0.0,27.6,cloudy
2018-04-21,7.800000000000001,0.0,21.9,cloudy
2018-04-22,9.5,0.0,29.9,cloudy
2018-04-23,10.05,0.5,34.8,cloudy
2018-04-24,8.55,1.4,38.0,cloudy
2018-04-25,7.25,13.1,42.0,rainy
2018-04-26,8.0,0.7,36.4,cloudy
2018-04-27,8.5,2.6,36.9,cloudy
2018-04-28,9.25,1.6,23.0,cloudy
2018-04-29,9.3,2.1,30.0,cloudy
2018-04-30,10.0,19.5,42.9,rainy
2018-05-01,9.15,4.1,46.8,cloudy
2018-05-02,9.7,0.0,35.0,cloudy
2018-05-03,9.3,1.5,33.9,cloudy
2018-05-04,8.55,0.0,18.3,cloudy
2018-05-05,10.4,0.0,17.1,cloudy
2018-05-06,12.649999999999999,0.0,25.5,cloudy
2018-05-07,15.149999999999999,0.0,25.8,cloudy
2018-05-08,15.149999999999999,0.0,31.9,cloudy
2018-05-09,16.25,0.0,32.6,cloudy
2018-05-10,13.45,2.8,47.1,cloudy
2018-05-11,10.8,0.0,30.8,cloudy
2018-05-12,13.7,0.0,25.3,cloudy
2018-05-13,15.4,0.0,29.2,cloudy
2018-05-14,16.55,0.0,29.2,cloudy
2018-05-15,15.7,0.0,21.2,cloudy
2018-05-16,14.25,0.0,46.2,cloudy
2018-05-17,12.9,0.0,48.0,cloudy
2018-05-18,12.4,0.0,33.4,cloudy
2018-05-19,12.65,0.0,18.0,cloudy
2018-05-20,15.5,0.0,26.8,cloudy
2018-05-21,15.25,0.0,29.6,cloudy
2018-05-22,16.200000000000003,0.0,29.9,cloudy
2018-05-23,16.25,0.0,29.2,cloudy
2018-05-24,17.35,0.0,30.3,cloudy
2018-05-25,17.85,0.0,32.4,cloudy
2018-05-26,17.95,0.0,25.3,cloudy
2018-05-27,17.55,0.0,27.6,cloudy
2018-05-28,18.35,2.3,31.1,cloudy
2018-05-29,19.95,0.2,32.2,cloudy
2018-05-30,20.25,0.0,32.7,cloudy
2018-05-31,20.200000000000003,0.0,29.2,cloudy
2018-06-01,19.9,0.0,30.1,cloudy
2018-06-02,18.15,0.0,20.8,cloudy
2018-06-03,16.65,0.5,22.5,cloudy
2018-06-04,16.2,1.0,32.3,cloudy
2018-06-05,16.450000000000003,0.0,31.1,cloudy
2018-06-06,18.7,0.0,27.5,cloudy
2018-06-07,18.450000000000003,0.0,26.1,cloudy
2018-06-08,18.85,0.0,24.9,cloudy
2018-06-09,18.75,2.6,23.1,cloudy
2018-06-10,17.0,5.6,31.1,rainy
2018-06-11,15.600000000000001,0.5,42.8,cloudy
2018-06-12,15.5,1.7,44.3,cloudy
2018-06-13,14.8,0.4,41.3,cloudy
2018-06-14,16.5,4.2,50.8,stormy
2018-06-15,16.200000000000003,0.1,33.6,cloudy
2018-06-16,16.65,1.6,29.9,cloudy
2018-06-17,15.45,1.7,42.1,cloudy
2018-06-18,15.75,1.5,43.3,cloudy
2018-06-19,15.299999999999999,0.1,35.3,cloudy
2018-06-20,15.7,0.5,40.9,cloudy
2018-06-21,13.25,8.1,50.1,stormy
2018-06-22,13.2,3.7,61.6,stormy
2018-06-23,13.75,3.6,60.1,stormy
2018-06-24,14.05,1.4,43.1,cloudy
2018-06-25,14.149999999999999,0.2,40.8,cloudy
2018-06-26,13.8,0.0,29.2,cloudy
2018-06-27,14.9,0.0,17.1,cloudy
2018-06-28,15.5,0.0,30.6,cloudy
2018-06-29,17.4,0.0,28.0,cloudy
2018-06-30,17.55,0.0,22.0,cloudy
2018-07-01,17.0,0.0,21.7,cloudy
2018-07-02,16.9,0.0,31.2,cloudy
2018-07-03,15.85,0.0,26.0,cloudy
2018-07-04,16.15,0.6,24.0,cloudy
2018-07-05,15.899999999999999,1.4,39.0,cloudy
2018-07-06,15.45,0.1,45.6,cloudy
2018-07-07,15.100000000000001,0.0,46.4,cloudy
2018-07-08,14.95,0.0,37.5,cloudy
2018-07-09,15.149999999999999,0.7,51.6,stormy
2018-07-10,16.5,1.0,34.2,cloudy
2018-07-11,18.15,0.5,28.6,cloudy
2018-07-12,17.1,0.0,24.5,cloudy
2018-07-13,15.65,0.0,33.3,cloudy
2018-07-14,15.4,0.2,25.3,cloudy
2018-07-15,16.65,0.0,17.3,cloudy
2018-07-16,18.1,0.0,19.3,cloudy
2018-07-17,18.45,0.0,25.2,cloudy
2018-07-18,17.15,0.1,29.8,cloudy
2018-07-19,16.75,0.0,25.1,cloudy
2018-07-20,17.700000000000003,0.0,22.5,cloudy
2018-07-21,18.4,0.0,20.7,cloudy
2018-07-22,18.75,0.0,23.6,cloudy
2018-07-23,18.9,0.0,22.1,cloudy
2018-07-24,20.2,0.0,12.0,sunny
2018-07-25,20.25,0.0,27.3,cloudy
2018-07-26,23.0,0.0,24.6,cloudy
2018-07-27,23.950000000000003,0.0,34.2,cloudy
2018-07-28,23.05,3.1,35.9,cloudy
2018-07-29,21.9,0.1,31.9,cloudy
2018-07-30,22.15,0.3,25.6,cloudy
2018-07-31,21.4,0.0,29.3,cloudy
2018-08-01,19.6,0.0,18.0,cloudy
2018-08-02,20.4,0.0,15.1,sunny
2018-08-03,20.75,0.0,20.6,cloudy
2018-08-04,19.65,1.9,37.0,cloudy
2018-08-05,18.95,1.3,39.8,cloudy
2018-08-06,20.4,0.0,28.6,cloudy
2018-08-07,22.6,0.0,19.6,sunny
2018-08-08,21.5,0.2,47.7,cloudy
2018-08-09,20.5,7.1,48.2,rainy
2018-08-10,19.200000000000003,3.0,61.0,stormy
2018-08-11,17.200000000000003,15.5,50.6,stormy
2018-08-12,18.6,9.5,41.4,rainy
2018-08-13,19.5,3.7,25.3,cloudy
2018-08-14,18.85,2.4,32.0,cloudy
2018-08-15,18.85,1.6,29.6,cloudy
2018-08-16,19.45,1.3,40.7,cloudy
2018-08-17,18.6,0.5,31.5,cloudy
2018-08-18,18.6,0.6,44.9,cloudy
2018-08-19,19.15,1.9,44.6,cloudy
2018-08-20,18.15,0.3,36.9,cloudy
2018-08-21,17.9,0.0,22.1,cloudy
2018-08-22,19.25,0.0,28.1,cloudy
2018-08-23,18.65,6.3,38.5,rainy
2018-08-24,16.15,8.6,38.6,rainy
2018-08-25,14.75,19.4,36.7,rainy
2018-08-26,16.0,4.8,38.7,cloudy
2018-08-27,16.75,11.4,56.2,stormy
2018-08-28,17.4,0.1,34.0,cloudy
2018-08-29,18.2,0.3,24.3,cloudy
2018-08-30,17.15,7.0,43.5,rainy
2018-08-31,16.95,1.5,37.0,cloudy
2018-09-01,16.0,0.0,19.1,cloudy
2018-09-02,16.85,0.0,19.9,cloudy
2018-09-03,18.25,0.0,27.0,cloudy
2018-09-04,18.1,0.0,23.7,cloudy
2018-09-05,17.1,0.0,22.7,cloudy
2018-09-06,18.25,6.5,28.9,rainy
2018-09-07,15.9,28.1,45.9,rainy
2018-09-08,15.2,14.8,46.7,rainy
2018-09-09,17.700000000000003,14.0,51.5,stormy
2018-09-10,17.75,1.1,34.6,cloudy
2018-09-11,17.4,15.2,54.7,stormy
2018-09-12,16.05,3.5,43.3,cloudy
2018-09-13,15.799999999999999,0.2,35.5,cloudy
2018-09-14,15.95,2.3,40.5,cloudy
2018-09-15,14.9,6.6,37.5,rainy
2018-09-16,16.35,0.6,41.4,cloudy
2018-09-17,16.9,0.6,38.3,cloudy
2018-09-18,17.7,0.0,44.4,cloudy
2018-09-19,17.95,0.1,50.4,stormy
2018-09-20,16.450000000000003,8.4,46.7,rainy
2018-09-21,15.950000000000001,9.2,69.1,stormy
2018-09-22,13.55,6.2,55.3,stormy
2018-09-23,12.7,4.8,53.4,stormy
2018-09-24,11.55,8.4,58.7,stormy
2018-09-25,13.350000000000001,1.2,43.0,cloudy
2018-09-26,15.35,0.3,55.5,stormy
2018-09-27,14.7,0.2,44.4,cloudy
2018-09-28,12.7,0.2,45.2,cloudy
2018-09-29,13.2,0.5,41.6,cloudy
2018-09-30,13.2,0.2,41.2,cloudy
2018-10-01,11.25,4.4,48.3,cloudy
2018-10-02,12.25,6.0,74.4,stormy
2018-10-03,12.0,5.2,66.2,stormy
2018-10-04,13.2,1.6,32.0,cloudy
2018-10-05,13.7,0.9,32.3,cloudy
2018-10-06,11.350000000000001,5.4,47.1,rainy
2018-10-07,10.6,1.5,40.6,cloudy
2018-10-08,13.100000000000001,0.2,39.7,cloudy
2018-10-09,13.5,0.0,35.6,cloudy
2018-10-10,13.600000000000001,0.0,29.5,cloudy
2018-10-11,14.8,0.0,32.9,cloudy
2018-10-12,15.450000000000001,0.0,38.6,cloudy
2018-10-13,16.8,0.0,37.5,cloudy
2018-10-14,15.85,0.0,36.3,cloudy
2018-10-15,15.0,0.0,30.0,cloudy
2018-10-16,13.85,0.0,21.5,cloudy
2018-10-17,14.45,0.0,25.2,cloudy
2018-10-18,12.649999999999999,0.0,31.7,cloudy
2018-10-19,12.05,0.0,21.4,cloudy
2018-10-20,12.75,1.1,34.2,cloudy
2018-10-21,13.5,0.5,36.8,cloudy
2018-10-22,12.4,1.0,55.4,stormy
2018-10-23,12.6,5.4,68.6,stormy
2018-10-24,11.95,0.5,58.5,stormy
2018-10-25,11.899999999999999,0.3,54.0,stormy
2018-10-26,10.35,3.6,39.0,cloudy
2018-10-27,7.050000000000001,0.4,47.3,cloudy
2018-10-28,4.45,0.0,36.0,cloudy
2018-10-29,5.85,6.2,47.5,rainy
2018-10-30,8.65,6.2,49.9,rainy
2018-10-31,9.15,0.7,57.4,stormy
2018-11-01,9.6,2.5,30.1,cloudy
2018-11-02,9.9,5.3,46.2,rainy
2018-11-03,9.25,0.0,31.8,cloudy
2018-11-04,7.65,0.0,31.5,cloudy
2018-11-05,9.25,0.6,23.3,cloudy
2018-11-06,9.2,0.0,24.2,cloudy
2018-11-07,9.6,0.0,29.9,cloudy
2018-11-08,10.1,0.0,28.6,cloudy
2018-11-09,8.7,4.1,30.2,cloudy
2018-11-10,9.850000000000001,2.5,41.1,cloudy
2018-11-11,10.45,6.9,37.8,rainy
2018-11-12,10.100000000000001,3.4,35.0,cloudy
2018-11-13,10.2,2.6,46.0,cloudy
2018-11-14,10.4,0.5,36.1,cloudy
2018-11-15,9.15,0.0,28.3,cloudy
2018-11-16,7.75,0.0,29.5,cloudy
2018-11-17,5.800000000000001,0.0,31.2,cloudy
2018-11-18,6.050000000000001,0.1,33.6,cloudy
2018-11-19,6.15,0.1,45.4,cloudy
2018-11-20,6.15,3.2,46.9,cloudy
2018-11-21,5.85,0.5,45.3,cloudy
2018-11-22,4.1,0.0,38.1,cloudy
2018-11-23,3.0,0.0,27.7,cloudy
2018-11-24,3.95,1.8,26.1,cloudy
2018-11-25,4.300000000000001,0.8,33.6,cloudy
2018-11-26,3.5,0.0,31.9,cloudy
2018-11-27,2.5,0.0,31.2,cloudy
2018-11-28,2.8499999999999996,0.9,52.7,stormy
2018-11-29,6.25,16.7,50.7,stormy
2018-11-30,8.1,0.6,43.0,cloudy
2018-12-01,7.35,5.2,35.6,rainy
2018-12-02,7.550000000000001,7.1,38.9,rainy
2018-12-03,8.1,3.6,43.7,cloudy
2018-12-04,6.8,0.4,48.3,cloudy
2018-12-05,6.25,1.6,31.7,cloudy
2018-12-06,6.7,6.5,40.0,rainy
2018-12-07,8.0,11.4,52.1,stormy
2018-12-08,7.45,8.4,60.2,stormy
2018-12-09,7.35,3.5,56.9,stormy
2018-12-10,6.550000000000001,0.5,61.8,stormy
2018-12-11,5.5,0.0,51.9,stormy
2018-12-12,3.6500000000000004,0.0,23.2,cloudy
2018-12-13,2.6,0.0,31.7,cloudy
2018-12-14,2.1,0.3,27.4,cloudy
2018-12-15,0.75,0.0,43.1,cloudy
2018-12-16,0.30000000000000004,0.5,48.2,cloudy
2018-12-17,0.8999999999999999,0.5,27.9,cloudy
2018-12-18,3.65,0.1,35.3,cloudy
2018-12-19,4.1,0.9,40.1,cloudy
2018-12-20,4.25,2.0,29.8,cloudy
2018-12-21,4.85,7.6,29.2,rainy
2018-12-22,3.8,0.4,20.1,cloudy
2018-12-23,4.5,1.6,29.2,cloudy
2018-12-24,4.4,0.0,34.6,cloudy
2018-12-25,6.05,0.1,40.6,cloudy
2018-12-26,6.65,0.0,35.0,cloudy
2018-12-27,6.550000000000001,0.2,33.6,cloudy
2018-12-28,6.15,0.8,28.9,cloudy
2018-12-29,6.449999999999999,8.1,63.9,stormy
2018-12-30,5.85,0.0,54.6,stormy
2018-12-31,6.15,0.0,44.3,cloudy
2019-01-01,6.6,0.1,75.4,stormy
2019-01-02,5.25,0.0,63.0,stormy
2019-01-03,4.25,0.0,24.9,cloudy
2019-01-04,6.1,0.3,47.6,cloudy
2019-01-05,6.0,0.5,51.7,stormy
2019-01-06,5.550000000000001,0.1,33.4,cloudy
2019-01-07,6.300000000000001,3.0,49.3,cloudy
2019-01-08,5.75,3.0,63.4,stormy
2019-01-09,3.65,0.0,51.9,stormy
2019-01-10,4.0,1.5,27.1,cloudy
2019-01-11,6.050000000000001,0.1,50.2,stormy
2019-01-12,5.9,4.6,47.7,cloudy
2019-01-13,6.05,4.6,67.3,stormy
2019-01-14,3.65,1.2,70.8,stormy
2019-01-15,5.75,2.7,53.3,stormy
2019-01-16,6.1,7.0,53.1,stormy
2019-01-17,3.6,5.2,45.8,rainy
2019-01-18,3.75,0.2,35.7,cloudy
2019-01-19,3.8,0.0,25.1,cloudy
2019-01-20,2.95,0.0,23.3,cloudy
2019-01-21,4.35,2.1,34.7,cloudy
2019-01-22,2.65,0.1,40.1,cloudy
2019-01-23,-1.05,0.0,34.2,cloudy
2019-01-24,-2.85,0.0,22.4,cloudy
2019-01-25,-1.1,3.0,43.1,cloudy
2019-01-26,3.75,5.7,36.0,rainy
2019-01-27,4.55,8.3,38.9,rainy
2019-01-28,2.95,1.7,42.2,cloudy
2019-01-29,3.3,0.8,34.8,cloudy
2019-01-30,1.4,0.3,32.6,cloudy
2019-01-31,1.25,2.5,40.1,cloudy
2019-02-01,1.4,0.3,37.8,cloudy
2019-02-02,1.5,0.2,28.4,cloudy
2019-02-03,2.6,0.0,31.2,cloudy
2019-02-04,3.1,5.6,60.5,stormy
2019-02-05,3.9499999999999997,0.4,40.3,cloudy
2019-02-06,3.65,6.0,37.5,rainy
2019-02-07,4.4,8.5,60.9,stormy
2019-02-08,4.9,8.9,56.0,stormy
2019-02-09,5.5,8.7,66.0,stormy
2019-02-10,4.7,6.8,51.1,stormy
2019-02-11,4.45,0.0,50.8,stormy
2019-02-12,4.6,0.0,45.3,cloudy
2019-02-13,5.55,0.0,36.4,cloudy
2019-02-14,4.9,0.0,31.2,cloudy
2019-02-15,5.25,0.0,28.5,cloudy
2019-02-16,5.8,0.0,34.1,cloudy
2019-02-17,6.15,0.0,28.1,cloudy
2019-02-18,5.550000000000001,0.0,27.2,cloudy
2019-02-19,5.7,1.3,41.3,cloudy
2019-02-20,5.75,2.3,33.5,cloudy
2019-02-21,5.8,1.9,36.4,cloudy
2019-02-22,4.050000000000001,0.0,27.7,cloudy
2019-02-23,4.05,0.0,28.1,cloudy
2019-02-24,5.0,0.0,24.2,cloudy
2019-02-25,4.800000000000001,0.0,20.3,cloudy
2019-02-26,5.65,0.0,18.7,cloudy
2019-02-27,6.4,0.0,27.9,cloudy
2019-02-28,5.65,0.0,32.2,cloudy
2019-03-01,4.55,0.0,29.2,cloudy
2019-03-02,5.35,0.1,39.7,cloudy
2019-03-03,6.6,10.1,50.2,stormy
2019-03-04,6.7,15.1,72.0,stormy
2019-03-05,5.95,1.0,61.9,stormy
2019-03-06,6.25,13.2,41.9,rainy
2019-03-07,6.8,7.8,57.5,stormy
2019-03-08,5.45,1.4,55.2,stormy
2019-03-09,5.1,7.0,67.4,stormy
2019-03-10,5.65,0.1,65.0,stormy
2019-03-11,3.4,0.8,35.3,cloudy
2019-03-12,5.35,11.7,58.5,stormy
2019-03-13,5.15,5.6,60.9,stormy
2019-03-14,5.699999999999999,9.6,52.5,stormy
2019-03-15,6.65,6.2,67.8,stormy
2019-03-16,5.65,19.4,58.3,stormy
2019-03-17,6.35,3.2,63.5,stormy
2019-03-18,5.75,1.5,60.3,stormy
2019-03-19,5.65,0.0,43.0,cloudy
2019-03-20,6.25,0.4,35.6,cloudy
2019-03-21,6.7,0.0,35.2,cloudy
2019-03-22,6.199999999999999,0.2,24.7,cloudy
2019-03-23,6.0,0.0,25.4,cloudy
2019-03-24,6.0,0.7,43.8,cloudy
2019-03-25,6.0,3.1,46.4,cloudy
2019-03-26,6.300000000000001,0.9,45.2,cloudy
2019-03-27,6.9,0.2,36.4,cloudy
2019-03-28,6.449999999999999,0.0,24.7,cloudy
2019-03-29,7.15,0.0,27.2,cloudy
2019-03-30,7.5,0.0,30.1,cloudy
2019-03-31,6.0,0.0,39.5,cloudy
2019-04-01,5.6,0.0,33.4,cloudy
2019-04-02,7.699999999999999,2.9,36.1,cloudy
2019-04-03,8.7,0.7,31.9,cloudy
2019-04-04,7.45,3.2,23.2,cloudy
2019-04-05,8.8,0.0,21.2,cloudy
2019-04-06,9.9,0.4,25.2,cloudy
2019-04-07,9.75,0.0,23.9,cloudy
2019-04-08,7.75,0.7,34.9,cloudy
2019-04-09,6.25,0.0,32.0,cloudy
2019-04-10,4.55,0.2,29.8,cloudy
2019-04-11,4.6,1.5,28.3,cloudy
2019-04-12,4.05,3.4,25.6,cloudy
2019-04-13,4.550000000000001,0.3,37.2,cloudy
2019-04-14,5.5,0.1,33.2,cloudy
2019-04-15,6.0,0.0,33.5,cloudy
2019-04-16,6.3500000000000005,0.0,35.0,cloudy
2019-04-17,8.9,0.0,33.0,cloudy
2019-04-18,9.8,0.0,28.9,cloudy
2019-04-19,10.3,0.0,26.6,cloudy
2019-04-20,8.75,0.0,21.8,cloudy
2019-04-21,9.7,0.0,20.7,cloudy
2019-04-22,12.05,0.0,42.4,cloudy
2019-04-23,12.35,0.0,45.8,cloudy
2019-04-24,13.2,1.5,39.1,cloudy
2019-04-25,12.45,1.0,35.4,cloudy
2019-04-26,11.350000000000001,5.0,34.3,cloudy
2019-04-27,10.7,2.2,25.6,cloudy
2019-04-28,10.2,1.6,22.9,cloudy
2019-04-29,10.899999999999999,0.0,28.9,cloudy
2019-04-30,10.4,0.0,30.6,cloudy
2019-05-01,8.95,0.7,45.3,cloudy
2019-05-02,8.8,0.8,49.4,cloudy
2019-05-03,6.85,2.3,51.8,stormy
2019-05-04,6.85,0.8,44.1,cloudy
2019-05-05,7.8,0.8,41.2,cloudy
2019-05-06,7.15,3.0,42.8,cloudy
2019-05-07,7.0,1.0,40.1,cloudy
2019-05-08,8.2,5.6,36.0,rainy
2019-05-09,10.55,1.9,26.9,cloudy
2019-05-10,9.45,0.8,31.2,cloudy
2019-05-11,8.45,0.0,38.2,cloudy
2019-05-12,8.5,0.0,44.2,cloudy
2019-05-13,8.7,0.0,35.8,cloudy
2019-05-14,9.05,0.0,28.4,cloudy
2019-05-15,10.600000000000001,0.0,26.9,cloudy
2019-05-16,11.4,0.2,30.8,cloudy
2019-05-17,11.55,0.2,35.8,cloudy
2019-05-18,12.45,0.2,30.1,cloudy
2019-05-19,13.55,0.0,25.6,cloudy
2019-05-20,13.4,0.0,26.8,cloudy
2019-05-21,13.05,1.3,38.3,cloudy
2019-05-22,11.55,1.3,40.5,cloudy
2019-05-23,12.15,0.0,32.3,cloudy
2019-05-24,12.05,0.3,37.1,cloudy
2019-05-25,11.3,1.4,37.9,cloudy
2019-05-26,12.350000000000001,11.7,45.6,rainy
2019-05-27,11.95,1.0,42.1,cloudy
2019-05-28,10.4,0.1,34.5,cloudy
2019-05-29,10.8,0.0,31.5,cloudy
2019-05-30,13.149999999999999,5.2,45.1,rainy
2019-05-31,13.2,3.9,30.9,cloudy
2019-06-01,13.25,0.4,35.1,cloudy
2019-06-02,15.95,0.0,27.4,cloudy
2019-06-03,16.05,1.2,28.9,cloudy
2019-06-04,15.399999999999999,1.0,36.5,cloudy
2019-06-05,16.25,2.8,38.4,cloudy
2019-06-06,16.15,1.2,35.9,cloudy
2019-06-07,15.600000000000001,0.0,32.0,cloudy
2019-06-08,15.1,7.4,63.1,stormy
2019-06-09,14.05,0.7,62.1,stormy
2019-06-10,14.6,2.1,38.4,cloudy
2019-06-11,15.45,8.0,35.3,rainy
2019-06-12,15.8,10.0,35.4,rainy
2019-06-13,15.8,0.0,35.7,cloudy
2019-06-14,16.75,1.7,30.4,cloudy
2019-06-15,16.700000000000003,11.3,38.2,rainy
2019-06-16,15.5,0.0,35.3,cloudy
2019-06-17,17.35,0.0,30.6,cloudy
2019-06-18,17.35,0.0,32.4,cloudy
2019-06-19,19.4,0.5,25.3,cloudy
2019-06-20,16.45,1.1,31.0,cloudy
2019-06-21,15.25,1.0,29.1,cloudy
2019-06-22,15.6,0.0,23.7,cloudy
2019-06-23,17.6,0.0,30.0,cloudy
2019-06-24,19.0,0.0,34.3,cloudy
2019-06-25,21.0,0.0,31.1,cloudy
2019-06-26,17.8,0.1,44.1,cloudy
2019-06-27,15.0,0.1,46.1,cloudy
2019-06-28,15.100000000000001,0.0,33.7,cloudy
2019-06-29,17.0,0.0,19.5,cloudy
2019-06-30,18.75,0.0,38.2,cloudy
2019-07-01,16.6,3.8,47.8,cloudy
2019-07-02,14.25,1.6,50.8,stormy
2019-07-03,14.149999999999999,1.6,41.1,cloudy
2019-07-04,15.0,4.2,50.5,stormy
2019-07-05,15.149999999999999,1.8,42.7,cloudy
2019-07-06,15.15,3.6,50.7,stormy
2019-07-07,13.35,1.3,49.9,cloudy
2019-07-08,13.600000000000001,0.3,36.5,cloudy
2019-07-09,14.0,1.1,38.1,cloudy
2019-07-10,14.600000000000001,0.0,31.9,cloudy
2019-07-11,15.65,3.2,30.2,cloudy
2019-07-12,15.85,4.1,25.3,cloudy
2019-07-13,15.399999999999999,0.6,31.5,cloudy
2019-07-14,14.5,0.9,35.0,cloudy
2019-07-15,14.6,0.5,44.9,cloudy
2019-07-16,15.2,0.5,39.6,cloudy
2019-07-17,15.35,0.0,26.1,cloudy
2019-07-18,16.65,0.5,18.7,cloudy
2019-07-19,16.35,4.5,17.1,cloudy
2019-07-20,18.75,5.9,31.6,rainy
2019-07-21,16.8,0.3,37.2,cloudy
2019-07-22,16.9,9.2,37.3,rainy
2019-07-23,17.299999999999997,0.0,26.9,cloudy
2019-07-24,20.85,0.0,30.0,cloudy
2019-07-25,22.299999999999997,0.0,32.4,cloudy
2019-07-26,21.55,0.0,31.4,cloudy
2019-07-27,20.799999999999997,0.0,37.8,cloudy
2019-07-28,20.549999999999997,0.6,32.8,cloudy
2019-07-29,19.4,1.9,28.5,cloudy
2019-07-30,19.05,2.0,22.2,cloudy
2019-07-31,19.15,3.2,23.7,cloudy
2019-08-01,19.1,1.2,23.2,cloudy
2019-08-02,18.25,2.0,26.9,cloudy
2019-08-03,18.1,0.8,28.6,cloudy
2019-08-04,17.85,0.1,25.2,cloudy
2019-08-05,19.200000000000003,3.7,29.5,cloudy
2019-08-06,18.85,2.4,33.7,cloudy
2019-08-07,18.6,9.6,38.0,rainy
2019-08-08,18.1,12.8,46.9,rainy
2019-08-09,18.9,1.1,34.6,cloudy
2019-08-10,19.25,9.4,58.1,stormy
2019-08-11,18.4,1.5,57.3,stormy
2019-08-12,17.75,14.9,44.6,rainy
2019-08-13,15.55,5.5,28.9,rainy
2019-08-14,15.600000000000001,9.8,29.0,rainy
2019-08-15,17.0,11.3,38.0,rainy
2019-08-16,17.35,1.5,32.7,cloudy
2019-08-17,17.9,12.7,47.7,rainy
2019-08-18,17.55,2.0,34.8,cloudy
2019-08-19,17.450000000000003,2.2,40.2,cloudy
2019-08-20,16.45,8.3,32.9,rainy
2019-08-21,16.55,1.8,31.3,cloudy
2019-08-22,18.1,0.0,31.0,cloudy
2019-08-23,18.35,0.0,32.0,cloudy
2019-08-24,18.35,0.0,26.0,cloudy
2019-08-25,20.85,0.0,26.8,cloudy
2019-08-26,20.65,0.0,21.3,cloudy
2019-08-27,21.7,0.0,25.9,cloudy
2019-08-28,21.1,0.0,23.5,cloudy
2019-08-29,19.4,2.4,26.9,cloudy
2019-08-30,19.35,0.0,30.9,cloudy
2019-08-31,21.25,0.0,29.2,cloudy
2019-09-01,17.45,4.7,37.1,cloudy
2019-09-02,15.9,10.9,39.8,rainy
2019-09-03,17.25,17.8,53.0,stormy
2019-09-04,17.299999999999997,16.6,55.4,stormy
2019-09-05,15.4,8.4,54.1,stormy
2019-09-06,15.2,19.0,52.7,stormy
2019-09-07,15.75,2.9,31.4,cloudy
2019-09-08,14.8,0.2,18.8,cloudy
2019-09-09,14.9,0.0,15.5,cloudy
2019-09-10,15.75,4.5,35.3,cloudy
2019-09-11,16.6,12.1,58.0,stormy
2019-09-12,17.0,0.6,38.5,cloudy
2019-09-13,16.549999999999997,3.0,46.0,cloudy
2019-09-14,15.850000000000001,0.0,43.4,cloudy
2019-09-15,15.950000000000001,0.8,52.0,stormy
2019-09-16,14.65,0.0,47.8,cloudy
2019-09-17,13.25,5.1,62.3,stormy
2019-09-18,13.2,1.4,56.7,stormy
2019-09-19,13.3,0.0,43.5,cloudy
2019-09-20,14.3,0.2,24.7,cloudy
2019-09-21,14.149999999999999,0.0,18.2,cloudy
2019-09-22,15.5,0.0,31.0,cloudy
2019-09-23,15.149999999999999,0.1,31.7,cloudy
2019-09-24,15.6,1.4,24.3,cloudy
2019-09-25,14.8,2.4,24.3,cloudy
2019-09-26,14.55,8.1,38.9,rainy
2019-09-27,15.350000000000001,7.1,41.2,rainy
2019-09-28,14.85,18.2,51.0,stormy
2019-09-29,15.0,11.9,41.6,rainy
2019-09-30,13.8,3.4,52.5,stormy
2019-10-01,11.65,6.9,34.7,rainy
2019-10-02,11.6,4.4,51.6,stormy
2019-10-03,10.25,0.0,37.8,cloudy
2019-10-04,10.7,4.2,33.8,cloudy
2019-10-05,9.45,0.0,34.3,cloudy
2019-10-06,9.8,0.0,32.1,cloudy
2019-10-07,9.05,0.0,34.7,cloudy
2019-10-08,12.25,5.2,47.1,rainy
2019-10-09,12.5,8.5,38.7,rainy
2019-10-10,12.3,7.8,43.2,rainy
2019-10-11,13.8,29.5,61.7,stormy
2019-10-12,13.6,1.3,43.0,cloudy
2019-10-13,13.5,13.8,53.1,stormy
2019-10-14,13.4,7.1,54.6,stormy
2019-10-15,13.05,1.0,36.8,cloudy
2019-10-16,13.0,17.1,27.4,rainy
2019-10-17,13.05,11.0,30.4,rainy
2019-10-18,12.8,11.5,52.6,stormy
2019-10-19,12.85,10.6,52.4,stormy
2019-10-20,12.350000000000001,2.4,35.3,cloudy
2019-10-21,11.899999999999999,10.3,30.6,rainy
2019-10-22,12.7,1.4,32.6,cloudy
2019-10-23,12.3,0.0,29.5,cloudy
2019-10-24,13.25,0.3,42.8,cloudy
2019-10-25,13.25,3.2,58.0,stormy
2019-10-26,14.35,11.3,65.5,stormy
2019-10-27,11.5,2.8,56.2,stormy
2019-10-28,10.399999999999999,2.8,52.2,stormy
2019-10-29,8.2,0.0,22.3,cloudy
2019-10-30,8.0,0.0,19.7,cloudy
2019-10-31,7.7,0.0,26.1,cloudy
2019-11-01,5.5,0.7,35.2,cloudy
2019-11-02,9.8,11.6,41.1,rainy
2019-11-03,10.899999999999999,3.0,40.9,cloudy
2019-11-04,9.95,32.0,32.0,rainy
2019-11-05,7.699999999999999,10.4,35.1,rainy
2019-11-06,5.949999999999999,0.9,27.6,cloudy
2019-11-07,6.1,1.6,31.3,cloudy
2019-11-08,8.45,2.5,34.8,cloudy
2019-11-09,7.1499999999999995,0.0,23.4,cloudy
2019-11-10,7.7,1.8,33.2,cloudy
2019-11-11,7.95,1.1,47.7,cloudy
2019-11-12,7.25,8.2,51.1,stormy
2019-11-13,7.0,8.6,50.5,stormy
2019-11-14,7.65,0.3,28.9,cloudy
2019-11-15,7.6499999999999995,2.1,39.6,cloudy
2019-11-16,8.600000000000001,9.0,52.6,stormy
2019-11-17,7.550000000000001,1.5,53.0,stormy
2019-11-18,7.3,13.6,38.5,rainy
2019-11-19,7.4,12.6,38.0,rainy
2019-11-20,7.25,1.1,18.0,cloudy
2019-11-21,5.949999999999999,1.8,29.3,cloudy
2019-11-22,7.05,6.0,31.7,rainy
2019-11-23,7.25,0.0,37.5,cloudy
2019-11-24,6.6,0.3,40.3,cloudy
2019-11-25,6.15,0.1,26.2,cloudy
2019-11-26,6.85,3.3,32.0,cloudy
2019-11-27,8.2,7.8,32.1,rainy
2019-11-28,7.9,2.7,40.9,cloudy
2019-11-29,6.6,0.7,49.1,cloudy
2019-11-30,6.65,0.9,33.7,cloudy
2019-12-01,6.449999999999999,1.5,31.5,cloudy
2019-12-02,6.85,0.6,41.6,cloudy
2019-12-03,7.3500000000000005,0.8,34.2,cloudy
2019-12-04,8.0,0.0,33.9,cloudy
2019-12-05,7.8500000000000005,0.0,60.2,stormy
2019-12-06,8.45,7.8,62.1,stormy
2019-12-07,8.25,1.7,40.6,cloudy
2019-12-08,8.6,8.1,67.6,stormy
2019-12-09,7.45,7.8,57.5,stormy
2019-12-10,6.65,1.1,58.7,stormy
2019-12-11,7.15,1.6,62.8,stormy
2019-12-12,5.5,1.2,40.4,cloudy
2019-12-13,3.15,0.7,46.8,cloudy
2019-12-14,5.0,10.4,52.6,stormy
2019-12-15,6.0,6.1,78.1,stormy
2019-12-16,6.55,0.6,46.1,cloudy
2019-12-17,7.1,7.4,45.3,rainy
2019-12-18,6.65,1.4,36.2,cloudy
2019-12-19,6.949999999999999,0.2,37.2,cloudy
2019-12-20,7.5,2.5,39.8,cloudy
2019-12-21,6.8,0.9,36.2,cloudy
2019-12-22,5.3,0.5,27.7,cloudy
2019-12-23,6.15,1.1,34.1,cloudy
2019-12-24,6.15,2.3,34.6,cloudy
2019-12-25,5.949999999999999,0.5,27.7,cloudy
2019-12-26,4.9,0.0,27.9,cloudy
2019-12-27,2.8,0.0,25.7,cloudy
2019-12-28,3.4,0.0,36.7,cloudy
2019-12-29,5.5,0.0,39.9,cloudy
2019-12-30,7.25,0.5,43.3,cloudy
2019-12-31,6.85,0.1,44.2,cloudy
2020-01-01,5.25,0.0,34.5,cloudy
2020-01-02,4.85,0.4,47.5,cloudy
2020-01-03,6.65,3.2,50.6,stormy
2020-01-04,5.7,2.3,58.8,stormy
2020-01-05,6.3,0.9,41.1,cloudy
2020-01-06,5.699999999999999,0.9,38.2,cloudy
2020-01-07,5.65,0.8,53.2,stormy
2020-01-08,7.0,2.8,56.4,stormy
2020-01-09,6.7,9.3,48.5,rainy
2020-01-10,6.1,3.7,45.4,cloudy
2020-01-11,6.15,0.0,60.1,stormy
2020-01-12,6.9,20.6,55.6,stormy
2020-01-13,6.05,0.0,50.1,stormy
2020-01-14,7.65,10.3,66.3,stormy
2020-01-15,7.85,7.3,70.3,stormy
2020-01-16,6.949999999999999,0.0,44.6,cloudy
2020-01-17,7.35,1.9,42.3,cloudy
2020-01-18,6.35,3.9,48.5,cloudy
2020-01-19,6.300000000000001,0.5,42.6,cloudy
2020-01-20,6.4,0.0,32.2,cloudy
2020-01-21,6.4,0.1,34.3,cloudy
2020-01-22,5.7,0.0,32.7,cloudy
2020-01-23,5.6,1.0,33.0,cloudy
2020-01-24,6.1,1.3,31.4,cloudy
2020-01-25,5.4,0.2,32.6,cloudy
2020-01-26,4.4,0.2,38.0,cloudy
2020-01-27,5.65,2.7,43.3,cloudy
2020-01-28,5.300000000000001,5.4,45.8,rainy
2020-01-29,5.55,1.3,42.5,cloudy
2020-01-30,6.8,9.5,55.8,stormy
2020-01-31,7.45,5.2,51.7,stormy
2020-02-01,7.35,0.6,58.3,stormy
2020-02-02,5.95,0.1,47.1,cloudy
2020-02-03,6.25,2.7,42.9,cloudy
2020-02-04,5.5,1.4,40.7,cloudy
2020-02-05,5.15,0.0,37.2,cloudy
2020-02-06,6.35,0.0,34.0,cloudy
2020-02-07,5.55,0.2,36.1,cloudy
2020-02-08,5.449999999999999,1.9,36.3,cloudy
2020-02-09,7.4,21.2,87.7,stormy
2020-02-10,6.550000000000001,4.6,66.2,stormy
2020-02-11,5.0,8.1,66.6,stormy
2020-02-12,4.95,7.2,63.8,stormy
2020-02-13,4.4,3.4,45.0,cloudy
2020-02-14,4.35,0.0,40.7,cloudy
2020-02-15,6.949999999999999,12.9,62.7,stormy
2020-02-16,7.6499999999999995,14.8,75.5,stormy
2020-02-17,6.5,1.1,65.7,stormy
2020-02-18,6.1,3.8,55.5,stormy
2020-02-19,5.550000000000001,5.1,47.9,rainy
2020-02-20,6.4,11.6,56.5,stormy
2020-02-21,6.4,2.8,54.4,stormy
2020-02-22,7.05,6.7,71.2,stormy
2020-02-23,5.65,7.9,65.5,stormy
2020-02-24,5.05,9.5,48.5,rainy
2020-02-25,6.1,0.7,76.3,stormy
2020-02-26,3.8499999999999996,0.2,31.4,cloudy
2020-02-27,3.95,2.2,32.5,cloudy
2020-02-28,4.8,1.4,46.2,cloudy
2020-02-29,5.4,13.6,61.8,stormy
2020-03-01,5.65,2.9,63.9,stormy
2020-03-02,5.2,2.7,37.7,cloudy
2020-03-03,5.35,4.3,26.4,cloudy
2020-03-04,5.35,0.2,22.1,cloudy
2020-03-05,5.0,0.2,31.4,cloudy
2020-03-06,4.5,0.7,36.6,cloudy
2020-03-07,5.1,0.0,36.8,cloudy
2020-03-08,6.65,1.1,52.1,stormy
2020-03-09,5.949999999999999,2.8,32.9,cloudy
2020-03-10,6.45,12.1,51.3,stormy
2020-03-11,6.9,0.4,49.7,cloudy
2020-03-12,6.3,3.6,76.0,stormy
2020-03-13,6.05,1.5,53.9,stormy
2020-03-14,5.15,0.0,41.7,cloudy
2020-03-15,7.3,1.9,47.4,cloudy
2020-03-16,7.1,0.9,43.4,cloudy
2020-03-17,6.75,0.1,39.0,cloudy
2020-03-18,7.199999999999999,4.2,49.5,cloudy
2020-03-19,5.75,0.1,22.0,cloudy
2020-03-20,5.699999999999999,0.0,27.6,cloudy
2020-03-21,4.1,0.0,32.7,cloudy
2020-03-22,3.6500000000000004,0.0,35.3,cloudy
2020-03-23,4.05,0.0,37.1,cloudy
2020-03-24,5.300000000000001,0.0,40.3,cloudy
2020-03-25,5.5,0.0,36.8,cloudy
2020-03-26,5.15,0.0,25.0,cloudy
2020-03-27,5.8,0.0,23.3,cloudy
2020-03-28,5.300000000000001,0.0,47.9,cloudy
2020-03-29,3.65,0.0,52.5,stormy
2020-03-30,5.35,3.1,43.6,cloudy
2020-03-31,4.1,0.1,34.6,cloudy
2020-04-01,6.15,0.0,38.1,cloudy
2020-04-02,6.25,1.6,60.6,stormy
2020-04-03,5.15,0.6,58.6,stormy
2020-04-04,6.7,1.4,31.1,cloudy
2020-04-05,8.95,0.0,34.9,cloudy
2020-04-06,9.55,0.0,34.3,cloudy
2020-04-07,8.0,0.2,25.1,cloudy
2020-04-08,8.15,0.0,24.5,cloudy
2020-04-09,7.4,0.0,37.0,cloudy
2020-04-10,6.65,0.0,28.1,cloudy
2020-04-11,8.15,0.0,28.7,cloudy
2020-04-12,8.95,0.5,44.9,cloudy
2020-04-13,6.15,0.7,64.9,stormy
2020-04-14,6.4,0.2,42.9,cloudy
2020-04-15,7.45,0.0,44.8,cloudy
2020-04-16,7.55,0.0,34.8,cloudy
2020-04-17,7.8,0.0,28.7,cloudy
2020-04-18,8.2,0.0,27.7,cloudy
2020-04-19,8.5,0.0,30.9,cloudy
2020-04-20,9.399999999999999,0.0,26.4,cloudy
2020-04-21,10.25,0.0,35.1,cloudy
2020-04-22,10.35,0.0,30.3,cloudy
2020-04-23,9.25,0.0,22.7,cloudy
2020-04-24,9.149999999999999,0.0,48.3,cloudy
2020-04-25,8.8,0.0,35.6,cloudy
2020-04-26,8.2,0.4,20.9,cloudy
2020-04-27,8.95,1.2,29.0,cloudy
2020-04-28,8.75,0.0,23.8,cloudy
2020-04-29,9.2,2.0,27.9,cloudy
2020-04-30,9.55,13.4,36.3,rainy
2020-05-01,9.05,5.8,32.2,rainy
2020-05-02,8.6,0.8,26.2,cloudy
2020-05-03,8.85,0.0,25.1,cloudy
2020-05-04,8.45,0.1,42.3,cloudy
2020-05-05,8.65,0.5,37.5,cloudy
2020-05-06,8.6,0.0,41.7,cloudy
2020-05-07,9.3,0.0,39.5,cloudy
2020-05-08,9.8,0.0,26.1,cloudy
2020-05-09,11.0,0.3,10.7,partly_cloudy
2020-05-10,9.8,0.1,50.3,stormy
2020-05-11,7.4,1.0,48.3,cloudy
2020-05-12,7.65,2.2,43.1,cloudy
2020-05-13,6.95,5.3,41.8,rainy
2020-05-14,7.85,0.3,37.6,cloudy
2020-05-15,9.0,2.3,44.0,cloudy
2020-05-16,9.75,0.7,47.3,cloudy
2020-05-17,10.1,0.7,42.2,cloudy
2020-05-18,11.0,5.5,36.4,rainy
2020-05-19,11.15,0.1,31.7,cloudy
2020-05-20,10.75,0.0,13.4,partly_cloudy
2020-05-21,11.95,0.1,17.6,cloudy
2020-05-22,13.5,10.2,39.4,rainy
2020-05-23,12.6,0.1,39.2,cloudy
2020-05-24,12.25,2.8,50.1,stormy
2020-05-25,11.100000000000001,0.9,53.9,stormy
2020-05-26,11.05,0.0,19.8,cloudy
2020-05-27,11.95,0.0,39.5,cloudy
2020-05-28,11.1,0.0,37.0,cloudy
2020-05-29,11.65,0.0,27.4,cloudy
2020-05-30,13.85,0.0,25.2,cloudy
2020-05-31,15.05,0.0,25.1,cloudy
2020-06-01,16.25,0.0,21.1,cloudy
2020-06-02,15.3,0.0,18.4,cloudy
2020-06-03,16.05,0.0,31.5,cloudy
2020-06-04,13.65,17.3,40.9,rainy
2020-06-05,12.1,9.1,47.1,rainy
2020-06-06,11.8,6.6,43.2,rainy
2020-06-07,13.100000000000001,3.5,42.7,cloudy
2020-06-08,12.2,0.0,30.8,cloudy
2020-06-09,11.7,0.0,17.8,cloudy
2020-06-10,14.15,0.0,25.5,cloudy
2020-06-11,16.7,3.3,30.8,cloudy
2020-06-12,16.15,6.5,33.2,rainy
2020-06-13,17.2,3.2,35.3,cloudy
2020-06-14,17.15,0.2,33.4,cloudy
2020-06-15,16.5,0.0,28.5,cloudy
2020-06-16,16.55,0.0,19.1,cloudy
2020-06-17,18.05,0.0,22.9,cloudy
2020-06-18,18.6,0.0,22.7,cloudy
2020-06-19,17.25,9.9,27.2,rainy
2020-06-20,16.25,0.0,29.3,cloudy
2020-06-21,17.200000000000003,1.4,20.9,cloudy
2020-06-22,16.65,3.4,25.2,cloudy
2020-06-23,16.85,0.0,17.7,cloudy
2020-06-24,19.5,0.0,19.8,cloudy
2020-06-25,20.5,0.0,27.7,cloudy
2020-06-26,21.6,0.0,28.1,cloudy
2020-06-27,20.6,5.9,26.2,rainy
2020-06-28,18.4,0.9,42.3,cloudy
2020-06-29,16.6,6.2,51.5,stormy
2020-06-30,15.95,6.9,54.9,stormy
2020-07-01,16.75,4.2,42.2,cloudy
2020-07-02,15.95,1.7,28.3,cloudy
2020-07-03,16.0,7.6,53.2,stormy
2020-07-04,17.200000000000003,15.4,57.8,stormy
2020-07-05,16.8,6.3,61.1,stormy
2020-07-06,15.2,6.1,55.4,stormy
2020-07-07,14.0,4.3,47.5,cloudy
2020-07-08,13.8,0.8,33.2,cloudy
2020-07-09,14.15,0.0,24.1,cloudy
2020-07-10,13.7,3.8,41.6,cloudy
2020-07-11,14.25,0.3,39.0,cloudy
2020-07-12,14.7,0.4,32.7,cloudy
2020-07-13,15.5,0.0,27.8,cloudy
2020-07-14,15.899999999999999,8.0,35.3,rainy
2020-07-15,14.7,1.4,23.5,cloudy
2020-07-16,15.8,0.9,15.2,cloudy
2020-07-17,16.700000000000003,0.0,16.7,cloudy
2020-07-18,18.4,0.0,21.1,cloudy
2020-07-19,17.6,1.7,30.8,cloudy
2020-07-20,15.7,0.3,30.5,cloudy
2020-07-21,15.350000000000001,0.2,27.8,cloudy
2020-07-22,14.9,0.1,23.4,cloudy
2020-07-23,16.4,5.9,36.7,rainy
2020-07-24,16.95,3.4,37.5,cloudy
2020-07-25,17.15,2.6,28.7,cloudy
2020-07-26,17.7,16.5,42.1,rainy
2020-07-27,17.799999999999997,4.2,35.2,cloudy
2020-07-28,17.15,4.3,46.0,cloudy
2020-07-29,15.5,2.0,56.1,stormy
2020-07-30,15.8,0.6,44.5,cloudy
2020-07-31,16.9,0.0,21.4,cloudy
2020-08-01,19.1,0.0,28.7,cloudy
2020-08-02,17.1,0.3,33.8,cloudy
2020-08-03,16.05,0.3,26.2,cloudy
2020-08-04,16.0,0.0,26.8,cloudy
2020-08-05,18.2,0.1,42.8,cloudy
2020-08-06,19.05,0.0,26.8,cloudy
2020-08-07,20.549999999999997,0.0,20.5,cloudy
2020-08-08,19.9,0.0,20.6,cloudy
2020-08-09,21.049999999999997,0.0,28.2,cloudy
2020-08-10,22.35,0.0,23.5,cloudy
2020-08-11,22.25,0.0,30.7,cloudy
2020-08-12,22.0,0.0,30.3,cloudy
2020-08-13,21.85,0.0,29.0,cloudy
2020-08-14,20.9,0.0,25.4,cloudy
2020-08-15,20.6,0.0,26.7,cloudy
2020-08-16,22.5,0.0,23.8,cloudy
2020-08-17,22.5,0.0,28.7,cloudy
2020-08-18,20.0,7.6,25.3,rainy
2020-08-19,20.55,0.0,20.1,cloudy
2020-08-20,20.9,3.0,33.4,cloudy
2020-08-21,21.9,2.9,45.2,cloudy
2020-08-22,19.95,2.1,47.9,cloudy
2020-08-23,17.799999999999997,22.7,42.1,rainy
2020-08-24,16.5,5.6,29.6,rainy
2020-08-25,17.1,16.0,57.2,stormy
2020-08-26,17.75,34.1,56.9,stormy
2020-08-27,16.15,5.0,57.4,stormy
2020-08-28,16.5,14.6,37.7,rainy
2020-08-29,16.45,12.0,23.0,rainy
2020-08-30,16.35,1.1,37.5,cloudy
2020-08-31,16.35,0.0,25.8,cloudy
2020-09-01,16.4,0.0,24.7,cloudy
2020-09-02,16.65,0.1,23.0,cloudy
2020-09-03,17.1,7.0,50.0,rainy
2020-09-04,17.25,0.7,38.6,cloudy
2020-09-05,15.350000000000001,2.1,40.7,cloudy
2020-09-06,14.35,9.2,30.1,rainy
2020-09-07,16.200000000000003,0.7,45.6,cloudy
2020-09-08,17.700000000000003,2.6,47.1,cloudy
2020-09-09,17.2,3.1,43.6,cloudy
2020-09-10,15.4,0.1,44.4,cloudy
2020-09-11,15.8,0.5,40.1,cloudy
2020-09-12,16.35,0.9,49.1,cloudy
2020-09-13,17.15,0.1,45.7,cloudy
2020-09-14,17.299999999999997,0.0,30.7,cloudy
2020-09-15,18.0,0.0,16.2,cloudy
2020-09-16,16.25,0.0,45.1,cloudy
2020-09-17,13.8,0.0,32.1,cloudy
2020-09-18,13.5,0.0,22.7,cloudy
2020-09-19,14.45,0.0,16.1,cloudy
2020-09-20,13.45,0.0,18.4,cloudy
2020-09-21,13.45,0.0,13.6,partly_cloudy
2020-09-22,15.6,0.0,15.3,cloudy
2020-09-23,16.4,0.8,35.3,cloudy
2020-09-24,16.05,2.7,54.8,stormy
2020-09-25,14.399999999999999,2.0,33.2,cloudy
2020-09-26,14.05,1.3,46.0,cloudy
2020-09-27,16.6,0.6,41.9,cloudy
2020-09-28,15.05,2.1,27.7,cloudy
2020-09-29,14.45,1.9,31.2,cloudy
2020-09-30,15.05,0.3,31.0,cloudy
2020-10-01,14.899999999999999,0.0,37.7,cloudy
2020-10-02,14.8,0.3,39.2,cloudy
2020-10-03,15.45,2.3,48.6,cloudy
2020-10-04,13.6,7.0,41.4,rainy
2020-10-05,13.3,0.2,39.7,cloudy
2020-10-06,13.45,6.2,40.4,rainy
2020-10-07,13.55,6.2,31.3,rainy
2020-10-08,13.55,12.8,48.1,rainy
2020-10-09,12.7,3.7,39.0,cloudy
2020-10-10,10.7,8.1,40.1,rainy
2020-10-11,11.5,1.3,40.8,cloudy
2020-10-12,12.0,1.2,23.2,cloudy
2020-10-13,11.7,0.9,24.0,cloudy
2020-10-14,10.0,0.0,43.0,cloudy
2020-10-15,9.2,0.0,39.8,cloudy
2020-10-16,10.45,0.1,24.3,cloudy
2020-10-17,10.5,0.1,36.9,cloudy
2020-10-18,11.0,0.5,47.0,cloudy
2020-10-19,11.05,0.6,29.8,cloudy
2020-10-20,11.1,3.6,39.0,cloudy
2020-10-21,13.1,9.4,61.4,stormy
2020-10-22,13.100000000000001,1.6,54.9,stormy
2020-10-23,12.4,2.8,44.5,cloudy
2020-10-24,12.55,1.1,43.2,cloudy
2020-10-25,12.6,8.3,54.6,stormy
2020-10-26,11.3,3.4,38.8,cloudy
2020-10-27,10.850000000000001,8.2,49.1,rainy
2020-10-28,11.55,14.4,50.1,stormy
2020-10-29,10.8,9.2,38.0,rainy
2020-10-30,12.05,7.4,36.4,rainy
2020-10-31,11.8,1.8,40.8,cloudy
2020-11-01,12.1,2.9,48.0,cloudy
2020-11-02,13.399999999999999,3.3,62.2,stormy
2020-11-03,10.95,3.7,64.8,stormy
2020-11-04,10.65,5.7,61.6,stormy
2020-11-05,11.75,0.8,45.5,cloudy
2020-11-06,11.35,0.0,32.2,cloudy
2020-11-07,9.6,0.0,25.0,cloudy
2020-11-08,7.75,0.0,27.1,cloudy
2020-11-09,7.35,0.0,27.1,cloudy
2020-11-10,6.199999999999999,0.0,24.7,cloudy
2020-11-11,6.699999999999999,0.0,28.3,cloudy
2020-11-12,9.3,3.3,36.6,cloudy
2020-11-13,10.25,2.0,35.9,cloudy
2020-11-14,10.5,0.0,34.4,cloudy
2020-11-15,11.85,8.7,47.8,rainy
2020-11-16,10.45,4.9,58.8,stormy
2020-11-17,11.25,0.9,43.6,cloudy
2020-11-18,11.15,1.2,53.7,stormy
2020-11-19,9.350000000000001,4.1,61.2,stormy
2020-11-20,8.45,0.8,50.2,stormy
2020-11-21,9.55,8.0,57.4,stormy
2020-11-22,9.8,0.1,46.8,cloudy
2020-11-23,9.05,1.9,44.7,cloudy
2020-11-24,9.7,0.0,47.2,cloudy
2020-11-25,8.55,0.0,34.4,cloudy
2020-11-26,9.100000000000001,0.3,33.7,cloudy
2020-11-27,6.949999999999999,0.0,19.5,cloudy
2020-11-28,5.1,0.0,25.0,cloudy
2020-11-29,3.75,0.0,23.9,cloudy
2020-11-30,4.75,6.4,45.2,rainy
2020-12-01,6.45,1.5,30.9,cloudy
2020-12-02,5.0,0.3,35.8,cloudy
2020-12-03,4.55,2.9,43.0,cloudy
2020-12-04,3.5,1.0,44.8,cloudy
2020-12-05,4.6,4.4,35.1,cloudy
2020-12-06,5.4,4.8,32.6,cloudy
2020-12-07,6.5,2.1,44.7,cloudy
2020-12-08,5.300000000000001,0.1,32.7,cloudy
2020-12-09,4.7,0.2,26.8,cloudy
2020-12-10,3.55,2.1,30.5,cloudy
2020-12-11,2.95,0.4,40.5,cloudy
2020-12-12,3.65,0.5,37.4,cloudy
2020-12-13,4.35,0.5,30.5,cloudy
2020-12-14,6.699999999999999,6.1,41.8,rainy
2020-12-15,6.85,3.1,33.2,cloudy
2020-12-16,6.4,0.0,34.5,cloudy
2020-12-17,6.949999999999999,6.1,35.6,rainy
2020-12-18,7.1,0.4,39.3,cloudy
2020-12-19,7.0,0.7,38.4,cloudy
2020-12-20,7.5,0.4,35.6,cloudy
2020-12-21,6.65,2.8,42.4,cloudy
2020-12-22,7.5,5.1,43.8,rainy
2020-12-23,6.199999999999999,0.1,20.9,cloudy
2020-12-24,4.9,0.1,36.5,cloudy
2020-12-25,4.5,0.0,27.4,cloudy
2020-12-26,6.1,3.5,59.6,stormy
2020-12-27,4.95,15.5,75.2,stormy
2020-12-28,3.9000000000000004,5.4,46.2,rainy
2020-12-29,3.5999999999999996,2.4,24.7,cloudy
2020-12-30,5.35,12.4,35.0,rainy
2020-12-31,4.6,3.4,33.5,cloudy
2021-01-01,2.7,1.3,23.9,cloudy
2021-01-02,2.5999999999999996,0.0,27.9,cloudy
2021-01-03,2.55,0.1,37.7,cloudy
2021-01-04,1.95,0.0,40.2,cloudy
2021-01-05,2.15,0.0,32.3,cloudy
2021-01-06,1.4,2.3,36.5,cloudy
2021-01-07,1.65,5.0,28.3,cloudy
2021-01-08,1.4500000000000002,0.1,26.7,cloudy
2021-01-09,2.1,0.0,23.5,cloudy
2021-01-10,4.0,4.0,33.6,cloudy
2021-01-11,5.3,12.2,53.7,stormy
2021-01-12,4.65,1.9,53.3,stormy
2021-01-13,3.1500000000000004,1.6,61.4,stormy
2021-01-14,0.7000000000000001,0.0,44.9,cloudy
2021-01-15,0.10000000000000003,0.0,28.0,cloudy
2021-01-16,1.85,0.1,28.9,cloudy
2021-01-17,1.2,1.0,30.2,cloudy
2021-01-18,3.7,5.0,37.9,cloudy
2021-01-19,4.55,9.9,43.2,rainy
2021-01-20,6.199999999999999,12.4,56.5,stormy
2021-01-21,6.0,3.4,69.6,stormy
2021-01-22,4.8,1.3,55.7,stormy
2021-01-23,3.6,0.7,33.9,cloudy
2021-01-24,3.25,1.6,17.9,cloudy
2021-01-25,3.3,1.4,18.2,cloudy
2021-01-26,3.3499999999999996,0.0,29.7,cloudy
2021-01-27,3.3,2.1,32.5,cloudy
2021-01-28,1.0,0.0,29.9,cloudy
2021-01-29,0.0,1.6,40.3,cloudy
2021-01-30,1.0999999999999999,0.2,27.6,cloudy
2021-01-31,2.7,1.0,24.8,cloudy
2021-02-01,0.35000000000000003,0.0,24.6,cloudy
2021-02-02,-0.19999999999999996,0.4,24.1,cloudy
2021-02-03,0.19999999999999998,9.3,42.7,rainy
2021-02-04,-0.45000000000000007,1.8,38.3,cloudy
2021-02-05,0.15000000000000002,0.0,43.0,cloudy
2021-02-06,-1.35,0.0,45.2,cloudy
2021-02-07,-1.6500000000000001,0.2,51.8,stormy
2021-02-08,-1.75,0.2,54.1,stormy
2021-02-09,-1.85,0.3,45.3,cloudy
2021-02-10,-2.15,0.4,34.4,cloudy
2021-02-11,-3.5,0.0,32.0,cloudy
2021-02-12,-3.65,0.0,28.0,cloudy
2021-02-13,-2.45,0.0,10.3,partly_cloudy
2021-02-14,-0.3999999999999999,0.0,35.1,cloudy
2021-02-15,0.25,3.7,44.6,cloudy
2021-02-16,1.5,6.2,35.2,rainy
2021-02-17,2.95,4.9,31.7,cloudy
2021-02-18,4.5,4.3,41.2,cloudy
2021-02-19,3.35,1.9,35.6,cloudy
2021-02-20,4.95,0.0,37.5,cloudy
2021-02-21,4.4,0.0,37.3,cloudy
2021-02-22,4.65,0.0,32.8,cloudy
2021-02-23,4.55,0.0,34.0,cloudy
2021-02-24,6.050000000000001,0.0,41.6,cloudy
2021-02-25,5.25,0.0,38.4,cloudy
2021-02-26,3.85,0.0,34.4,cloudy
2021-02-27,3.65,0.0,32.6,cloudy
2021-02-28,3.85,0.0,21.9,cloudy
2021-03-01,2.75,0.0,18.6,cloudy
2021-03-02,2.35,0.0,17.9,cloudy
2021-03-03,2.5999999999999996,0.0,28.2,cloudy
2021-03-04,3.45,0.0,32.9,cloudy
2021-03-05,2.7,0.0,26.8,cloudy
2021-03-06,3.75,0.0,35.0,cloudy
2021-03-07,3.3499999999999996,0.0,36.9,cloudy
2021-03-08,1.8,0.0,24.4,cloudy
2021-03-09,1.75,0.0,24.3,cloudy
2021-03-10,3.3499999999999996,5.2,53.4,stormy
2021-03-11,5.199999999999999,22.7,64.1,stormy
2021-03-12,4.25,5.8,48.7,rainy
2021-03-13,3.5,9.0,47.2,rainy
2021-03-14,4.1,0.1,41.0,cloudy
2021-03-15,4.35,0.9,46.9,cloudy
2021-03-16,4.15,0.0,36.6,cloudy
2021-03-17,3.5999999999999996,0.0,24.4,cloudy
2021-03-18,3.5,0.0,31.8,cloudy
2021-03-19,2.75,0.0,29.8,cloudy
2021-03-20,3.55,0.6,42.9,cloudy
2021-03-21,5.0,0.0,55.2,stormy
2021-03-22,4.7,0.3,32.4,cloudy
2021-03-23,4.95,0.0,29.1,cloudy
2021-03-24,5.55,0.0,33.3,cloudy
2021-03-25,5.75,0.0,27.4,cloudy
2021-03-26,7.0,0.1,36.8,cloudy
2021-03-27,6.05,2.9,38.5,cloudy
2021-03-28,6.55,3.0,49.6,cloudy
2021-03-29,7.449999999999999,0.1,47.2,cloudy
2021-03-30,7.2,0.0,31.8,cloudy
2021-03-31,8.3,0.0,18.7,cloudy
2021-04-01,6.55,0.5,36.8,cloudy
2021-04-02,6.300000000000001,0.1,43.8,cloudy
2021-04-03,6.1,0.0,27.6,cloudy
2021-04-04,6.6,0.5,49.2,cloudy
2021-04-05,4.45,5.1,68.5,stormy
2021-04-06,3.5999999999999996,2.9,53.2,stormy
2021-04-07,4.6,1.1,57.9,stormy
2021-04-08,5.1,1.2,53.2,stormy
2021-04-09,5.6,1.3,53.5,stormy
2021-04-10,4.550000000000001,0.0,31.7,cloudy
2021-04-11,3.4499999999999997,8.6,43.3,rainy
2021-04-12,4.4,0.7,38.3,cloudy
2021-04-13,5.0,0.4,40.5,cloudy
2021-04-14,5.3,0.5,32.1,cloudy
2021-04-15,5.35,0.0,27.3,cloudy
2021-04-16,5.35,0.0,32.4,cloudy
2021-04-17,6.8999999999999995,0.0,26.3,cloudy
2021-04-18,8.350000000000001,0.3,19.6,cloudy
2021-04-19,8.7,0.0,20.3,cloudy
2021-04-20,8.0,0.0,25.8,cloudy
2021-04-21,7.3999999999999995,0.0,58.8,stormy
2021-04-22,6.95,1.3,60.4,stormy
2021-04-23,6.8,0.0,46.4,cloudy
2021-04-24,6.85,0.0,41.2,cloudy
2021-04-25,6.2,0.0,30.8,cloudy
2021-04-26,6.25,0.0,20.0,cloudy
2021-04-27,7.0,0.0,22.4,cloudy
2021-04-28,7.949999999999999,0.0,29.0,cloudy
2021-04-29,8.399999999999999,0.4,33.8,cloudy
2021-04-30,8.1,0.2,28.6,cloudy
2021-05-01,7.75,5.2,22.1,rainy
2021-05-02,7.25,1.4,37.7,cloudy
2021-05-03,7.35,2.9,40.0,cloudy
2021-05-04,8.25,11.1,56.7,stormy
2021-05-05,7.35,7.6,54.6,stormy
2021-05-06,6.550000000000001,8.0,54.6,stormy
2021-05-07,6.8,5.9,40.9,rainy
2021-05-08,8.600000000000001,7.5,39.5,rainy
2021-05-09,12.25,6.0,39.6,rainy
2021-05-10,12.3,2.5,45.6,cloudy
2021-05-11,11.05,2.6,23.4,cloudy
2021-05-12,10.1,0.1,21.3,cloudy
2021-05-13,9.1,2.1,26.3,cloudy
2021-05-14,9.05,2.3,29.4,cloudy
2021-05-15,9.1,1.9,30.7,cloudy
2021-05-16,10.100000000000001,0.6,20.5,cloudy
2021-05-17,8.9,0.1,15.3,cloudy
2021-05-18,9.35,0.4,21.1,cloudy
2021-05-19,9.5,0.0,24.9,cloudy
2021-05-20,10.149999999999999,1.3,28.9,cloudy
2021-05-21,11.15,9.3,48.1,rainy
2021-05-22,11.05,6.6,64.1,stormy
2021-05-23,10.15,1.1,52.0,stormy
2021-05-24,12.1,5.6,36.6,rainy
2021-05-25,10.65,9.7,34.9,rainy
2021-05-26,10.2,14.7,56.7,stormy
2021-05-27,11.100000000000001,1.2,35.7,cloudy
2021-05-28,10.85,0.8,30.3,cloudy
2021-05-29,10.35,0.0,22.5,cloudy
2021-05-30,11.05,0.0,22.7,cloudy
2021-05-31,10.600000000000001,0.0,20.3,cloudy
2021-06-01,13.35,0.0,22.0,cloudy
2021-06-02,13.75,0.2,33.6,cloudy
2021-06-03,16.25,5.5,39.8,rainy
2021-06-04,16.05,2.8,28.7,cloudy
2021-06-05,16.549999999999997,0.0,26.4,cloudy
2021-06-06,15.85,4.9,26.7,cloudy
2021-06-07,14.35,0.0,29.7,cloudy
2021-06-08,13.8,0.0,21.1,cloudy
2021-06-09,14.8,0.0,12.5,partly_cloudy
2021-06-10,15.45,0.0,15.0,cloudy
2021-06-11,16.0,0.4,32.9,cloudy
2021-06-12,15.05,1.1,48.1,cloudy
2021-06-13,14.7,0.2,51.2,stormy
2021-06-14,15.899999999999999,1.4,34.3,cloudy
2021-06-15,14.600000000000001,0.1,22.5,cloudy
2021-06-16,16.9,0.0,27.1,cloudy
2021-06-17,21.200000000000003,0.0,28.6,cloudy
2021-06-18,18.35,0.0,30.5,cloudy
2021-06-19,17.45,0.1,33.9,cloudy
2021-06-20,17.45,15.3,47.3,rainy
2021-06-21,15.0,7.7,41.2,rainy
2021-06-22,14.399999999999999,0.5,40.6,cloudy
2021-06-23,14.25,0.0,28.5,cloudy
2021-06-24,13.9,0.0,25.7,cloudy
2021-06-25,15.0,0.0,19.5,cloudy
2021-06-26,16.2,0.4,20.6,cloudy
2021-06-27,15.0,0.0,23.6,cloudy
2021-06-28,16.5,0.0,26.9,cloudy
2021-06-29,16.9,3.9,32.1,cloudy
2021-06-30,17.05,4.9,31.5,cloudy
2021-07-01,17.95,0.1,29.8,cloudy
2021-07-02,16.95,0.0,25.1,cloudy
2021-07-03,15.950000000000001,0.1,24.8,cloudy
2021-07-04,18.2,0.0,17.7,cloudy
2021-07-05,17.8,4.2,35.1,cloudy
2021-07-06,18.7,2.1,48.0,cloudy
2021-07-07,18.05,0.6,46.2,cloudy
2021-07-08,18.65,0.0,16.9,cloudy
2021-07-09,17.65,0.5,27.7,cloudy
2021-07-10,16.9,0.3,28.8,cloudy
2021-07-11,18.5,0.0,24.3,cloudy
2021-07-12,20.5,1.1,32.0,cloudy
2021-07-13,20.55,2.8,25.9,cloudy
2021-07-14,21.1,0.0,22.8,cloudy
2021-07-15,19.85,0.0,44.4,cloudy
2021-07-16,19.35,0.0,42.5,cloudy
2021-07-17,18.9,0.0,42.7,cloudy
2021-07-18,17.65,0.0,42.5,cloudy
2021-07-19,16.6,0.5,40.1,cloudy
2021-07-20,16.75,0.2,34.5,cloudy
2021-07-21,16.55,0.4,32.1,cloudy
2021-07-22,16.25,0.4,28.8,cloudy
2021-07-23,16.05,0.0,25.0,cloudy
2021-07-24,18.700000000000003,0.0,31.0,cloudy
2021-07-25,20.25,2.4,36.2,cloudy
2021-07-26,20.15,0.0,19.4,sunny
2021-07-27,19.2,1.8,37.2,cloudy
2021-07-28,18.15,15.5,42.9,rainy
2021-07-29,16.55,28.4,58.8,stormy
2021-07-30,17.549999999999997,5.9,52.6,stormy
2021-07-31,17.05,10.2,36.4,rainy
2021-08-01,16.4,0.7,35.7,cloudy
2021-08-02,16.200000000000003,1.2,38.1,cloudy
2021-08-03,15.9,0.1,28.0,cloudy
2021-08-04,16.4,0.4,18.3,cloudy
2021-08-05,17.9,0.9,28.8,cloudy
2021-08-06,18.950000000000003,13.6,40.4,rainy
2021-08-07,17.45,14.7,31.2,rainy
2021-08-08,17.35,7.7,47.1,rainy
2021-08-09,17.299999999999997,15.1,44.2,rainy
2021-08-10,16.950000000000003,4.3,35.8,cloudy
2021-08-11,17.75,0.3,22.0,cloudy
2021-08-12,18.8,0.0,23.4,cloudy
2021-08-13,18.25,0.5,42.4,cloudy
2021-08-14,18.15,2.5,42.3,cloudy
2021-08-15,16.85,7.9,42.8,rainy
2021-08-16,15.350000000000001,20.1,58.4,stormy
2021-08-17,16.4,7.6,49.3,rainy
2021-08-18,16.35,2.8,51.5,stormy
2021-08-19,16.25,0.9,46.6,cloudy
2021-08-20,16.0,0.1,23.9,cloudy
2021-08-21,16.35,0.0,18.9,cloudy
2021-08-22,17.3,0.0,27.0,cloudy
2021-08-23,16.6,0.0,30.1,cloudy
2021-08-24,15.700000000000001,0.0,22.9,cloudy
2021-08-25,16.75,1.5,50.7,stormy
2021-08-26,16.25,0.1,42.1,cloudy
2021-08-27,16.05,1.2,43.6,cloudy
2021-08-28,16.3,0.1,38.9,cloudy
2021-08-29,16.950000000000003,0.6,35.9,cloudy
2021-08-30,17.05,0.0,29.8,cloudy
2021-08-31,16.0,0.0,24.9,cloudy
2021-09-01,16.15,0.0,26.0,cloudy
2021-09-02,15.75,0.0,24.3,cloudy
2021-09-03,15.700000000000001,0.0,37.7,cloudy
2021-09-04,16.7,0.0,28.2,cloudy
2021-09-05,15.8,0.0,25.0,cloudy
2021-09-06,15.85,0.1,18.9,cloudy
2021-09-07,17.2,1.1,18.8,cloudy
2021-09-08,17.700000000000003,0.0,21.6,cloudy
2021-09-09,18.5,0.0,22.0,cloudy
2021-09-10,18.6,1.9,20.6,cloudy
2021-09-11,18.2,2.9,31.6,cloudy
2021-09-12,17.25,1.0,34.7,cloudy
2021-09-13,15.9,0.1,34.4,cloudy
2021-09-14,16.55,0.2,27.4,cloudy
2021-09-15,17.200000000000003,13.8,33.8,rainy
2021-09-16,16.6,2.2,36.9,cloudy
2021-09-17,14.75,0.0,34.4,cloudy
2021-09-18,15.75,0.3,28.0,cloudy
2021-09-19,14.100000000000001,0.0,28.5,cloudy
2021-09-20,13.4,0.0,27.2,cloudy
2021-09-21,15.25,1.8,36.2,cloudy
2021-09-22,16.35,0.0,39.2,cloudy
2021-09-23,15.85,1.5,65.3,stormy
2021-09-24,15.8,1.1,51.3,stormy
2021-09-25,16.200000000000003,0.1,34.9,cloudy
2021-09-26,16.3,0.0,21.9,cloudy
2021-09-27,16.7,1.3,42.5,cloudy
2021-09-28,15.850000000000001,0.4,30.8,cloudy
2021-09-29,13.85,4.8,33.1,cloudy
2021-09-30,13.25,23.3,68.9,stormy
2021-10-01,14.850000000000001,16.0,61.2,stormy
2021-10-02,14.8,5.0,42.7,cloudy
2021-10-03,15.3,24.6,55.8,stormy
2021-10-04,14.649999999999999,5.3,44.3,rainy
2021-10-05,13.399999999999999,0.0,36.8,cloudy
2021-10-06,13.100000000000001,1.0,32.4,cloudy
2021-10-07,12.350000000000001,0.0,18.3,cloudy
2021-10-08,12.95,0.0,20.3,cloudy
2021-10-09,12.7,0.0,25.0,cloudy
2021-10-10,12.600000000000001,0.4,30.9,cloudy
2021-10-11,12.65,1.8,48.4,cloudy
2021-10-12,11.5,1.9,44.5,cloudy
2021-10-13,12.600000000000001,0.9,35.9,cloudy
2021-10-14,13.4,0.2,46.0,cloudy
2021-10-15,12.15,11.1,48.7,rainy
2021-10-16,11.75,1.6,37.9,cloudy
2021-10-17,12.2,6.3,40.3,rainy
2021-10-18,13.2,1.2,31.1,cloudy
2021-10-19,14.0,5.9,47.6,rainy
2021-10-20,14.1,30.3,56.7,stormy
2021-10-21,11.05,7.6,61.8,stormy
2021-10-22,9.75,15.6,61.2,stormy
2021-10-23,11.45,0.5,58.5,stormy
2021-10-24,11.15,0.3,40.2,cloudy
2021-10-25,11.3,3.6,33.5,cloudy
2021-10-26,11.95,3.1,39.7,cloudy
2021-10-27,13.100000000000001,0.0,46.1,cloudy
2021-10-28,11.95,0.0,42.5,cloudy
2021-10-29,12.600000000000001,0.5,43.7,cloudy
2021-10-30,12.0,7.5,51.1,stormy
2021-10-31,12.05,4.4,49.0,cloudy
2021-11-01,11.649999999999999,4.7,50.0,cloudy
2021-11-02,10.35,1.5,38.5,cloudy
2021-11-03,8.8,0.2,22.6,cloudy
2021-11-04,8.149999999999999,0.9,36.6,cloudy
2021-11-05,10.55,1.0,37.9,cloudy
2021-11-06,11.5,8.1,52.9,stormy
2021-11-07,10.55,10.2,55.2,stormy
2021-11-08,9.899999999999999,2.0,33.8,cloudy
2021-11-09,9.95,0.6,42.7,cloudy
2021-11-10,10.65,1.3,40.3,cloudy
2021-11-11,10.2,0.4,27.4,cloudy
2021-11-12,9.35,0.9,38.2,cloudy
2021-11-13,8.05,1.9,33.8,cloudy
2021-11-14,8.15,0.1,24.1,cloudy
2021-11-15,7.6,0.3,20.1,cloudy
2021-11-16,6.4,0.5,24.8,cloudy
2021-11-17,9.1,3.5,44.9,cloudy
2021-11-18,10.8,6.1,48.3,rainy
2021-11-19,11.399999999999999,0.2,46.1,cloudy
2021-11-20,10.75,0.5,43.3,cloudy
2021-11-21,8.2,2.8,37.9,cloudy
2021-11-22,8.0,0.4,37.0,cloudy
2021-11-23,9.7,0.1,38.8,cloudy
2021-11-24,9.4,0.5,32.4,cloudy
2021-11-25,8.05,3.6,46.7,cloudy
2021-11-26,5.65,6.9,49.1,rainy
2021-11-27,4.4,2.9,38.1,cloudy
2021-11-28,2.85,0.1,25.0,cloudy
2021-11-29,4.25,1.0,38.5,cloudy
2021-11-30,7.4,3.8,71.2,stormy
2021-12-01,5.6000000000000005,14.1,72.9,stormy
2021-12-02,4.25,1.1,60.0,stormy
2021-12-03,6.35,13.5,52.6,stormy
2021-12-04,5.949999999999999,2.9,30.5,cloudy
2021-12-05,3.1999999999999997,11.9,45.1,rainy
2021-12-06,2.15,0.0,46.8,cloudy
2021-12-07,2.55,2.0,45.4,cloudy
2021-12-08,3.1,2.8,48.1,cloudy
2021-12-09,2.25,0.0,32.4,cloudy
2021-12-10,2.95,0.0,28.8,cloudy
2021-12-11,3.55,0.0,18.9,cloudy
2021-12-12,6.0,5.0,42.7,cloudy
2021-12-13,6.45,1.8,35.2,cloudy
2021-12-14,6.199999999999999,0.8,39.9,cloudy
2021-12-15,7.15,0.0,35.9,cloudy
2021-12-16,6.550000000000001,0.0,26.3,cloudy
2021-12-17,6.6,0.0,26.2,cloudy
2021-12-18,7.1,0.0,39.6,cloudy
2021-12-19,6.35,0.0,51.0,stormy
2021-12-20,4.45,0.0,22.5,cloudy
2021-12-21,4.35,0.2,23.1,cloudy
2021-12-22,4.3,1.3,30.0,cloudy
2021-12-23,4.25,8.7,31.3,rainy
2021-12-24,1.4,0.7,40.5,cloudy
2021-12-25,0.7999999999999998,0.0,21.5,cloudy
2021-12-26,0.95,0.2,34.3,cloudy
2021-12-27,-0.44999999999999996,0.3,41.4,cloudy
2021-12-28,2.1,0.4,29.9,cloudy
2021-12-29,2.75,1.5,32.8,cloudy
2021-12-30,5.9,1.2,39.0,cloudy
2021-12-31,7.45,6.6,50.7,stormy
2022-01-01,6.7,0.5,38.3,cloudy
2022-01-02,6.85,11.6,47.8,rainy
2022-01-03,6.9,3.5,50.1,stormy
2022-01-04,5.050000000000001,2.1,41.9,cloudy
2022-01-05,4.35,1.3,51.8,stormy
2022-01-06,4.1,0.1,41.4,cloudy
2022-01-07,4.5,3.7,57.0,stormy
2022-01-08,3.6500000000000004,4.4,45.2,cloudy
2022-01-09,2.75,10.5,42.5,rainy
2022-01-10,2.9000000000000004,0.0,22.3,cloudy
2022-01-11,4.2,1.7,36.0,cloudy
2022-01-12,5.0,0.0,33.1,cloudy
2022-01-13,6.1,0.0,40.4,cloudy
2022-01-14,5.75,0.0,44.7,cloudy
2022-01-15,4.3,0.1,28.1,cloudy
2022-01-16,5.1,0.4,50.4,stormy
2022-01-17,5.45,1.0,62.0,stormy
2022-01-18,5.6,0.0,30.2,cloudy
2022-01-19,5.050000000000001,1.0,56.5,stormy
2022-01-20,3.3,0.5,70.9,stormy
2022-01-21,4.7,0.4,46.4,cloudy
2022-01-22,5.449999999999999,0.8,36.9,cloudy
2022-01-23,5.25,0.0,27.7,cloudy
2022-01-24,4.85,0.1,26.3,cloudy
2022-01-25,5.1,0.2,28.1,cloudy
2022-01-26,5.2,0.5,44.4,cloudy
2022-01-27,5.95,1.8,61.6,stormy
2022-01-28,5.05,0.1,56.5,stormy
2022-01-29,6.9,4.5,78.4,stormy
2022-01-30,5.25,0.2,74.0,stormy
2022-01-31,3.5,2.6,44.5,cloudy
2022-02-01,5.65,6.5,60.8,stormy
2022-02-02,5.2,0.1,59.6,stormy
2022-02-03,5.699999999999999,6.3,36.4,rainy
2022-02-04,4.9,6.9,46.0,rainy
2022-02-05,5.1,6.1,60.5,stormy
2022-02-06,4.9,6.3,59.3,stormy
2022-02-07,4.9,0.3,56.2,stormy
2022-02-08,6.300000000000001,0.3,51.8,stormy
2022-02-09,6.1,5.4,47.4,rainy
2022-02-10,4.45,1.7,35.6,cloudy
2022-02-11,4.45,2.0,44.1,cloudy
2022-02-12,4.4,0.0,50.2,stormy
2022-02-13,5.2,0.5,48.7,cloudy
2022-02-14,6.75,0.9,51.4,stormy
2022-02-15,5.35,7.4,59.7,stormy
2022-02-16,6.699999999999999,13.2,68.8,stormy
2022-02-17,6.300000000000001,3.5,68.8,stormy
2022-02-18,5.2,14.4,63.9,stormy
2022-02-19,4.7,7.3,79.2,stormy
2022-02-20,4.8,14.0,63.9,stormy
2022-02-21,5.25,3.6,64.3,stormy
2022-02-22,5.8,5.7,53.5,stormy
2022-02-23,6.1,0.1,54.2,stormy
2022-02-24,4.1499999999999995,13.4,51.4,stormy
2022-02-25,5.0,1.8,56.8,stormy
2022-02-26,4.65,0.0,42.6,cloudy
2022-02-27,3.65,0.0,30.8,cloudy
2022-02-28,4.35,0.0,38.8,cloudy
2022-03-01,3.8,1.6,30.4,cloudy
2022-03-02,2.4,0.0,20.5,cloudy
2022-03-03,2.4,0.0,19.3,cloudy
2022-03-04,2.7,0.0,25.9,cloudy
2022-03-05,2.3,0.0,25.3,cloudy
2022-03-06,3.4499999999999997,0.0,23.5,cloudy
2022-03-07,2.5999999999999996,0.0,10.2,partly_cloudy
2022-03-08,3.65,0.0,23.5,cloudy
2022-03-09,4.75,0.0,29.4,cloudy
2022-03-10,5.3999999999999995,0.0,34.6,cloudy
2022-03-11,4.4,0.0,43.6,cloudy
2022-03-12,4.949999999999999,0.0,38.9,cloudy
2022-03-13,4.9,0.0,30.8,cloudy
2022-03-14,4.75,1.5,27.9,cloudy
2022-03-15,4.0,0.0,23.4,cloudy
2022-03-16,4.05,0.0,35.3,cloudy
2022-03-17,5.4,3.8,46.0,cloudy
2022-03-18,5.5,0.0,26.6,cloudy
2022-03-19,5.050000000000001,0.0,27.2,cloudy
2022-03-20,5.6,0.0,46.0,cloudy
2022-03-21,6.05,0.0,34.2,cloudy
2022-03-22,5.9,0.0,15.1,cloudy
2022-03-23,6.199999999999999,0.0,16.7,cloudy
2022-03-24,5.5,0.0,18.4,cloudy
2022-03-25,5.75,0.0,24.0,cloudy
2022-03-26,6.800000000000001,0.0,33.2,cloudy
2022-03-27,6.300000000000001,0.0,28.0,cloudy
2022-03-28,6.199999999999999,0.4,36.4,cloudy
2022-03-29,5.05,0.0,38.0,cloudy
2022-03-30,3.3,1.5,36.2,cloudy
2022-03-31,3.25,2.7,41.2,cloudy
2022-04-01,3.35,0.0,33.4,cloudy
2022-04-02,3.0,0.0,35.7,cloudy
2022-04-03,5.0,0.7,38.2,cloudy
2022-04-04,6.35,11.2,72.2,stormy
2022-04-05,4.85,0.9,53.4,stormy
2022-04-06,5.55,9.4,51.6,stormy
2022-04-07,6.2,4.8,51.9,stormy
2022-04-08,5.0,1.1,53.3,stormy
2022-04-09,5.199999999999999,3.3,53.5,stormy
2022-04-10,5.1,2.5,48.7,cloudy
2022-04-11,5.55,0.0,27.8,cloudy
2022-04-12,6.6499999999999995,0.2,37.7,cloudy
2022-04-13,8.15,0.1,33.8,cloudy
2022-04-14,6.949999999999999,0.0,30.5,cloudy
2022-04-15,7.4,0.0,31.4,cloudy
2022-04-16,6.55,0.0,21.4,cloudy
2022-04-17,7.1,0.0,22.2,cloudy
2022-04-18,8.600000000000001,0.0,21.1,cloudy
2022-04-19,8.95,0.0,25.1,cloudy
2022-04-20,9.45,0.0,21.4,cloudy
2022-04-21,9.9,0.0,25.5,cloudy
2022-04-22,10.55,0.0,31.4,cloudy
2022-04-23,9.95,0.0,31.9,cloudy
2022-04-24,9.65,0.0,37.9,cloudy
2022-04-25,8.7,0.0,34.6,cloudy
2022-04-26,8.15,0.0,23.6,cloudy
2022-04-27,8.45,0.0,24.0,cloudy
2022-04-28,8.35,0.0,34.9,cloudy
2022-04-29,8.55,0.0,37.2,cloudy
2022-04-30,8.600000000000001,0.0,29.4,cloudy
2022-05-01,8.8,0.0,17.4,cloudy
2022-05-02,9.2,0.3,33.6,cloudy
2022-05-03,9.100000000000001,0.0,33.0,cloudy
2022-05-04,8.65,0.0,19.7,cloudy
2022-05-05,9.7,0.3,23.0,cloudy
2022-05-06,10.5,0.3,21.9,cloudy
2022-05-07,9.899999999999999,0.6,38.4,cloudy
2022-05-08,9.95,0.0,37.1,cloudy
2022-05-09,12.100000000000001,0.0,23.7,cloudy
2022-05-10,12.8,4.4,42.0,cloudy
2022-05-11,11.850000000000001,7.6,34.6,rainy
2022-05-12,11.149999999999999,4.2,45.6,cloudy
2022-05-13,11.7,1.2,47.2,cloudy
2022-05-14,11.95,0.0,43.6,cloudy
2022-05-15,11.7,0.0,19.9,cloudy
2022-05-16,13.65,0.0,29.8,cloudy
2022-05-17,14.2,4.1,29.6,cloudy
2022-05-18,15.0,0.0,31.1,cloudy
2022-05-19,15.2,6.6,33.4,rainy
2022-05-20,11.9,4.6,32.2,cloudy
2022-05-21,11.85,3.2,42.2,cloudy
2022-05-22,13.05,0.0,28.8,cloudy
2022-05-23,15.549999999999999,0.0,40.0,cloudy
2022-05-24,14.05,4.9,44.0,cloudy
2022-05-25,12.95,5.6,49.1,rainy
2022-05-26,13.35,4.7,52.5,stormy
2022-05-27,11.65,10.8,64.6,stormy
2022-05-28,10.95,3.0,61.9,stormy
2022-05-29,11.5,0.5,46.4,cloudy
2022-05-30,10.35,0.4,26.6,cloudy
2022-05-31,11.65,0.0,14.9,partly_cloudy
2022-06-01,11.55,0.0,31.1,cloudy
2022-06-02,12.100000000000001,1.9,39.4,cloudy
2022-06-03,12.05,0.0,29.8,cloudy
2022-06-04,12.15,0.0,24.7,cloudy
2022-06-05,13.549999999999999,0.0,26.6,cloudy
2022-06-06,13.75,18.6,43.4,rainy
2022-06-07,12.65,17.7,59.5,stormy
2022-06-08,14.2,1.4,39.5,cloudy
2022-06-09,13.75,3.3,31.5,cloudy
2022-06-10,14.1,0.1,29.0,cloudy
2022-06-11,14.55,0.0,31.1,cloudy
2022-06-12,14.15,0.3,33.5,cloudy
2022-06-13,12.850000000000001,2.7,40.4,cloudy
2022-06-14,13.9,0.0,38.4,cloudy
2022-06-15,13.8,0.1,21.8,cloudy
2022-06-16,14.350000000000001,0.0,22.8,cloudy
2022-06-17,16.75,1.2,39.4,cloudy
2022-06-18,16.05,0.4,27.3,cloudy
2022-06-19,13.5,5.2,29.7,rainy
2022-06-20,13.75,4.4,34.6,cloudy
2022-06-21,14.6,0.0,30.8,cloudy
2022-06-22,14.8,0.0,25.0,cloudy
2022-06-23,16.75,0.0,27.2,cloudy
2022-06-24,19.3,0.5,32.5,cloudy
2022-06-25,17.75,0.0,24.4,cloudy
2022-06-26,17.6,0.0,30.3,cloudy
2022-06-27,15.8,13.4,34.7,rainy
2022-06-28,16.6,0.0,23.9,cloudy
2022-06-29,18.75,0.0,27.9,cloudy
2022-06-30,19.4,0.0,27.7,cloudy
2022-07-01,18.200000000000003,2.7,37.3,cloudy
2022-07-02,17.85,1.3,36.4,cloudy
2022-07-03,17.8,0.3,24.2,cloudy
2022-07-04,16.5,1.6,45.5,cloudy
2022-07-05,16.0,1.8,40.3,cloudy
2022-07-06,15.850000000000001,5.1,45.5,rainy
2022-07-07,16.45,1.3,54.0,stormy
2022-07-08,15.75,0.6,47.9,cloudy
2022-07-09,15.35,1.2,52.3,stormy
2022-07-10,14.75,0.2,51.6,stormy
2022-07-11,15.75,0.0,29.0,cloudy
2022-07-12,16.7,0.0,25.9,cloudy
2022-07-13,16.45,0.0,38.2,cloudy
2022-07-14,15.15,1.8,47.4,cloudy
2022-07-15,15.25,7.5,49.5,rainy
2022-07-16,14.75,0.4,48.2,cloudy
2022-07-17,16.1,0.0,35.9,cloudy
2022-07-18,17.549999999999997,0.0,30.8,cloudy
2022-07-19,19.85,0.0,31.0,cloudy
2022-07-20,20.25,0.0,30.4,cloudy
2022-07-21,17.35,6.3,34.5,rainy
2022-07-22,15.7,0.4,39.0,cloudy
2022-07-23,15.899999999999999,0.5,30.3,cloudy
2022-07-24,17.6,0.0,32.0,cloudy
2022-07-25,18.450000000000003,11.1,39.7,rainy
2022-07-26,16.55,1.4,46.6,cloudy
2022-07-27,15.0,0.3,47.8,cloudy
2022-07-28,15.45,0.0,29.3,cloudy
2022-07-29,15.65,0.0,23.6,cloudy
2022-07-30,16.75,1.5,21.1,cloudy
2022-07-31,17.35,15.8,20.9,rainy
2022-08-01,16.1,0.0,40.1,cloudy
2022-08-02,16.8,4.3,36.2,cloudy
2022-08-03,18.35,0.0,31.4,cloudy
2022-08-04,18.1,13.8,26.2,rainy
2022-08-05,16.35,1.1,32.6,cloudy
2022-08-06,16.25,0.3,34.0,cloudy
2022-08-07,16.65,1.5,29.1,cloudy
2022-08-08,16.85,0.4,25.6,cloudy
2022-08-09,17.0,0.0,15.9,cloudy
2022-08-10,17.15,0.0,16.6,cloudy
2022-08-11,18.85,0.0,15.5,cloudy
2022-08-12,20.25,0.0,16.3,sunny
2022-08-13,20.6,0.0,18.8,sunny
2022-08-14,22.5,0.7,31.2,cloudy
2022-08-15,21.799999999999997,2.1,32.0,cloudy
2022-08-16,20.7,0.0,25.3,cloudy
2022-08-17,20.25,2.4,34.0,cloudy
2022-08-18,19.1,1.8,32.5,cloudy
2022-08-19,18.6,0.1,22.0,cloudy
2022-08-20,18.5,0.3,25.9,cloudy
2022-08-21,19.549999999999997,0.7,40.5,cloudy
2022-08-22,18.950000000000003,0.0,20.6,cloudy
2022-08-23,20.6,0.0,33.6,cloudy
2022-08-24,20.950000000000003,0.0,30.7,cloudy
2022-08-25,21.1,0.0,29.6,cloudy
2022-08-26,19.700000000000003,1.2,37.0,cloudy
2022-08-27,17.85,0.0,39.8,cloudy
2022-08-28,18.15,0.6,40.2,cloudy
2022-08-29,18.15,0.0,33.1,cloudy
2022-08-30,17.05,0.0,27.3,cloudy
2022-08-31,17.1,0.0,27.1,cloudy
2022-09-01,17.15,0.0,23.8,cloudy
2022-09-02,17.05,0.0,32.3,cloudy
2022-09-03,17.9,0.0,35.3,cloudy
2022-09-04,18.3,0.0,32.7,cloudy
2022-09-05,18.549999999999997,0.0,35.8,cloudy
2022-09-06,17.85,0.1,38.2,cloudy
2022-09-07,16.85,1.6,35.1,cloudy
2022-09-08,17.0,19.7,41.6,rainy
2022-09-09,15.75,1.4,24.1,cloudy
2022-09-10,16.05,0.3,24.3,cloudy
2022-09-11,15.65,0.0,16.8,cloudy
2022-09-12,16.25,1.3,40.0,cloudy
2022-09-13,16.8,8.7,45.2,rainy
2022-09-14,15.649999999999999,1.5,44.4,cloudy
2022-09-15,14.8,1.9,51.0,stormy
2022-09-16,14.05,6.4,56.4,stormy
2022-09-17,13.6,15.9,58.0,stormy
2022-09-18,12.8,8.2,58.6,stormy
2022-09-19,13.75,2.1,35.2,cloudy
2022-09-20,13.35,0.0,27.2,cloudy
2022-09-21,12.75,0.0,16.9,cloudy
2022-09-22,12.95,0.0,23.9,cloudy
2022-09-23,13.9,0.7,25.4,cloudy
2022-09-24,13.6,5.4,27.1,rainy
2022-09-25,13.1,0.2,30.6,cloudy
2022-09-26,13.15,21.2,57.6,stormy
2022-09-27,12.0,1.6,29.1,cloudy
2022-09-28,11.5,0.4,17.1,cloudy
2022-09-29,12.3,6.6,35.5,rainy
2022-09-30,12.8,0.2,46.7,cloudy
2022-10-01,13.35,15.4,55.1,stormy
2022-10-02,13.600000000000001,1.4,41.7,cloudy
2022-10-03,13.899999999999999,0.2,40.7,cloudy
2022-10-04,14.45,0.1,41.4,cloudy
2022-10-05,15.15,1.9,58.0,stormy
2022-10-06,14.6,0.3,53.8,stormy
2022-10-07,14.2,0.9,50.8,stormy
2022-10-08,13.0,4.9,41.5,cloudy
2022-10-09,13.100000000000001,0.1,30.8,cloudy
2022-10-10,12.65,4.3,41.8,cloudy
2022-10-11,13.0,0.4,39.8,cloudy
2022-10-12,12.95,0.0,27.2,cloudy
2022-10-13,13.15,1.1,26.6,cloudy
2022-10-14,12.7,0.5,25.7,cloudy
2022-10-15,13.3,1.9,38.5,cloudy
2022-10-16,13.600000000000001,2.8,54.2,stormy
2022-10-17,13.149999999999999,1.2,35.9,cloudy
2022-10-18,13.6,0.0,37.7,cloudy
2022-10-19,11.0,0.0,32.2,cloudy
2022-10-20,10.1,2.9,38.7,cloudy
2022-10-21,12.1,0.6,35.0,cloudy
2022-10-22,13.05,0.5,29.5,cloudy
2022-10-23,13.15,3.9,33.5,cloudy
2022-10-24,13.95,3.4,55.5,stormy
2022-10-25,13.55,1.2,44.8,cloudy
2022-10-26,13.399999999999999,0.2,35.9,cloudy
2022-10-27,14.25,0.0,38.2,cloudy
2022-10-28,14.3,0.4,37.5,cloudy
2022-10-29,13.2,0.0,31.1,cloudy
2022-10-30,13.6,0.1,24.2,cloudy
2022-10-31,12.8,4.1,28.8,cloudy
2022-11-01,13.25,0.1,50.8,stormy
2022-11-02,12.399999999999999,10.5,56.3,stormy
2022-11-03,12.05,0.2,52.6,stormy
2022-11-04,11.4,3.8,56.7,stormy
2022-11-05,11.649999999999999,1.5,44.5,cloudy
2022-11-06,11.5,7.2,61.2,stormy
2022-11-07,11.95,8.1,58.7,stormy
2022-11-08,12.65,1.8,43.6,cloudy
2022-11-09,12.149999999999999,4.3,47.4,cloudy
2022-11-10,12.25,0.0,45.6,cloudy
2022-11-11,13.100000000000001,0.0,46.2,cloudy
2022-11-12,11.75,0.0,36.3,cloudy
2022-11-13,9.7,0.0,35.2,cloudy
2022-11-14,9.3,0.0,37.9,cloudy
2022-11-15,9.4,0.7,44.8,cloudy
2022-11-16,8.55,4.2,54.4,stormy
2022-11-17,6.449999999999999,0.5,66.8,stormy
2022-11-18,5.800000000000001,0.9,54.4,stormy
2022-11-19,3.9,0.3,35.8,cloudy
2022-11-20,2.75,0.3,31.6,cloudy
2022-11-21,3.55,9.8,32.9,rainy
2022-11-22,2.55,1.3,42.7,cloudy
2022-11-23,5.35,0.6,41.2,cloudy
2022-11-24,7.6,1.7,40.4,cloudy
2022-11-25,7.4,4.5,34.1,cloudy
2022-11-26,8.2,0.5,28.8,cloudy
2022-11-27,6.5,3.8,36.7,cloudy
2022-11-28,6.0,10.0,42.9,rainy
2022-11-29,5.4,4.4,30.6,cloudy
2022-11-30,5.2,0.1,26.1,cloudy
2022-12-01,4.95,0.9,28.4,cloudy
2022-12-02,4.6,0.0,34.7,cloudy
2022-12-03,3.5999999999999996,0.9,37.5,cloudy
2022-12-04,3.9000000000000004,0.3,36.8,cloudy
2022-12-05,4.449999999999999,0.0,39.8,cloudy
2022-12-06,4.6,0.6,27.9,cloudy
2022-12-07,4.0,1.4,44.3,cloudy
2022-12-08,1.95,0.1,32.1,cloudy
2022-12-09,4.5,2.7,38.9,cloudy
2022-12-10,1.35,0.0,34.3,cloudy
2022-12-11,-1.0,0.0,28.2,cloudy
2022-12-12,0.0,1.2,24.9,cloudy
2022-12-13,2.3,2.7,42.6,cloudy
2022-12-14,3.55,11.0,43.2,rainy
2022-12-15,1.1500000000000001,0.0,32.1,cloudy
2022-12-16,0.0,0.0,26.0,cloudy
2022-12-17,3.15,0.0,45.3,cloudy
2022-12-18,1.15,0.1,46.4,cloudy
2022-12-19,3.5,9.5,45.7,rainy
2022-12-20,6.65,4.7,47.6,cloudy
2022-12-21,5.15,1.0,39.4,cloudy
2022-12-22,5.9,0.1,35.3,cloudy
2022-12-23,3.8499999999999996,0.0,23.9,cloudy
2022-12-24,3.85,1.4,26.6,cloudy
2022-12-25,4.85,0.4,34.9,cloudy
2022-12-26,5.1,2.9,52.7,stormy
2022-12-27,4.85,4.5,45.3,cloudy
2022-12-28,6.050000000000001,13.6,57.3,stormy
2022-12-29,6.65,5.8,54.9,stormy
2022-12-30,6.949999999999999,2.6,57.9,stormy
2022-12-31,7.3,11.1,48.1,rainy
2023-01-01,7.5,3.1,58.4,stormy
2023-01-02,5.9,8.4,39.4,rainy
2023-01-03,6.05,2.4,41.1,cloudy
2023-01-04,7.550000000000001,26.0,56.2,stormy
2023-01-05,6.0,0.1,57.8,stormy
2023-01-06,6.6,10.5,49.6,rainy
2023-01-07,7.15,2.6,43.0,cloudy
2023-01-08,7.25,0.5,42.8,cloudy
2023-01-09,6.6,3.2,36.7,cloudy
2023-01-10,6.6,5.0,58.6,stormy
2023-01-11,7.35,4.3,58.2,stormy
2023-01-12,7.3,14.0,48.9,rainy
2023-01-13,7.6,6.2,60.2,stormy
2023-01-14,6.8,10.2,54.1,stormy
2023-01-15,6.05,2.5,71.8,stormy
2023-01-16,5.0,5.9,41.5,rainy
2023-01-17,3.75,6.4,54.0,stormy
2023-01-18,4.0,3.1,50.0,cloudy
2023-01-19,4.45,7.1,48.8,rainy
2023-01-20,2.0,1.6,21.4,cloudy
2023-01-21,1.7000000000000002,0.0,27.4,cloudy
2023-01-22,0.8500000000000001,0.0,30.3,cloudy
2023-01-23,1.45,0.0,24.1,cloudy
2023-01-24,2.75,0.0,21.5,cloudy
2023-01-25,3.5,1.9,32.3,cloudy
2023-01-26,3.95,0.3,31.3,cloudy
2023-01-27,1.8499999999999999,0.0,33.4,cloudy
2023-01-28,3.4499999999999997,0.3,27.4,cloudy
2023-01-29,5.4,0.3,52.3,stormy
2023-01-30,5.3,7.6,59.8,stormy
2023-01-31,5.800000000000001,5.2,57.4,stormy
2023-02-01,5.050000000000001,5.1,65.8,stormy
2023-02-02,5.0,5.7,47.1,rainy
2023-02-03,5.45,2.7,58.0,stormy
2023-02-04,2.55,0.0,27.0,cloudy
2023-02-05,3.9499999999999997,2.0,34.5,cloudy
2023-02-06,4.1,0.0,28.1,cloudy
2023-02-07,4.0,0.0,26.8,cloudy
2023-02-08,3.8,0.0,39.0,cloudy
2023-02-09,4.8,0.1,41.7,cloudy
2023-02-10,5.65,0.2,46.4,cloudy
2023-02-11,6.1,0.0,45.4,cloudy
2023-02-12,5.300000000000001,0.0,25.3,cloudy
2023-02-13,5.0,0.0,23.0,cloudy
2023-02-14,4.35,0.0,23.3,cloudy
2023-02-15,4.55,0.0,27.4,cloudy
2023-02-16,5.65,1.9,33.6,cloudy
2023-02-17,7.050000000000001,5.9,66.6,stormy
2023-02-18,5.0,3.8,56.4,stormy
2023-02-19,5.0,0.5,42.5,cloudy
2023-02-20,6.5,1.9,56.2,stormy
2023-02-21,5.75,0.0,40.6,cloudy
2023-02-22,6.3,0.8,23.9,cloudy
2023-02-23,5.7,0.0,37.7,cloudy
2023-02-24,5.1,5.6,58.8,stormy
2023-02-25,3.1999999999999997,0.4,50.1,stormy
2023-02-26,3.5,0.0,33.9,cloudy
2023-02-27,4.25,0.0,24.7,cloudy
2023-02-28,3.1500000000000004,0.0,16.0,cloudy
2023-03-01,2.9,0.0,19.8,cloudy
2023-03-02,3.4,0.0,26.3,cloudy
2023-03-03,5.2,0.0,43.6,cloudy
2023-03-04,4.8,0.1,53.5,stormy
2023-03-05,3.3,0.4,50.4,stormy
2023-03-06,3.6,1.1,57.0,stormy
2023-03-07,3.35,1.5,72.5,stormy
2023-03-08,1.75,0.7,27.3,cloudy
2023-03-09,1.45,0.0,16.4,cloudy
2023-03-10,1.8,2.6,33.5,cloudy
2023-03-11,2.4,2.3,39.3,cloudy
2023-03-12,4.0,2.7,44.7,cloudy
2023-03-13,6.75,8.5,70.0,stormy
2023-03-14,4.6,10.6,59.8,stormy
2023-03-15,4.0,2.2,46.2,cloudy
2023-03-16,4.8,3.9,52.0,stormy
2023-03-17,5.8,3.9,40.7,cloudy
2023-03-18,6.199999999999999,0.6,18.4,cloudy
2023-03-19,5.75,0.4,24.0,cloudy
2023-03-20,5.15,1.4,28.4,cloudy
2023-03-21,5.1,3.7,33.5,cloudy
2023-03-22,6.0,7.5,50.3,stormy
2023-03-23,5.7,6.5,49.2,rainy
2023-03-24,6.25,6.5,47.4,rainy
2023-03-25,6.55,0.8,44.0,cloudy
2023-03-26,5.45,0.0,43.5,cloudy
2023-03-27,3.9,2.9,59.2,stormy
2023-03-28,5.1,1.3,39.5,cloudy
2023-03-29,6.0,6.9,41.8,rainy
2023-03-30,7.7,8.2,41.8,rainy
2023-03-31,7.300000000000001,4.4,30.7,cloudy
2023-04-01,6.1,3.5,47.6,cloudy
2023-04-02,4.9,0.0,29.1,cloudy
2023-04-03,4.6,0.0,23.8,cloudy
2023-04-04,4.2,0.0,22.5,cloudy
2023-04-05,4.5,0.0,22.0,cloudy
2023-04-06,6.300000000000001,0.0,34.9,cloudy
2023-04-07,6.3,0.0,30.8,cloudy
2023-04-08,7.550000000000001,0.0,19.2,cloudy
2023-04-09,6.35,0.0,21.3,cloudy
2023-04-10,9.2,5.6,46.5,rainy
2023-04-11,7.5,1.4,38.7,cloudy
2023-04-12,7.2,8.5,41.1,rainy
2023-04-13,7.4,2.8,48.2,cloudy
2023-04-14,7.95,0.0,27.2,cloudy
2023-04-15,8.6,2.0,32.5,cloudy
2023-04-16,8.5,0.8,22.0,cloudy
2023-04-17,8.85,0.0,25.9,cloudy
2023-04-18,8.55,0.0,28.2,cloudy
2023-04-19,9.15,0.0,32.4,cloudy
2023-04-20,10.100000000000001,0.0,37.3,cloudy
2023-04-21,11.4,0.0,33.5,cloudy
2023-04-22,11.95,3.5,41.2,cloudy
2023-04-23,9.649999999999999,0.2,26.8,cloudy
2023-04-24,9.15,16.0,43.8,rainy
2023-04-25,7.1,2.3,52.6,stormy
2023-04-26,6.65,1.4,49.5,cloudy
2023-04-27,7.15,0.2,37.7,cloudy
2023-04-28,7.65,1.6,25.2,cloudy
2023-04-29,7.800000000000001,0.0,35.8,cloudy
2023-04-30,7.6499999999999995,0.0,33.9,cloudy
2023-05-01,8.75,0.5,34.4,cloudy
2023-05-02,7.6,0.0,43.3,cloudy
2023-05-03,7.8500000000000005,0.0,31.3,cloudy
2023-05-04,8.55,0.0,28.4,cloudy
2023-05-05,8.65,4.3,51.7,stormy
2023-05-06,8.2,7.2,42.9,rainy
2023-05-07,10.100000000000001,0.0,37.3,cloudy
2023-05-08,11.25,0.6,33.1,cloudy
2023-05-09,13.0,0.2,32.9,cloudy
2023-05-10,11.65,2.1,32.8,cloudy
2023-05-11,11.45,0.5,21.4,cloudy
2023-05-12,13.75,0.0,27.2,cloudy
2023-05-13,12.399999999999999,0.0,25.2,cloudy
2023-05-14,12.95,0.0,17.3,cloudy
2023-05-15,11.3,0.0,43.1,cloudy
2023-05-16,10.05,1.3,50.1,stormy
2023-05-17,8.75,0.2,53.0,stormy
2023-05-18,9.7,0.0,28.3,cloudy
2023-05-19,11.5,0.0,23.6,cloudy
2023-05-20,12.4,0.0,29.6,cloudy
2023-05-21,14.25,0.0,29.9,cloudy
2023-05-22,15.55,13.5,34.1,rainy
2023-05-23,12.25,3.5,58.2,stormy
2023-05-24,11.05,0.2,53.1,stormy
2023-05-25,11.1,0.0,44.7,cloudy
2023-05-26,10.9,0.0,40.2,cloudy
2023-05-27,10.4,0.0,27.5,cloudy
2023-05-28,11.350000000000001,0.0,36.6,cloudy
2023-05-29,10.85,0.0,45.8,cloudy
2023-05-30,12.15,0.5,41.0,cloudy
2023-05-31,11.55,0.0,46.0,cloudy
2023-06-01,12.05,0.0,44.9,cloudy
2023-06-02,13.3,0.0,31.3,cloudy
2023-06-03,12.7,0.0,24.1,cloudy
2023-06-04,11.2,0.1,23.4,cloudy
2023-06-05,11.45,0.0,22.7,cloudy
2023-06-06,11.6,0.0,23.3,cloudy
2023-06-07,12.05,0.0,24.2,cloudy
2023-06-08,12.3,0.0,34.8,cloudy
2023-06-09,14.0,0.0,25.7,cloudy
2023-06-10,16.2,0.0,35.2,cloudy
2023-06-11,17.0,0.0,36.4,cloudy
2023-06-12,17.0,0.0,28.0,cloudy
2023-06-13,16.549999999999997,0.0,27.7,cloudy
2023-06-14,15.95,0.0,28.8,cloudy
2023-06-15,16.4,0.1,27.8,cloudy
2023-06-16,15.899999999999999,0.0,27.6,cloudy
2023-06-17,15.5,0.0,22.6,cloudy
2023-06-18,16.05,0.0,17.4,cloudy
2023-06-19,17.8,0.2,32.2,cloudy
2023-06-20,18.85,0.0,26.4,cloudy
2023-06-21,17.9,1.5,32.1,cloudy
2023-06-22,17.3,0.0,23.6,cloudy
2023-06-23,17.200000000000003,0.0,29.7,cloudy
2023-06-24,17.0,0.0,28.5,cloudy
2023-06-25,19.1,0.0,25.9,cloudy
2023-06-26,18.95,6.0,47.6,rainy
2023-06-27,16.95,2.1,41.2,cloudy
2023-06-28,17.5,0.5,35.2,cloudy
2023-06-29,17.85,3.7,35.6,cloudy
2023-06-30,16.55,0.2,32.0,cloudy
2023-07-01,16.75,9.4,47.7,rainy
2023-07-02,16.2,3.8,59.2,stormy
2023-07-03,15.0,9.5,55.8,stormy
2023-07-04,15.1,4.3,50.9,stormy
2023-07-05,15.149999999999999,14.4,58.4,stormy
2023-07-06,15.55,1.4,57.3,stormy
2023-07-07,16.9,0.0,24.6,cloudy
2023-07-08,18.1,0.0,24.2,cloudy
2023-07-09,19.7,0.1,29.6,cloudy
2023-07-10,17.65,5.2,24.7,rainy
2023-07-11,18.75,0.3,37.4,cloudy
2023-07-12,17.700000000000003,5.5,38.0,rainy
2023-07-13,16.85,20.5,35.7,rainy
2023-07-14,18.0,0.7,25.1,cloudy
2023-07-15,19.1,4.0,36.0,cloudy
2023-07-16,18.15,1.7,57.1,stormy
2023-07-17,17.55,8.5,46.6,rainy
2023-07-18,16.55,0.7,39.1,cloudy
2023-07-19,15.55,1.1,30.1,cloudy
2023-07-20,15.649999999999999,3.5,39.6,cloudy
2023-07-21,15.25,9.5,31.7,rainy
2023-07-22,15.15,3.2,30.9,cloudy
2023-07-23,17.35,22.8,54.9,stormy
2023-07-24,17.05,4.3,50.1,stormy
2023-07-25,15.75,1.1,37.5,cloudy
2023-07-26,15.3,3.3,38.8,cloudy
2023-07-27,15.85,5.4,36.7,rainy
2023-07-28,16.450000000000003,0.5,18.9,cloudy
2023-07-29,17.549999999999997,0.9,27.7,cloudy
2023-07-30,16.7,10.3,37.4,rainy
2023-07-31,16.55,13.8,39.0,rainy
2023-08-01,16.700000000000003,8.5,28.3,rainy
2023-08-02,17.0,14.1,38.1,rainy
2023-08-03,17.05,1.1,40.3,cloudy
2023-08-04,16.799999999999997,0.4,36.7,cloudy
2023-08-05,16.4,0.9,29.1,cloudy
2023-08-06,17.1,4.1,32.5,cloudy
2023-08-07,16.3,3.3,69.7,stormy
2023-08-08,14.95,6.3,67.2,stormy
2023-08-09,15.35,0.9,56.8,stormy
2023-08-10,16.0,0.2,38.3,cloudy
2023-08-11,17.950000000000003,0.0,29.6,cloudy
2023-08-12,17.4,5.3,25.7,rainy
2023-08-13,17.55,0.0,30.4,cloudy
2023-08-14,17.549999999999997,0.0,17.7,cloudy
2023-08-15,17.85,0.5,32.7,cloudy
2023-08-16,17.0,1.0,33.9,cloudy
2023-08-17,16.9,0.0,28.4,cloudy
2023-08-18,17.75,0.0,26.4,cloudy
2023-08-19,20.1,7.6,34.7,rainy
2023-08-20,18.35,0.0,21.2,cloudy
2023-08-21,18.1,0.2,21.6,cloudy
2023-08-22,18.799999999999997,0.0,23.7,cloudy
2023-08-23,18.5,1.6,29.0,cloudy
2023-08-24,18.5,3.5,29.0,cloudy
2023-08-25,18.5,3.2,28.9,cloudy
2023-08-26,16.85,3.6,29.3,cloudy
2023-08-27,16.25,14.2,30.9,rainy
2023-08-28,16.1,1.9,30.3,cloudy
2023-08-29,16.4,1.2,20.5,cloudy
2023-08-30,16.45,11.7,30.7,rainy
2023-08-31,15.399999999999999,5.3,32.1,rainy
2023-09-01,17.25,0.0,21.5,cloudy
2023-09-02,17.1,0.0,30.8,cloudy
2023-09-03,17.3,0.0,33.6,cloudy
2023-09-04,18.1,0.0,27.3,cloudy
2023-09-05,17.950000000000003,0.0,21.4,cloudy
2023-09-06,19.25,0.0,27.0,cloudy
2023-09-07,20.35,0.0,28.7,cloudy
2023-09-08,20.2,0.0,25.5,cloudy
2023-09-09,19.95,0.0,19.7,cloudy
2023-09-10,18.65,0.0,17.9,cloudy
2023-09-11,20.3,0.0,27.1,cloudy
2023-09-12,18.0,1.5,32.3,cloudy
2023-09-13,16.35,1.0,37.2,cloudy
2023-09-14,16.7,0.5,30.5,cloudy
2023-09-15,17.35,0.0,29.2,cloudy
2023-09-16,16.95,0.0,23.5,cloudy
2023-09-17,18.65,6.0,37.7,rainy
2023-09-18,18.35,3.1,60.1,stormy
2023-09-19,16.55,13.6,79.1,stormy
2023-09-20,18.7,1.8,55.5,stormy
2023-09-21,17.5,21.3,45.4,rainy
2023-09-22,16.05,19.0,33.9,rainy
2023-09-23,15.15,11.4,31.2,rainy
2023-09-24,16.4,0.0,35.3,cloudy
2023-09-25,16.8,0.0,41.5,cloudy
2023-09-26,16.25,0.0,22.4,cloudy
2023-09-27,17.049999999999997,0.0,25.8,cloudy
2023-09-28,17.5,0.0,33.2,cloudy
2023-09-29,16.85,3.3,42.8,cloudy
2023-09-30,16.35,0.1,42.1,cloudy
2023-10-01,16.55,6.5,31.4,rainy
2023-10-02,16.6,2.8,29.3,cloudy
2023-10-03,15.85,9.7,49.6,rainy
2023-10-04,15.7,2.0,54.6,stormy
2023-10-05,15.3,7.7,58.6,stormy
2023-10-06,16.549999999999997,2.7,57.8,stormy
2023-10-07,14.65,2.5,49.3,cloudy
2023-10-08,12.45,0.5,36.1,cloudy
2023-10-09,12.15,3.7,33.2,cloudy
2023-10-10,14.95,0.8,40.5,cloudy
2023-10-11,15.350000000000001,4.0,52.4,stormy
2023-10-12,13.850000000000001,0.0,50.2,stormy
2023-10-13,14.549999999999999,14.6,65.2,stormy
2023-10-14,11.95,3.2,61.6,stormy
2023-10-15,10.7,4.1,57.0,stormy
2023-10-16,10.899999999999999,1.2,43.6,cloudy
2023-10-17,12.2,0.1,20.6,cloudy
2023-10-18,11.25,0.0,41.8,cloudy
2023-10-19,9.8,6.7,50.0,rainy
2023-10-20,7.95,20.8,78.5,stormy
2023-10-21,10.649999999999999,8.1,49.8,rainy
2023-10-22,11.600000000000001,1.5,37.2,cloudy
2023-10-23,10.649999999999999,0.0,29.8,cloudy
2023-10-24,9.55,11.1,40.8,rainy
2023-10-25,10.5,5.8,41.8,rainy
2023-10-26,9.2,0.0,30.8,cloudy
2023-10-27,8.85,0.1,34.2,cloudy
2023-10-28,9.149999999999999,5.2,39.3,rainy
2023-10-29,11.0,20.9,53.0,stormy
2023-10-30,11.600000000000001,1.4,48.1,cloudy
2023-10-31,8.600000000000001,15.3,37.6,rainy
2023-11-01,8.1,3.9,43.3,cloudy
2023-11-02,10.600000000000001,7.8,52.5,stormy
2023-11-03,10.3,4.3,51.6,stormy
2023-11-04,9.9,1.5,44.3,cloudy
2023-11-05,9.15,14.2,42.1,rainy
2023-11-06,10.0,7.9,35.4,rainy
2023-11-07,10.15,3.3,40.5,cloudy
2023-11-08,10.1,8.4,53.5,stormy
2023-11-09,9.899999999999999,7.6,48.9,rainy
2023-11-10,9.0,5.7,41.6,rainy
2023-11-11,7.85,1.2,20.2,cloudy
2023-11-12,7.1,7.9,23.3,rainy
2023-11-13,8.100000000000001,9.8,53.0,stormy
2023-11-14,8.600000000000001,5.5,57.6,stormy
2023-11-15,6.3,2.4,41.1,cloudy
2023-11-16,5.449999999999999,0.0,51.9,stormy
2023-11-17,5.050000000000001,0.0,35.1,cloudy
2023-11-18,4.9,4.8,49.4,cloudy
2023-11-19,8.100000000000001,6.8,49.7,rainy
2023-11-20,7.5,0.2,25.0,cloudy
2023-11-21,5.199999999999999,0.4,28.2,cloudy
2023-11-22,7.15,9.6,60.6,stormy
2023-11-23,9.25,2.8,66.8,stormy
2023-11-24,5.35,5.5,65.2,stormy
2023-11-25,5.35,3.1,45.3,cloudy
2023-11-26,4.25,1.7,34.1,cloudy
2023-11-27,2.6,4.6,43.4,cloudy
2023-11-28,-0.75,2.8,41.9,cloudy
2023-11-29,-1.35,0.3,37.0,cloudy
2023-11-30,-0.65,0.9,26.2,cloudy
2023-12-01,-0.3,0.1,26.5,cloudy
2023-12-02,-0.65,0.0,27.1,cloudy
2023-12-03,2.3,0.0,31.9,cloudy
2023-12-04,0.7000000000000001,1.6,32.3,cloudy
2023-12-05,1.1,0.9,36.9,cloudy
2023-12-06,1.5,9.0,30.5,rainy
2023-12-07,1.1500000000000001,0.8,26.8,cloudy
2023-12-08,0.7999999999999999,2.7,38.7,cloudy
2023-12-09,3.5500000000000003,3.6,40.0,cloudy
2023-12-10,5.0,8.6,45.3,rainy
2023-12-11,4.35,4.9,24.4,cloudy
2023-12-12,3.45,0.0,36.5,cloudy
2023-12-13,2.2,6.0,42.9,rainy
2023-12-14,2.6,0.5,28.5,cloudy
2023-12-15,5.6,0.5,32.8,cloudy
2023-12-16,6.65,0.0,46.5,cloudy
2023-12-17,6.85,0.0,50.6,stormy
2023-12-18,7.300000000000001,1.1,47.7,cloudy
2023-12-19,7.1,3.2,45.1,cloudy
2023-12-20,5.9,8.9,48.7,rainy
2023-12-21,6.550000000000001,9.0,82.8,stormy
2023-12-22,4.3,3.1,71.9,stormy
2023-12-23,4.7,1.0,53.3,stormy
2023-12-24,6.45,6.5,64.7,stormy
2023-12-25,7.0,1.6,59.3,stormy
2023-12-26,6.45,1.9,50.3,stormy
2023-12-27,4.9,8.6,51.2,stormy
2023-12-28,7.550000000000001,6.2,66.7,stormy
2023-12-29,6.8,2.7,59.4,stormy
2023-12-30,5.75,2.0,41.7,cloudy
2023-12-31,6.4,4.4,40.8,cloudy
2024-01-01,5.95,2.0,38.9,cloudy
2024-01-02,5.35,12.9,51.8,stormy
2024-01-03,3.3499999999999996,11.7,57.8,stormy
2024-01-04,0.09999999999999998,0.5,46.9,cloudy
2024-01-05,-0.95,3.4,48.3,cloudy
2024-01-06,-0.9999999999999999,0.0,39.9,cloudy
2024-01-07,-2.2,0.0,36.4,cloudy
2024-01-08,-2.0,0.0,34.6,cloudy
2024-01-09,-1.35,0.0,18.4,cloudy
2024-01-10,0.25,0.0,11.9,partly_cloudy
2024-01-11,1.35,0.0,20.6,cloudy
2024-01-12,1.9500000000000002,0.0,37.9,cloudy
2024-01-13,3.7,1.8,50.1,stormy
2024-01-14,3.1500000000000004,1.2,51.6,stormy
2024-01-15,1.05,1.3,59.1,stormy
2024-01-16,0.34999999999999987,2.3,33.7,cloudy
2024-01-17,2.55,4.1,62.1,stormy
2024-01-18,2.15,0.2,41.3,cloudy
2024-01-19,2.9000000000000004,9.9,54.4,stormy
2024-01-20,3.7,0.0,55.4,stormy
2024-01-21,3.4000000000000004,3.1,61.8,stormy
2024-01-22,5.75,8.8,75.3,stormy
2024-01-23,5.449999999999999,7.7,61.0,stormy
2024-01-24,7.1499999999999995,7.8,66.7,stormy
2024-01-25,5.15,0.0,58.3,stormy
2024-01-26,5.6,9.6,59.3,stormy
2024-01-27,5.4,0.0,42.4,cloudy
2024-01-28,4.6,0.0,38.2,cloudy
2024-01-29,5.25,0.0,37.6,cloudy
2024-01-30,5.5,0.8,45.8,cloudy
2024-01-31,5.45,2.5,58.1,stormy
2024-02-01,5.85,1.1,54.8,stormy
2024-02-02,6.2,1.0,49.0,cloudy
2024-02-03,6.75,0.0,47.4,cloudy
2024-02-04,6.4,1.7,51.7,stormy
2024-02-05,6.2,6.4,58.1,stormy
2024-02-06,6.550000000000001,15.7,56.2,stormy
2024-02-07,4.3,1.6,50.1,stormy
2024-02-08,3.55,1.8,41.6,cloudy
2024-02-09,2.5,11.4,55.8,stormy
2024-02-10,3.95,1.2,40.8,cloudy
2024-02-11,4.300000000000001,1.7,45.5,cloudy
2024-02-12,4.7,2.7,28.3,cloudy
2024-02-13,5.3,0.3,36.7,cloudy
2024-02-14,5.199999999999999,2.1,31.8,cloudy
2024-02-15,5.95,7.1,29.1,rainy
2024-02-16,6.1,2.3,37.1,cloudy
2024-02-17,4.800000000000001,0.0,37.7,cloudy
2024-02-18,4.9,28.0,40.3,rainy
2024-02-19,5.300000000000001,0.8,39.6,cloudy
2024-02-20,5.35,0.2,41.6,cloudy
2024-02-21,5.9,7.8,47.4,rainy
2024-02-22,6.9,8.4,51.4,stormy
2024-02-23,6.0,9.7,81.4,stormy
2024-02-24,5.15,0.9,37.7,cloudy
2024-02-25,4.75,3.3,38.5,cloudy
2024-02-26,4.8,0.0,25.6,cloudy
2024-02-27,3.2,0.0,28.2,cloudy
2024-02-28,5.050000000000001,0.7,37.1,cloudy
2024-02-29,6.05,10.4,45.4,rainy
2024-03-01,5.9,0.4,34.3,cloudy
2024-03-02,6.5,0.0,32.8,cloudy
2024-03-03,6.8,0.0,29.3,cloudy
2024-03-04,6.15,0.0,37.7,cloudy
2024-03-05,3.95,0.0,38.5,cloudy
2024-03-06,3.9000000000000004,0.0,28.7,cloudy
2024-03-07,3.0999999999999996,0.0,30.1,cloudy
2024-03-08,3.25,0.0,37.1,cloudy
2024-03-09,4.65,0.0,41.0,cloudy
2024-03-10,4.8,0.0,42.5,cloudy
2024-03-11,5.2,0.2,42.4,cloudy
2024-03-12,4.75,0.7,28.6,cloudy
2024-03-13,6.1,0.1,33.9,cloudy
2024-03-14,7.3999999999999995,0.1,35.7,cloudy
2024-03-15,7.449999999999999,0.0,41.0,cloudy
2024-03-16,6.05,0.5,44.5,cloudy
2024-03-17,4.1,0.0,32.3,cloudy
2024-03-18,5.1,0.8,36.5,cloudy
2024-03-19,5.9,1.5,31.8,cloudy
2024-03-20,5.449999999999999,3.7,20.4,cloudy
2024-03-21,5.8,3.0,41.5,cloudy
2024-03-22,6.85,5.1,37.2,rainy
2024-03-23,6.0,1.4,44.6,cloudy
2024-03-24,5.85,2.2,40.3,cloudy
2024-03-25,5.7,0.7,35.9,cloudy
2024-03-26,6.6,0.0,27.9,cloudy
2024-03-27,7.3,1.4,26.3,cloudy
2024-03-28,6.9,4.0,33.8,cloudy
2024-03-29,8.05,0.1,42.3,cloudy
2024-03-30,9.95,2.1,32.8,cloudy
2024-03-31,7.55,2.4,26.7,cloudy
2024-04-01,7.45,15.7,26.3,rainy
2024-04-02,5.9,8.0,35.3,rainy
2024-04-03,4.8,1.9,38.0,cloudy
2024-04-04,7.949999999999999,5.8,42.1,rainy
2024-04-05,8.649999999999999,12.6,49.5,rainy
2024-04-06,11.3,0.0,40.1,cloudy
2024-04-07,10.7,3.9,43.6,cloudy
2024-04-08,9.05,0.6,25.9,cloudy
2024-04-09,9.5,1.5,52.7,stormy
2024-04-10,9.05,0.5,55.1,stormy
2024-04-11,10.15,3.0,50.1,stormy
2024-04-12,10.0,5.6,43.9,rainy
2024-04-13,10.05,0.2,38.1,cloudy
2024-04-14,9.100000000000001,0.6,48.7,cloudy
2024-04-15,7.5,12.5,37.8,rainy
2024-04-16,7.949999999999999,3.3,36.2,cloudy
2024-04-17,7.35,1.5,31.4,cloudy
2024-04-18,7.3,1.8,35.1,cloudy
2024-04-19,7.9,6.5,45.1,rainy
2024-04-20,5.6,2.4,38.5,cloudy
2024-04-21,6.55,0.0,29.6,cloudy
2024-04-22,5.5,0.0,33.9,cloudy
2024-04-23,6.7,5.9,48.3,rainy
2024-04-24,5.5,5.5,29.4,rainy
2024-04-25,5.6,2.2,21.5,cloudy
2024-04-26,5.15,4.7,32.8,cloudy
2024-04-27,8.7,0.0,34.4,cloudy
2024-04-28,11.1,0.7,42.2,cloudy
2024-04-29,10.5,0.0,37.0,cloudy
2024-04-30,12.55,6.0,33.2,rainy
2024-05-01,13.2,0.0,38.4,cloudy
2024-05-02,14.100000000000001,0.0,36.8,cloudy
2024-05-03,13.9,0.3,34.5,cloudy
2024-05-04,11.85,0.0,20.5,cloudy
2024-05-05,11.5,11.0,48.4,rainy
2024-05-06,10.850000000000001,0.1,31.5,cloudy
2024-05-07,12.399999999999999,0.0,26.1,cloudy
2024-05-08,10.95,0.0,22.7,cloudy
2024-05-09,11.2,0.7,23.2,cloudy
2024-05-10,11.100000000000001,0.0,27.2,cloudy
2024-05-11,11.65,0.0,22.5,cloudy
2024-05-12,13.2,0.0,33.9,cloudy
2024-05-13,15.2,0.0,38.0,cloudy
2024-05-14,16.3,0.0,37.6,cloudy
2024-05-15,16.9,0.0,37.0,cloudy
2024-05-16,16.549999999999997,0.0,44.0,cloudy
2024-05-17,16.45,0.0,33.9,cloudy
2024-05-18,15.95,0.0,30.7,cloudy
2024-05-19,15.649999999999999,0.0,32.6,cloudy
2024-05-20,16.3,0.0,27.7,cloudy
2024-05-21,16.15,0.0,36.9,cloudy
2024-05-22,17.15,2.0,39.8,cloudy
2024-05-23,14.85,8.2,27.7,rainy
2024-05-24,15.4,0.0,25.2,cloudy
2024-05-25,15.3,0.0,25.3,cloudy
2024-05-26,16.5,0.0,21.7,cloudy
2024-05-27,15.55,0.0,29.0,cloudy
2024-05-28,14.399999999999999,7.2,27.2,rainy
2024-05-29,15.15,34.5,43.9,rainy
2024-05-30,15.15,7.9,29.4,rainy
2024-05-31,16.35,8.0,29.8,rainy
2024-06-01,16.4,0.0,35.9,cloudy
2024-06-02,14.75,0.0,44.9,cloudy
2024-06-03,14.4,1.0,38.2,cloudy
2024-06-04,15.35,4.8,47.5,cloudy
2024-06-05,13.7,12.8,50.0,rainy
2024-06-06,12.8,2.2,40.9,cloudy
2024-06-07,13.15,2.2,35.8,cloudy
2024-06-08,13.55,15.8,45.1,rainy
2024-06-09,11.8,4.4,50.0,cloudy
2024-06-10,12.4,1.8,46.1,cloudy
2024-06-11,12.55,1.0,43.1,cloudy
2024-06-12,11.4,0.9,39.2,cloudy
2024-06-13,12.1,2.7,31.0,cloudy
2024-06-14,14.65,5.0,34.1,cloudy
2024-06-15,14.45,10.4,44.9,rainy
2024-06-16,14.45,3.9,42.5,cloudy
2024-06-17,14.7,0.4,30.1,cloudy
2024-06-18,14.0,0.3,29.7,cloudy
2024-06-19,13.350000000000001,0.1,35.1,cloudy
2024-06-20,13.149999999999999,0.0,25.6,cloudy
2024-06-21,15.25,5.7,26.0,rainy
2024-06-22,14.8,3.1,28.3,cloudy
2024-06-23,15.35,0.5,26.3,cloudy
2024-06-24,15.5,0.0,17.8,cloudy
2024-06-25,17.55,0.0,18.8,cloudy
2024-06-26,19.0,0.0,23.9,cloudy
2024-06-27,19.85,0.0,25.6,cloudy
2024-06-28,17.200000000000003,1.2,45.3,cloudy
2024-06-29,16.85,0.2,31.4,cloudy
2024-06-30,16.7,1.2,34.5,cloudy
2024-07-01,15.25,2.0,38.7,cloudy
2024-07-02,14.9,5.1,43.3,rainy
2024-07-03,14.4,2.0,40.0,cloudy
2024-07-04,14.55,24.6,54.0,stormy
2024-07-05,14.75,3.2,49.3,cloudy
2024-07-06,15.45,17.4,69.9,stormy
2024-07-07,15.35,5.5,54.1,stormy
2024-07-08,15.0,7.7,41.4,rainy
2024-07-09,16.9,0.2,34.2,cloudy
2024-07-10,18.4,2.1,36.8,cloudy
2024-07-11,16.65,0.4,26.7,cloudy
2024-07-12,16.5,3.8,51.0,stormy
2024-07-13,17.1,5.1,47.0,rainy
2024-07-14,15.9,19.6,51.0,stormy
2024-07-15,16.35,10.6,48.1,rainy
2024-07-16,17.049999999999997,18.5,35.6,rainy
2024-07-17,16.65,1.8,45.2,cloudy
2024-07-18,16.3,0.2,26.8,cloudy
2024-07-19,16.200000000000003,0.0,13.7,partly_cloudy
2024-07-20,19.7,0.0,29.7,cloudy
2024-07-21,19.65,1.7,30.1,cloudy
2024-07-22,17.65,8.2,37.6,rainy
2024-07-23,18.3,13.7,36.0,rainy
2024-07-24,16.95,0.0,39.5,cloudy
2024-07-25,17.95,4.0,30.7,cloudy
2024-07-26,18.1,23.1,36.9,rainy
2024-07-27,17.35,0.1,18.0,cloudy
2024-07-28,17.25,0.2,32.8,cloudy
2024-07-29,17.450000000000003,0.0,25.8,cloudy
2024-07-30,18.0,0.0,15.6,cloudy
2024-07-31,18.200000000000003,0.0,31.2,cloudy
2024-08-01,17.4,0.0,32.1,cloudy
2024-08-02,17.799999999999997,0.4,26.8,cloudy
2024-08-03,17.95,0.4,26.7,cloudy
2024-08-04,17.7,5.8,35.7,rainy
2024-08-05,18.35,0.4,26.4,cloudy
2024-08-06,19.2,0.0,24.2,cloudy
2024-08-07,19.200000000000003,3.7,25.9,cloudy
2024-08-08,18.65,0.8,30.3,cloudy
2024-08-09,19.45,9.5,52.7,stormy
2024-08-10,18.65,1.7,43.7,cloudy
2024-08-11,17.95,0.1,38.2,cloudy
2024-08-12,17.8,0.0,28.1,cloudy
2024-08-13,19.9,0.0,33.4,cloudy
2024-08-14,20.35,0.1,25.9,cloudy
2024-08-15,19.0,0.1,34.2,cloudy
2024-08-16,18.2,12.6,31.8,rainy
2024-08-17,17.5,0.0,21.3,cloudy
2024-08-18,18.1,0.1,31.8,cloudy
2024-08-19,18.15,0.1,30.3,cloudy
2024-08-20,19.299999999999997,0.3,32.6,cloudy
2024-08-21,17.25,17.8,47.9,rainy
2024-08-22,18.45,8.5,54.7,stormy
2024-08-23,18.8,6.2,66.8,stormy
2024-08-24,18.549999999999997,10.1,37.4,rainy
2024-08-25,17.15,3.2,42.9,cloudy
2024-08-26,17.35,4.2,46.3,cloudy
2024-08-27,18.4,0.0,28.8,cloudy
2024-08-28,19.15,0.0,28.0,cloudy
2024-08-29,18.950000000000003,0.0,27.4,cloudy
2024-08-30,17.15,0.1,25.8,cloudy
2024-08-31,17.1,0.0,25.0,cloudy
2024-09-01,17.2,0.0,28.9,cloudy
2024-09-02,18.2,0.4,32.4,cloudy
2024-09-03,18.35,0.1,28.7,cloudy
2024-09-04,19.1,1.3,24.2,cloudy
2024-09-05,21.4,0.0,38.0,cloudy
2024-09-06,21.200000000000003,0.0,34.1,cloudy
2024-09-07,20.5,0.0,29.0,cloudy
2024-09-08,19.85,0.7,22.4,cloudy
2024-09-09,17.5,3.0,46.5,cloudy
2024-09-10,16.05,11.9,61.9,stormy
2024-09-11,13.85,3.0,34.9,cloudy
2024-09-12,13.05,9.9,38.5,rainy
2024-09-13,14.0,1.4,38.8,cloudy
2024-09-14,15.25,0.0,37.3,cloudy
2024-09-15,15.7,0.1,20.2,cloudy
2024-09-16,15.7,0.1,30.3,cloudy
2024-09-17,14.899999999999999,0.0,27.7,cloudy
2024-09-18,15.5,0.0,19.3,cloudy
2024-09-19,15.95,0.0,27.1,cloudy
2024-09-20,17.15,0.0,30.1,cloudy
2024-09-21,17.05,0.0,23.4,cloudy
2024-09-22,16.6,0.0,22.3,cloudy
2024-09-23,16.15,0.4,27.3,cloudy
2024-09-24,16.55,5.5,41.2,rainy
2024-09-25,15.1,2.5,42.9,cloudy
2024-09-26,14.399999999999999,17.0,34.5,rainy
2024-09-27,14.35,22.6,54.4,stormy
2024-09-28,11.95,5.6,51.9,stormy
2024-09-29,13.2,0.1,38.6,cloudy
2024-09-30,12.25,0.0,49.4,cloudy
2024-10-01,12.2,4.9,52.1,stormy
2024-10-02,11.75,0.0,41.4,cloudy
2024-10-03,11.7,0.0,31.7,cloudy
2024-10-04,11.100000000000001,0.0,12.7,partly_cloudy
2024-10-05,9.7,0.0,18.5,cloudy
2024-10-06,11.05,0.0,31.8,cloudy
2024-10-07,11.6,2.6,36.8,cloudy
2024-10-08,12.85,8.4,32.4,rainy
2024-10-09,13.100000000000001,1.8,29.5,cloudy
2024-10-10,11.5,1.8,56.1,stormy
2024-10-11,11.5,8.3,48.4,rainy
2024-10-12,11.85,0.5,44.4,cloudy
2024-10-13,11.0,13.9,59.9,stormy
2024-10-14,10.75,0.7,46.5,cloudy
2024-10-15,10.0,0.0,27.4,cloudy
2024-10-16,10.35,0.0,41.2,cloudy
2024-10-17,11.35,2.1,37.0,cloudy
2024-10-18,12.4,0.3,24.6,cloudy
2024-10-19,12.05,7.0,28.9,rainy
2024-10-20,13.2,3.0,49.0,cloudy
2024-10-21,13.2,0.4,48.3,cloudy
2024-10-22,12.05,5.1,34.0,rainy
2024-10-23,12.2,0.0,27.9,cloudy
2024-10-24,11.55,0.0,28.9,cloudy
2024-10-25,11.399999999999999,0.0,27.1,cloudy
2024-10-26,12.05,0.0,30.2,cloudy
2024-10-27,12.55,5.0,30.2,cloudy
2024-10-28,12.649999999999999,4.2,38.9,cloudy
2024-10-29,12.4,1.3,21.9,cloudy
2024-10-30,11.850000000000001,0.0,28.5,cloudy
2024-10-31,11.95,0.2,37.3,cloudy
2024-11-01,11.3,0.0,49.7,cloudy
2024-11-02,9.2,0.0,45.4,cloudy
2024-11-03,11.3,0.0,30.2,cloudy
2024-11-04,10.45,0.0,23.0,cloudy
2024-11-05,9.05,0.0,17.7,cloudy
2024-11-06,7.95,0.0,18.8,cloudy
2024-11-07,8.65,0.2,22.0,cloudy
2024-11-08,7.8,0.5,31.7,cloudy
2024-11-09,6.35,0.1,26.4,cloudy
2024-11-10,8.15,1.0,29.7,cloudy
2024-11-11,9.2,5.0,31.4,cloudy
2024-11-12,7.0,0.0,23.4,cloudy
2024-11-13,9.1,0.7,33.6,cloudy
2024-11-14,9.95,0.0,40.5,cloudy
2024-11-15,10.65,0.5,36.9,cloudy
2024-11-16,9.899999999999999,1.5,43.7,cloudy
2024-11-17,7.9,5.7,50.7,stormy
2024-11-18,6.75,3.6,51.3,stormy
2024-11-19,4.699999999999999,4.6,21.7,cloudy
2024-11-20,4.15,1.3,34.6,cloudy
2024-11-21,3.7,3.0,32.7,cloudy
2024-11-22,4.15,5.9,45.7,rainy
2024-11-23,5.3,15.1,61.3,stormy
2024-11-24,9.55,8.5,61.4,stormy
2024-11-25,11.05,1.5,59.9,stormy
2024-11-26,8.95,0.0,49.4,cloudy
2024-11-27,5.5,26.9,61.8,stormy
2024-11-28,4.8,10.2,68.8,stormy
2024-11-29,6.0,0.0,32.9,cloudy
2024-11-30,6.0,0.0,36.8,cloudy
2024-12-01,6.1,0.0,37.1,cloudy
2024-12-02,7.55,2.2,40.4,cloudy
2024-12-03,6.0,1.1,40.8,cloudy
2024-12-04,5.05,1.8,30.4,cloudy
2024-12-05,5.0,7.4,60.3,stormy
2024-12-06,4.95,8.1,48.3,rainy
2024-12-07,4.85,6.0,44.0,rainy
2024-12-08,5.5,1.3,35.8,cloudy
2024-12-09,4.65,0.0,44.3,cloudy
2024-12-10,2.75,0.0,31.5,cloudy
2024-12-11,4.3,0.1,25.9,cloudy
2024-12-12,3.8,0.0,23.0,cloudy
2024-12-13,2.55,0.4,27.2,cloudy
2024-12-14,5.05,1.9,34.7,cloudy
2024-12-15,7.3,1.3,53.7,stormy
2024-12-16,8.5,2.8,55.0,stormy
2024-12-17,7.550000000000001,0.1,53.8,stormy
2024-12-18,7.75,2.3,61.3,stormy
2024-12-19,6.85,20.9,52.1,stormy
2024-12-20,6.9,0.3,59.8,stormy
2024-12-21,7.6,6.1,54.6,stormy
2024-12-22,6.55,1.5,42.4,cloudy
2024-12-23,6.65,1.0,61.1,stormy
2024-12-24,6.25,0.6,34.8,cloudy
2024-12-25,7.4,0.6,29.8,cloudy
2024-12-26,6.85,2.0,22.9,cloudy
2024-12-27,5.800000000000001,0.3,20.2,cloudy
2024-12-28,5.0,0.0,28.8,cloudy
2024-12-29,6.300000000000001,0.2,44.9,cloudy
2024-12-30,6.4,0.0,51.8,stormy
2024-12-31,5.9,4.4,63.4,stormy
